{
  "meta": {
    "data_version": "1.0.0",
    "created": "2021-08-26",
    "revision": 1
  },
  "info": {
    "balls_per_over": 6,
    "city": "Nottingham",
    "dates": [
      "2021-08-25"
    ],
    "event": {
      "name": "Vitality Blast",
      "stage": "Quarter Final"
    },
    "gender": "male",
    "match_type": "T20",
    "officials": {
      "match_referees": [
        "Wayne Noon"
      ],
      "tv_umpires": [
        "SJ O'Shaughnessy"
      ],
      "umpires": [
        "NA Mallender",
        "RJ Bailey"
      ]
    },
    "outcome": {
      "winner": "Hampshire",
      "by": {
        "runs": 2
      }
    },
    "overs": 20,
    "player_of_match": [
      "LA Dawson"
    ],
    "players": {
      "Hampshire": [
        "DJM Short",
        "JM Vince",
        "TJ Prest",
        "JJ Weatherley",
        "LD McManus",
        "LA Dawson",
        "JK Fuller",
        "CP Wood",
        "SW Currie",
        "MS Crane",
        "BTJ Wheal"
      ],
      "Nottinghamshire": [
        "JM Clarke",
        "AD Hales",
        "BM Duckett",
        "TJ Moores",
        "SR Patel",
        "BT Slater",
        "SJ Mullaney",
        "CG Harrison",
        "M Carter",
        "LJ Fletcher",
        "D Paterson"
      ]
    },
    "registry": {
      "people": {
        "AD Hales": "92aeac25",
        "BM Duckett": "5f26f677",
        "BT Slater": "c5f1d2a1",
        "BTJ Wheal": "3f61a062",
        "CG Harrison": "f655d740",
        "CP Wood": "1cfac535",
        "D Paterson": "462d7c62",
        "DJM Short": "1a156c88",
        "JJ Weatherley": "a05d0552",
        "JK Fuller": "dda5aae5",
        "JM Clarke": "2eca67f5",
        "JM Vince": "a15618fe",
        "LA Dawson": "4a461c24",
        "LD McManus": "6feb46a4",
        "LJ Fletcher": "e423d162",
        "M Carter": "1ca7c00f",
        "MS Crane": "f0a0204e",
        "NA Mallender": "3b5dfcd4",
        "RJ Bailey": "6bd04fa5",
        "SJ Mullaney": "0e0d43b4",
        "SJ O'Shaughnessy": "4d4fdf4a",
        "SR Patel": "18fac429",
        "SW Currie": "c5f40e35",
        "TJ Moores": "85dcb721",
        "TJ Prest": "0207ff32",
        "Wayne Noon": "736e1761"
      }
    },
    "season": "2021",
    "team_type": "club",
    "teams": [
      "Hampshire",
      "Nottinghamshire"
    ],
    "toss": {
      "decision": "field",
      "winner": "Nottinghamshire"
    },
    "venue": "Trent Bridge, Nottingham"
  },
  "innings": [
    {
      "team": "Hampshire",
      "overs": [
        {
          "over": 0,
          "deliveries": [
            {
              "batter": "DJM Short",
              "bowler": "SR Patel",
              "non_striker": "JM Vince",
              "runs": {
                "batter": 0,
                "extras": 0,
                "total": 0
              }
            },
            {
              "batter": "DJM Short",
              "bowler": "SR Patel",
              "non_striker": "JM Vince",
              "runs": {
                "batter": 0,
                "extras": 0,
                "total": 0
              }
            },
            {
              "batter": "DJM Short",
              "bowler": "SR Patel",
              "non_striker": "JM Vince",
              "runs": {
                "batter": 0,
                "extras": 0,
                "total": 0
              }
            },
            {
              "batter": "DJM Short",
              "bowler": "SR Patel",
              "non_striker": "JM Vince",
              "runs": {
                "batter": 4,
                "extras": 0,
                "total": 4
              }
            },
            {
              "batter": "DJM Short",
              "bowler": "SR Patel",
              "non_striker": "JM Vince",
              "runs": {
                "batter": 1,
                "extras": 0,
                "total": 1
              }
            },
            {
              "batter": "JM Vince",
              "bowler": "SR Patel",
              "non_striker": "DJM Short",
              "runs": {
                "batter": 1,
                "extras": 0,
                "total": 1
              }
            }
          ]
        },
        {
          "over": 1,
          "deliveries": [
            {
              "batter": "JM Vince",
              "bowler": "M Carter",
              "non_striker": "DJM Short",
              "runs": {
                "batter": 0,
                "extras": 0,
                "total": 0
              }
            },
            {
              "batter": "JM Vince",
              "bowler": "M Carter",
              "non_striker": "DJM Short",
              "runs": {
                "batter": 1,
                "extras": 0,
                "total": 1
              }
            },
            {
              "batter": "DJM Short",
              "bowler": "M Carter",
              "non_striker": "JM Vince",
              "runs": {
                "batter": 0,
                "extras": 0,
                "total": 0
              }
            },
            {
              "batter": "DJM Short",
              "bowler": "M Carter",
              "non_striker": "JM Vince",
              "runs": {
                "batter": 1,
                "extras": 0,
                "total": 1
              }
            },
            {
              "batter": "JM Vince",
              "bowler": "M Carter",
              "non_striker": "DJM Short",
              "runs": {
                "batter": 1,
                "extras": 0,
                "total": 1
              }
            },
            {
              "batter": "DJM Short",
              "bowler": "M Carter",
              "non_striker": "JM Vince",
              "runs": {
                "batter": 1,
                "extras": 0,
                "total": 1
              }
            }
          ]
        },
        {
          "over": 2,
          "deliveries": [
            {
              "batter": "DJM Short",
              "bowler": "LJ Fletcher",
              "non_striker": "JM Vince",
              "runs": {
                "batter": 0,
                "extras": 0,
                "total": 0
              }
            },
            {
              "batter": "DJM Short",
              "bowler": "LJ Fletcher",
              "non_striker": "JM Vince",
              "runs": {
                "batter": 1,
                "extras": 0,
                "total": 1
              }
            },
            {
              "batter": "JM Vince",
              "bowler": "LJ Fletcher",
              "non_striker": "DJM Short",
              "runs": {
                "batter": 1,
                "extras": 0,
                "total": 1
              }
            },
            {
              "batter": "DJM Short",
              "bowler": "LJ Fletcher",
              "non_striker": "JM Vince",
              "runs": {
                "batter": 0,
                "extras": 0,
                "total": 0
              }
            },
            {
              "batter": "DJM Short",
              "bowler": "LJ Fletcher",
              "non_striker": "JM Vince",
              "runs": {
                "batter": 1,
                "extras": 0,
                "total": 1
              }
            },
            {
              "batter": "JM Vince",
              "bowler": "LJ Fletcher",
              "non_striker": "DJM Short",
              "runs": {
                "batter": 1,
                "extras": 0,
                "total": 1
              }
            }
          ]
        },
        {
          "over": 3,
          "deliveries": [
            {
              "batter": "JM Vince",
              "bowler": "D Paterson",
              "non_striker": "DJM Short",
              "runs": {
                "batter": 1,
                "extras": 0,
                "total": 1
              }
            },
            {
              "batter": "DJM Short",
              "bowler": "D Paterson",
              "non_striker": "JM Vince",
              "runs": {
                "batter": 0,
                "extras": 0,
                "total": 0
              }
            },
            {
              "batter": "DJM Short",
              "bowler": "D Paterson",
              "non_striker": "JM Vince",
              "runs": {
                "batter": 0,
                "extras": 0,
                "total": 0
              },
              "wickets": [
                {
                  "player_out": "DJM Short",
                  "fielders": [
                    {
                      "name": "BT Slater"
                    }
                  ],
                  "kind": "caught"
                }
              ]
            },
            {
              "batter": "TJ Prest",
              "bowler": "D Paterson",
              "non_striker": "JM Vince",
              "runs": {
                "batter": 0,
                "extras": 0,
                "total": 0
              }
            },
            {
              "batter": "TJ Prest",
              "bowler": "D Paterson",
              "non_striker": "JM Vince",
              "runs": {
                "batter": 4,
                "extras": 0,
                "total": 4
              }
            },
            {
              "batter": "TJ Prest",
              "bowler": "D Paterson",
              "non_striker": "JM Vince",
              "runs": {
                "batter": 0,
                "extras": 0,
                "total": 0
              }
            }
          ]
        },
        {
          "over": 4,
          "deliveries": [
            {
              "batter": "JM Vince",
              "bowler": "SR Patel",
              "non_striker": "TJ Prest",
              "runs": {
                "batter": 0,
                "extras": 0,
                "total": 0
              }
            },
            {
              "batter": "JM Vince",
              "bowler": "SR Patel",
              "non_striker": "TJ Prest",
              "runs": {
                "batter": 0,
                "extras": 0,
                "total": 0
              },
              "wickets": [
                {
                  "player_out": "JM Vince",
                  "fielders": [
                    {
                      "name": "M Carter"
                    }
                  ],
                  "kind": "caught"
                }
              ]
            },
            {
              "batter": "JJ Weatherley",
              "bowler": "SR Patel",
              "non_striker": "TJ Prest",
              "runs": {
                "batter": 0,
                "extras": 0,
                "total": 0
              }
            },
            {
              "batter": "JJ Weatherley",
              "bowler": "SR Patel",
              "non_striker": "TJ Prest",
              "runs": {
                "batter": 0,
                "extras": 0,
                "total": 0
              }
            },
            {
              "batter": "JJ Weatherley",
              "bowler": "SR Patel",
              "non_striker": "TJ Prest",
              "runs": {
                "batter": 4,
                "extras": 0,
                "total": 4
              }
            },
            {
              "batter": "JJ Weatherley",
              "bowler": "SR Patel",
              "non_striker": "TJ Prest",
              "runs": {
                "batter": 0,
                "extras": 0,
                "total": 0
              }
            }
          ]
        },
        {
          "over": 5,
          "deliveries": [
            {
              "batter": "TJ Prest",
              "bowler": "LJ Fletcher",
              "extras": {
                "legbyes": 1
              },
              "non_striker": "JJ Weatherley",
              "runs": {
                "batter": 0,
                "extras": 1,
                "total": 1
              }
            },
            {
              "batter": "JJ Weatherley",
              "bowler": "LJ Fletcher",
              "non_striker": "TJ Prest",
              "runs": {
                "batter": 1,
                "extras": 0,
                "total": 1
              }
            },
            {
              "batter": "TJ Prest",
              "bowler": "LJ Fletcher",
              "non_striker": "JJ Weatherley",
              "runs": {
                "batter": 1,
                "extras": 0,
                "total": 1
              }
            },
            {
              "batter": "JJ Weatherley",
              "bowler": "LJ Fletcher",
              "non_striker": "TJ Prest",
              "runs": {
                "batter": 0,
                "extras": 0,
                "total": 0
              }
            },
            {
              "batter": "JJ Weatherley",
              "bowler": "LJ Fletcher",
              "non_striker": "TJ Prest",
              "runs": {
                "batter": 0,
                "extras": 0,
                "total": 0
              }
            },
            {
              "batter": "JJ Weatherley",
              "bowler": "LJ Fletcher",
              "non_striker": "TJ Prest",
              "runs": {
                "batter": 0,
                "extras": 0,
                "total": 0
              }
            }
          ]
        },
        {
          "over": 6,
          "deliveries": [
            {
              "batter": "TJ Prest",
              "bowler": "CG Harrison",
              "non_striker": "JJ Weatherley",
              "runs": {
                "batter": 1,
                "extras": 0,
                "total": 1
              }
            },
            {
              "batter": "JJ Weatherley",
              "bowler": "CG Harrison",
              "non_striker": "TJ Prest",
              "runs": {
                "batter": 1,
                "extras": 0,
                "total": 1
              }
            },
            {
              "batter": "TJ Prest",
              "bowler": "CG Harrison",
              "non_striker": "JJ Weatherley",
              "runs": {
                "batter": 4,
                "extras": 0,
                "total": 4
              }
            },
            {
              "batter": "TJ Prest",
              "bowler": "CG Harrison",
              "non_striker": "JJ Weatherley",
              "runs": {
                "batter": 0,
                "extras": 0,
                "total": 0
              }
            },
            {
              "batter": "TJ Prest",
              "bowler": "CG Harrison",
              "non_striker": "JJ Weatherley",
              "runs": {
                "batter": 1,
                "extras": 0,
                "total": 1
              }
            },
            {
              "batter": "JJ Weatherley",
              "bowler": "CG Harrison",
              "non_striker": "TJ Prest",
              "runs": {
                "batter": 0,
                "extras": 0,
                "total": 0
              }
            }
          ]
        },
        {
          "over": 7,
          "deliveries": [
            {
              "batter": "TJ Prest",
              "bowler": "M Carter",
              "non_striker": "JJ Weatherley",
              "runs": {
                "batter": 1,
                "extras": 0,
                "total": 1
              }
            },
            {
              "batter": "JJ Weatherley",
              "bowler": "M Carter",
              "non_striker": "TJ Prest",
              "runs": {
                "batter": 0,
                "extras": 0,
                "total": 0
              },
              "wickets": [
                {
                  "player_out": "JJ Weatherley",
                  "fielders": [
                    {
                      "name": "SR Patel"
                    }
                  ],
                  "kind": "caught"
                }
              ]
            },
            {
              "batter": "TJ Prest",
              "bowler": "M Carter",
              "non_striker": "LD McManus",
              "runs": {
                "batter": 1,
                "extras": 0,
                "total": 1
              }
            },
            {
              "batter": "LD McManus",
              "bowler": "M Carter",
              "non_striker": "TJ Prest",
              "runs": {
                "batter": 0,
                "extras": 0,
                "total": 0
              }
            },
            {
              "batter": "LD McManus",
              "bowler": "M Carter",
              "non_striker": "TJ Prest",
              "runs": {
                "batter": 1,
                "extras": 0,
                "total": 1
              }
            },
            {
              "batter": "TJ Prest",
              "bowler": "M Carter",
              "non_striker": "LD McManus",
              "runs": {
                "batter": 1,
                "extras": 0,
                "total": 1
              }
            }
          ]
        },
        {
          "over": 8,
          "deliveries": [
            {
              "batter": "TJ Prest",
              "bowler": "CG Harrison",
              "non_striker": "LD McManus",
              "runs": {
                "batter": 1,
                "extras": 0,
                "total": 1
              }
            },
            {
              "batter": "LD McManus",
              "bowler": "CG Harrison",
              "non_striker": "TJ Prest",
              "runs": {
                "batter": 1,
                "extras": 0,
                "total": 1
              }
            },
            {
              "batter": "TJ Prest",
              "bowler": "CG Harrison",
              "non_striker": "LD McManus",
              "runs": {
                "batter": 1,
                "extras": 0,
                "total": 1
              }
            },
            {
              "batter": "LD McManus",
              "bowler": "CG Harrison",
              "non_striker": "TJ Prest",
              "runs": {
                "batter": 0,
                "extras": 0,
                "total": 0
              }
            },
            {
              "batter": "LD McManus",
              "bowler": "CG Harrison",
              "non_striker": "TJ Prest",
              "runs": {
                "batter": 0,
                "extras": 0,
                "total": 0
              },
              "wickets": [
                {
                  "player_out": "LD McManus",
                  "kind": "bowled"
                }
              ]
            },
            {
              "batter": "LA Dawson",
              "bowler": "CG Harrison",
              "non_striker": "TJ Prest",
              "runs": {
                "batter": 0,
                "extras": 0,
                "total": 0
              },
              "wickets": [
                {
                  "player_out": "LA Dawson",
                  "kind": "caught and bowled"
                }
              ]
            }
          ]
        },
        {
          "over": 9,
          "deliveries": [
            {
              "batter": "TJ Prest",
              "bowler": "SR Patel",
              "non_striker": "JK Fuller",
              "runs": {
                "batter": 1,
                "extras": 0,
                "total": 1
              }
            },
            {
              "batter": "JK Fuller",
              "bowler": "SR Patel",
              "non_striker": "TJ Prest",
              "runs": {
                "batter": 0,
                "extras": 0,
                "total": 0
              }
            },
            {
              "batter": "JK Fuller",
              "bowler": "SR Patel",
              "non_striker": "TJ Prest",
              "runs": {
                "batter": 1,
                "extras": 0,
                "total": 1
              }
            },
            {
              "batter": "TJ Prest",
              "bowler": "SR Patel",
              "non_striker": "JK Fuller",
              "runs": {
                "batter": 1,
                "extras": 0,
                "total": 1
              }
            },
            {
              "batter": "JK Fuller",
              "bowler": "SR Patel",
              "non_striker": "TJ Prest",
              "runs": {
                "batter": 1,
                "extras": 0,
                "total": 1
              }
            },
            {
              "batter": "TJ Prest",
              "bowler": "SR Patel",
              "non_striker": "JK Fuller",
              "runs": {
                "batter": 1,
                "extras": 0,
                "total": 1
              }
            }
          ]
        },
        {
          "over": 10,
          "deliveries": [
            {
              "batter": "TJ Prest",
              "bowler": "CG Harrison",
              "non_striker": "JK Fuller",
              "runs": {
                "batter": 1,
                "extras": 0,
                "total": 1
              }
            },
            {
              "batter": "JK Fuller",
              "bowler": "CG Harrison",
              "non_striker": "TJ Prest",
              "runs": {
                "batter": 1,
                "extras": 0,
                "total": 1
              }
            },
            {
              "batter": "TJ Prest",
              "bowler": "CG Harrison",
              "non_striker": "JK Fuller",
              "runs": {
                "batter": 4,
                "extras": 0,
                "total": 4
              }
            },
            {
              "batter": "TJ Prest",
              "bowler": "CG Harrison",
              "non_striker": "JK Fuller",
              "runs": {
                "batter": 1,
                "extras": 0,
                "total": 1
              }
            },
            {
              "batter": "JK Fuller",
              "bowler": "CG Harrison",
              "non_striker": "TJ Prest",
              "runs": {
                "batter": 1,
                "extras": 0,
                "total": 1
              }
            },
            {
              "batter": "TJ Prest",
              "bowler": "CG Harrison",
              "non_striker": "JK Fuller",
              "runs": {
                "batter": 0,
                "extras": 0,
                "total": 0
              }
            }
          ]
        },
        {
          "over": 11,
          "deliveries": [
            {
              "batter": "JK Fuller",
              "bowler": "SJ Mullaney",
              "non_striker": "TJ Prest",
              "runs": {
                "batter": 0,
                "extras": 0,
                "total": 0
              }
            },
            {
              "batter": "JK Fuller",
              "bowler": "SJ Mullaney",
              "non_striker": "TJ Prest",
              "runs": {
                "batter": 1,
                "extras": 0,
                "total": 1
              }
            },
            {
              "batter": "TJ Prest",
              "bowler": "SJ Mullaney",
              "non_striker": "JK Fuller",
              "runs": {
                "batter": 1,
                "extras": 0,
                "total": 1
              }
            },
            {
              "batter": "JK Fuller",
              "bowler": "SJ Mullaney",
              "non_striker": "TJ Prest",
              "runs": {
                "batter": 6,
                "extras": 0,
                "total": 6
              }
            },
            {
              "batter": "JK Fuller",
              "bowler": "SJ Mullaney",
              "non_striker": "TJ Prest",
              "runs": {
                "batter": 1,
                "extras": 0,
                "total": 1
              }
            },
            {
              "batter": "TJ Prest",
              "bowler": "SJ Mullaney",
              "non_striker": "JK Fuller",
              "runs": {
                "batter": 0,
                "extras": 0,
                "total": 0
              }
            }
          ]
        },
        {
          "over": 12,
          "deliveries": [
            {
              "batter": "JK Fuller",
              "bowler": "CG Harrison",
              "non_striker": "TJ Prest",
              "runs": {
                "batter": 6,
                "extras": 0,
                "total": 6
              }
            },
            {
              "batter": "JK Fuller",
              "bowler": "CG Harrison",
              "non_striker": "TJ Prest",
              "runs": {
                "batter": 0,
                "extras": 0,
                "total": 0
              }
            },
            {
              "batter": "JK Fuller",
              "bowler": "CG Harrison",
              "non_striker": "TJ Prest",
              "runs": {
                "batter": 0,
                "extras": 0,
                "total": 0
              }
            },
            {
              "batter": "JK Fuller",
              "bowler": "CG Harrison",
              "non_striker": "TJ Prest",
              "runs": {
                "batter": 1,
                "extras": 0,
                "total": 1
              }
            },
            {
              "batter": "TJ Prest",
              "bowler": "CG Harrison",
              "non_striker": "JK Fuller",
              "runs": {
                "batter": 1,
                "extras": 0,
                "total": 1
              }
            },
            {
              "batter": "JK Fuller",
              "bowler": "CG Harrison",
              "non_striker": "TJ Prest",
              "runs": {
                "batter": 1,
                "extras": 0,
                "total": 1
              }
            }
          ]
        },
        {
          "over": 13,
          "deliveries": [
            {
              "batter": "JK Fuller",
              "bowler": "M Carter",
              "extras": {
                "legbyes": 1
              },
              "non_striker": "TJ Prest",
              "runs": {
                "batter": 0,
                "extras": 1,
                "total": 1
              }
            },
            {
              "batter": "TJ Prest",
              "bowler": "M Carter",
              "non_striker": "JK Fuller",
              "runs": {
                "batter": 1,
                "extras": 0,
                "total": 1
              }
            },
            {
              "batter": "JK Fuller",
              "bowler": "M Carter",
              "non_striker": "TJ Prest",
              "runs": {
                "batter": 0,
                "extras": 0,
                "total": 0
              }
            },
            {
              "batter": "JK Fuller",
              "bowler": "M Carter",
              "non_striker": "TJ Prest",
              "runs": {
                "batter": 2,
                "extras": 0,
                "total": 2
              }
            },
            {
              "batter": "JK Fuller",
              "bowler": "M Carter",
              "non_striker": "TJ Prest",
              "runs": {
                "batter": 1,
                "extras": 0,
                "total": 1
              }
            },
            {
              "batter": "TJ Prest",
              "bowler": "M Carter",
              "non_striker": "JK Fuller",
              "runs": {
                "batter": 1,
                "extras": 0,
                "total": 1
              }
            }
          ]
        },
        {
          "over": 14,
          "deliveries": [
            {
              "batter": "TJ Prest",
              "bowler": "SR Patel",
              "non_striker": "JK Fuller",
              "runs": {
                "batter": 3,
                "extras": 0,
                "total": 3
              }
            },
            {
              "batter": "JK Fuller",
              "bowler": "SR Patel",
              "non_striker": "TJ Prest",
              "runs": {
                "batter": 1,
                "extras": 0,
                "total": 1
              }
            },
            {
              "batter": "TJ Prest",
              "bowler": "SR Patel",
              "non_striker": "JK Fuller",
              "runs": {
                "batter": 1,
                "extras": 0,
                "total": 1
              }
            },
            {
              "batter": "JK Fuller",
              "bowler": "SR Patel",
              "non_striker": "TJ Prest",
              "runs": {
                "batter": 4,
                "extras": 0,
                "total": 4
              }
            },
            {
              "batter": "JK Fuller",
              "bowler": "SR Patel",
              "non_striker": "TJ Prest",
              "runs": {
                "batter": 0,
                "extras": 0,
                "total": 0
              }
            },
            {
              "batter": "JK Fuller",
              "bowler": "SR Patel",
              "non_striker": "TJ Prest",
              "runs": {
                "batter": 1,
                "extras": 0,
                "total": 1
              }
            }
          ]
        },
        {
          "over": 15,
          "deliveries": [
            {
              "batter": "JK Fuller",
              "bowler": "M Carter",
              "non_striker": "TJ Prest",
              "runs": {
                "batter": 1,
                "extras": 0,
                "total": 1
              }
            },
            {
              "batter": "TJ Prest",
              "bowler": "M Carter",
              "non_striker": "JK Fuller",
              "runs": {
                "batter": 1,
                "extras": 0,
                "total": 1
              }
            },
            {
              "batter": "JK Fuller",
              "bowler": "M Carter",
              "non_striker": "TJ Prest",
              "runs": {
                "batter": 0,
                "extras": 0,
                "total": 0
              },
              "wickets": [
                {
                  "player_out": "JK Fuller",
                  "fielders": [
                    {
                      "name": "BM Duckett"
                    }
                  ],
                  "kind": "caught"
                }
              ]
            },
            {
              "batter": "TJ Prest",
              "bowler": "M Carter",
              "non_striker": "CP Wood",
              "runs": {
                "batter": 1,
                "extras": 0,
                "total": 1
              }
            },
            {
              "batter": "CP Wood",
              "bowler": "M Carter",
              "non_striker": "TJ Prest",
              "runs": {
                "batter": 1,
                "extras": 0,
                "total": 1
              }
            },
            {
              "batter": "TJ Prest",
              "bowler": "M Carter",
              "non_striker": "CP Wood",
              "runs": {
                "batter": 1,
                "extras": 0,
                "total": 1
              }
            }
          ]
        },
        {
          "over": 16,
          "deliveries": [
            {
              "batter": "TJ Prest",
              "bowler": "D Paterson",
              "non_striker": "CP Wood",
              "runs": {
                "batter": 6,
                "extras": 0,
                "total": 6
              }
            },
            {
              "batter": "TJ Prest",
              "bowler": "D Paterson",
              "non_striker": "CP Wood",
              "runs": {
                "batter": 2,
                "extras": 0,
                "total": 2
              }
            },
            {
              "batter": "TJ Prest",
              "bowler": "D Paterson",
              "non_striker": "CP Wood",
              "runs": {
                "batter": 0,
                "extras": 0,
                "total": 0
              },
              "wickets": [
                {
                  "player_out": "TJ Prest",
                  "fielders": [
                    {
                      "name": "CG Harrison"
                    }
                  ],
                  "kind": "caught"
                }
              ]
            },
            {
              "batter": "CP Wood",
              "bowler": "D Paterson",
              "non_striker": "SW Currie",
              "runs": {
                "batter": 1,
                "extras": 0,
                "total": 1
              }
            },
            {
              "batter": "SW Currie",
              "bowler": "D Paterson",
              "non_striker": "CP Wood",
              "runs": {
                "batter": 1,
                "extras": 0,
                "total": 1
              }
            },
            {
              "batter": "CP Wood",
              "bowler": "D Paterson",
              "extras": {
                "wides": 1
              },
              "non_striker": "SW Currie",
              "runs": {
                "batter": 0,
                "extras": 1,
                "total": 1
              }
            },
            {
              "batter": "CP Wood",
              "bowler": "D Paterson",
              "extras": {
                "wides": 1
              },
              "non_striker": "SW Currie",
              "runs": {
                "batter": 0,
                "extras": 1,
                "total": 1
              }
            },
            {
              "batter": "CP Wood",
              "bowler": "D Paterson",
              "non_striker": "SW Currie",
              "runs": {
                "batter": 2,
                "extras": 0,
                "total": 2
              }
            }
          ]
        },
        {
          "over": 17,
          "deliveries": [
            {
              "batter": "SW Currie",
              "bowler": "LJ Fletcher",
              "non_striker": "CP Wood",
              "runs": {
                "batter": 1,
                "extras": 0,
                "total": 1
              }
            },
            {
              "batter": "CP Wood",
              "bowler": "LJ Fletcher",
              "non_striker": "SW Currie",
              "runs": {
                "batter": 2,
                "extras": 0,
                "total": 2
              }
            },
            {
              "batter": "CP Wood",
              "bowler": "LJ Fletcher",
              "non_striker": "SW Currie",
              "runs": {
                "batter": 1,
                "extras": 0,
                "total": 1
              }
            },
            {
              "batter": "SW Currie",
              "bowler": "LJ Fletcher",
              "extras": {
                "noballs": 2
              },
              "non_striker": "CP Wood",
              "runs": {
                "batter": 0,
                "extras": 2,
                "total": 2
              }
            },
            {
              "batter": "SW Currie",
              "bowler": "LJ Fletcher",
              "non_striker": "CP Wood",
              "runs": {
                "batter": 1,
                "extras": 0,
                "total": 1
              }
            },
            {
              "batter": "CP Wood",
              "bowler": "LJ Fletcher",
              "non_striker": "SW Currie",
              "runs": {
                "batter": 0,
                "extras": 0,
                "total": 0
              }
            },
            {
              "batter": "CP Wood",
              "bowler": "LJ Fletcher",
              "non_striker": "SW Currie",
              "runs": {
                "batter": 1,
                "extras": 0,
                "total": 1
              }
            }
          ]
        },
        {
          "over": 18,
          "deliveries": [
            {
              "batter": "CP Wood",
              "bowler": "D Paterson",
              "non_striker": "SW Currie",
              "runs": {
                "batter": 0,
                "extras": 0,
                "total": 0
              }
            },
            {
              "batter": "CP Wood",
              "bowler": "D Paterson",
              "non_striker": "SW Currie",
              "runs": {
                "batter": 1,
                "extras": 0,
                "total": 1
              }
            },
            {
              "batter": "SW Currie",
              "bowler": "D Paterson",
              "non_striker": "CP Wood",
              "runs": {
                "batter": 0,
                "extras": 0,
                "total": 0
              }
            },
            {
              "batter": "SW Currie",
              "bowler": "D Paterson",
              "non_striker": "CP Wood",
              "runs": {
                "batter": 0,
                "extras": 0,
                "total": 0
              },
              "wickets": [
                {
                  "player_out": "SW Currie",
                  "kind": "lbw"
                }
              ]
            },
            {
              "batter": "MS Crane",
              "bowler": "D Paterson",
              "non_striker": "CP Wood",
              "runs": {
                "batter": 1,
                "extras": 0,
                "total": 1
              }
            },
            {
              "batter": "CP Wood",
              "bowler": "D Paterson",
              "non_striker": "MS Crane",
              "runs": {
                "batter": 1,
                "extras": 0,
                "total": 1
              }
            }
          ]
        },
        {
          "over": 19,
          "deliveries": [
            {
              "batter": "CP Wood",
              "bowler": "LJ Fletcher",
              "non_striker": "MS Crane",
              "runs": {
                "batter": 2,
                "extras": 0,
                "total": 2
              }
            },
            {
              "batter": "CP Wood",
              "bowler": "LJ Fletcher",
              "non_striker": "MS Crane",
              "runs": {
                "batter": 0,
                "extras": 0,
                "total": 0
              },
              "wickets": [
                {
                  "player_out": "CP Wood",
                  "fielders": [
                    {
                      "name": "JM Clarke"
                    }
                  ],
                  "kind": "caught"
                }
              ]
            },
            {
              "batter": "MS Crane",
              "bowler": "LJ Fletcher",
              "non_striker": "BTJ Wheal",
              "runs": {
                "batter": 2,
                "extras": 0,
                "total": 2
              }
            },
            {
              "batter": "MS Crane",
              "bowler": "LJ Fletcher",
              "non_striker": "BTJ Wheal",
              "runs": {
                "batter": 2,
                "extras": 0,
                "total": 2
              }
            },
            {
              "batter": "MS Crane",
              "bowler": "LJ Fletcher",
              "non_striker": "BTJ Wheal",
              "runs": {
                "batter": 1,
                "extras": 0,
                "total": 1
              }
            },
            {
              "batter": "BTJ Wheal",
              "bowler": "LJ Fletcher",
              "extras": {
                "byes": 1
              },
              "non_striker": "MS Crane",
              "runs": {
                "batter": 0,
                "extras": 1,
                "total": 1
              }
            }
          ]
        }
      ],
      "powerplays": [
        {
          "from": 0.1,
          "to": 5.6,
          "type": "mandatory"
        }
      ]
    },
    {
      "team": "Nottinghamshire",
      "overs": [
        {
          "over": 0,
          "deliveries": [
            {
              "batter": "JM Clarke",
              "bowler": "CP Wood",
              "non_striker": "AD Hales",
              "runs": {
                "batter": 0,
                "extras": 0,
                "total": 0
              }
            },
            {
              "batter": "JM Clarke",
              "bowler": "CP Wood",
              "non_striker": "AD Hales",
              "runs": {
                "batter": 1,
                "extras": 0,
                "total": 1
              }
            },
            {
              "batter": "AD Hales",
              "bowler": "CP Wood",
              "non_striker": "JM Clarke",
              "runs": {
                "batter": 1,
                "extras": 0,
                "total": 1
              }
            },
            {
              "batter": "JM Clarke",
              "bowler": "CP Wood",
              "non_striker": "AD Hales",
              "runs": {
                "batter": 1,
                "extras": 0,
                "total": 1
              }
            },
            {
              "batter": "AD Hales",
              "bowler": "CP Wood",
              "non_striker": "JM Clarke",
              "runs": {
                "batter": 4,
                "extras": 0,
                "total": 4
              }
            },
            {
              "batter": "AD Hales",
              "bowler": "CP Wood",
              "non_striker": "JM Clarke",
              "runs": {
                "batter": 1,
                "extras": 0,
                "total": 1
              }
            }
          ]
        },
        {
          "over": 1,
          "deliveries": [
            {
              "batter": "AD Hales",
              "bowler": "LA Dawson",
              "non_striker": "JM Clarke",
              "runs": {
                "batter": 1,
                "extras": 0,
                "total": 1
              }
            },
            {
              "batter": "JM Clarke",
              "bowler": "LA Dawson",
              "non_striker": "AD Hales",
              "runs": {
                "batter": 2,
                "extras": 0,
                "total": 2
              }
            },
            {
              "batter": "JM Clarke",
              "bowler": "LA Dawson",
              "non_striker": "AD Hales",
              "runs": {
                "batter": 4,
                "extras": 0,
                "total": 4
              }
            },
            {
              "batter": "JM Clarke",
              "bowler": "LA Dawson",
              "non_striker": "AD Hales",
              "runs": {
                "batter": 0,
                "extras": 0,
                "total": 0
              }
            },
            {
              "batter": "JM Clarke",
              "bowler": "LA Dawson",
              "non_striker": "AD Hales",
              "runs": {
                "batter": 1,
                "extras": 0,
                "total": 1
              }
            },
            {
              "batter": "AD Hales",
              "bowler": "LA Dawson",
              "non_striker": "JM Clarke",
              "runs": {
                "batter": 6,
                "extras": 0,
                "total": 6
              }
            }
          ]
        },
        {
          "over": 2,
          "deliveries": [
            {
              "batter": "JM Clarke",
              "bowler": "BTJ Wheal",
              "non_striker": "AD Hales",
              "runs": {
                "batter": 1,
                "extras": 0,
                "total": 1
              }
            },
            {
              "batter": "AD Hales",
              "bowler": "BTJ Wheal",
              "non_striker": "JM Clarke",
              "runs": {
                "batter": 1,
                "extras": 0,
                "total": 1
              }
            },
            {
              "batter": "JM Clarke",
              "bowler": "BTJ Wheal",
              "non_striker": "AD Hales",
              "runs": {
                "batter": 6,
                "extras": 0,
                "total": 6
              }
            },
            {
              "batter": "JM Clarke",
              "bowler": "BTJ Wheal",
              "non_striker": "AD Hales",
              "runs": {
                "batter": 1,
                "extras": 0,
                "total": 1
              }
            },
            {
              "batter": "AD Hales",
              "bowler": "BTJ Wheal",
              "non_striker": "JM Clarke",
              "runs": {
                "batter": 4,
                "extras": 0,
                "total": 4
              }
            },
            {
              "batter": "AD Hales",
              "bowler": "BTJ Wheal",
              "non_striker": "JM Clarke",
              "runs": {
                "batter": 0,
                "extras": 0,
                "total": 0
              }
            }
          ]
        },
        {
          "over": 3,
          "deliveries": [
            {
              "batter": "JM Clarke",
              "bowler": "SW Currie",
              "non_striker": "AD Hales",
              "runs": {
                "batter": 2,
                "extras": 0,
                "total": 2
              }
            },
            {
              "batter": "JM Clarke",
              "bowler": "SW Currie",
              "non_striker": "AD Hales",
              "runs": {
                "batter": 0,
                "extras": 0,
                "total": 0
              }
            },
            {
              "batter": "JM Clarke",
              "bowler": "SW Currie",
              "extras": {
                "wides": 1
              },
              "non_striker": "AD Hales",
              "runs": {
                "batter": 0,
                "extras": 1,
                "total": 1
              }
            },
            {
              "batter": "JM Clarke",
              "bowler": "SW Currie",
              "non_striker": "AD Hales",
              "runs": {
                "batter": 2,
                "extras": 0,
                "total": 2
              }
            },
            {
              "batter": "JM Clarke",
              "bowler": "SW Currie",
              "non_striker": "AD Hales",
              "runs": {
                "batter": 0,
                "extras": 0,
                "total": 0
              }
            },
            {
              "batter": "JM Clarke",
              "bowler": "SW Currie",
              "non_striker": "AD Hales",
              "runs": {
                "batter": 1,
                "extras": 0,
                "total": 1
              }
            },
            {
              "batter": "AD Hales",
              "bowler": "SW Currie",
              "non_striker": "JM Clarke",
              "runs": {
                "batter": 1,
                "extras": 0,
                "total": 1
              }
            }
          ]
        },
        {
          "over": 4,
          "deliveries": [
            {
              "batter": "AD Hales",
              "bowler": "LA Dawson",
              "non_striker": "JM Clarke",
              "runs": {
                "batter": 0,
                "extras": 0,
                "total": 0
              }
            },
            {
              "batter": "AD Hales",
              "bowler": "LA Dawson",
              "non_striker": "JM Clarke",
              "runs": {
                "batter": 0,
                "extras": 0,
                "total": 0
              }
            },
            {
              "batter": "AD Hales",
              "bowler": "LA Dawson",
              "non_striker": "JM Clarke",
              "runs": {
                "batter": 0,
                "extras": 0,
                "total": 0
              },
              "wickets": [
                {
                  "player_out": "AD Hales",
                  "fielders": [
                    {
                      "name": "JM Vince"
                    }
                  ],
                  "kind": "caught"
                }
              ]
            },
            {
              "batter": "JM Clarke",
              "bowler": "LA Dawson",
              "non_striker": "BM Duckett",
              "runs": {
                "batter": 4,
                "extras": 0,
                "total": 4
              }
            },
            {
              "batter": "JM Clarke",
              "bowler": "LA Dawson",
              "non_striker": "BM Duckett",
              "runs": {
                "batter": 1,
                "extras": 0,
                "total": 1
              }
            },
            {
              "batter": "BM Duckett",
              "bowler": "LA Dawson",
              "non_striker": "JM Clarke",
              "runs": {
                "batter": 0,
                "extras": 0,
                "total": 0
              }
            }
          ]
        },
        {
          "over": 5,
          "deliveries": [
            {
              "batter": "JM Clarke",
              "bowler": "CP Wood",
              "non_striker": "BM Duckett",
              "runs": {
                "batter": 0,
                "extras": 0,
                "total": 0
              }
            },
            {
              "batter": "JM Clarke",
              "bowler": "CP Wood",
              "non_striker": "BM Duckett",
              "runs": {
                "batter": 0,
                "extras": 0,
                "total": 0
              }
            },
            {
              "batter": "JM Clarke",
              "bowler": "CP Wood",
              "non_striker": "BM Duckett",
              "runs": {
                "batter": 1,
                "extras": 0,
                "total": 1
              }
            },
            {
              "batter": "BM Duckett",
              "bowler": "CP Wood",
              "non_striker": "JM Clarke",
              "runs": {
                "batter": 0,
                "extras": 0,
                "total": 0
              }
            },
            {
              "batter": "BM Duckett",
              "bowler": "CP Wood",
              "non_striker": "JM Clarke",
              "runs": {
                "batter": 4,
                "extras": 0,
                "total": 4
              }
            },
            {
              "batter": "BM Duckett",
              "bowler": "CP Wood",
              "non_striker": "JM Clarke",
              "runs": {
                "batter": 1,
                "extras": 0,
                "total": 1
              }
            }
          ]
        },
        {
          "over": 6,
          "deliveries": [
            {
              "batter": "BM Duckett",
              "bowler": "MS Crane",
              "non_striker": "JM Clarke",
              "runs": {
                "batter": 1,
                "extras": 0,
                "total": 1
              }
            },
            {
              "batter": "JM Clarke",
              "bowler": "MS Crane",
              "non_striker": "BM Duckett",
              "runs": {
                "batter": 1,
                "extras": 0,
                "total": 1
              }
            },
            {
              "batter": "BM Duckett",
              "bowler": "MS Crane",
              "non_striker": "JM Clarke",
              "runs": {
                "batter": 4,
                "extras": 0,
                "total": 4
              }
            },
            {
              "batter": "BM Duckett",
              "bowler": "MS Crane",
              "non_striker": "JM Clarke",
              "runs": {
                "batter": 4,
                "extras": 0,
                "total": 4
              }
            },
            {
              "batter": "BM Duckett",
              "bowler": "MS Crane",
              "non_striker": "JM Clarke",
              "runs": {
                "batter": 1,
                "extras": 0,
                "total": 1
              }
            },
            {
              "batter": "JM Clarke",
              "bowler": "MS Crane",
              "non_striker": "BM Duckett",
              "runs": {
                "batter": 0,
                "extras": 0,
                "total": 0
              }
            }
          ]
        },
        {
          "over": 7,
          "deliveries": [
            {
              "batter": "BM Duckett",
              "bowler": "SW Currie",
              "non_striker": "JM Clarke",
              "runs": {
                "batter": 0,
                "extras": 0,
                "total": 0
              }
            },
            {
              "batter": "BM Duckett",
              "bowler": "SW Currie",
              "non_striker": "JM Clarke",
              "runs": {
                "batter": 0,
                "extras": 0,
                "total": 0
              }
            },
            {
              "batter": "BM Duckett",
              "bowler": "SW Currie",
              "non_striker": "JM Clarke",
              "runs": {
                "batter": 1,
                "extras": 0,
                "total": 1
              }
            },
            {
              "batter": "JM Clarke",
              "bowler": "SW Currie",
              "non_striker": "BM Duckett",
              "runs": {
                "batter": 1,
                "extras": 0,
                "total": 1
              }
            },
            {
              "batter": "BM Duckett",
              "bowler": "SW Currie",
              "non_striker": "JM Clarke",
              "runs": {
                "batter": 0,
                "extras": 0,
                "total": 0
              },
              "wickets": [
                {
                  "player_out": "BM Duckett",
                  "kind": "run out"
                }
              ]
            },
            {
              "batter": "JM Clarke",
              "bowler": "SW Currie",
              "non_striker": "TJ Moores",
              "runs": {
                "batter": 0,
                "extras": 0,
                "total": 0
              }
            }
          ]
        },
        {
          "over": 8,
          "deliveries": [
            {
              "batter": "TJ Moores",
              "bowler": "MS Crane",
              "non_striker": "JM Clarke",
              "runs": {
                "batter": 1,
                "extras": 0,
                "total": 1
              }
            },
            {
              "batter": "JM Clarke",
              "bowler": "MS Crane",
              "non_striker": "TJ Moores",
              "runs": {
                "batter": 1,
                "extras": 0,
                "total": 1
              }
            },
            {
              "batter": "TJ Moores",
              "bowler": "MS Crane",
              "non_striker": "JM Clarke",
              "runs": {
                "batter": 0,
                "extras": 0,
                "total": 0
              }
            },
            {
              "batter": "TJ Moores",
              "bowler": "MS Crane",
              "non_striker": "JM Clarke",
              "runs": {
                "batter": 0,
                "extras": 0,
                "total": 0
              }
            },
            {
              "batter": "TJ Moores",
              "bowler": "MS Crane",
              "non_striker": "JM Clarke",
              "runs": {
                "batter": 0,
                "extras": 0,
                "total": 0
              },
              "wickets": [
                {
                  "player_out": "TJ Moores",
                  "kind": "lbw"
                }
              ]
            },
            {
              "batter": "SR Patel",
              "bowler": "MS Crane",
              "non_striker": "JM Clarke",
              "runs": {
                "batter": 0,
                "extras": 0,
                "total": 0
              }
            }
          ]
        },
        {
          "over": 9,
          "deliveries": [
            {
              "batter": "JM Clarke",
              "bowler": "BTJ Wheal",
              "non_striker": "SR Patel",
              "runs": {
                "batter": 0,
                "extras": 0,
                "total": 0
              }
            },
            {
              "batter": "JM Clarke",
              "bowler": "BTJ Wheal",
              "non_striker": "SR Patel",
              "runs": {
                "batter": 0,
                "extras": 0,
                "total": 0
              }
            },
            {
              "batter": "JM Clarke",
              "bowler": "BTJ Wheal",
              "non_striker": "SR Patel",
              "runs": {
                "batter": 0,
                "extras": 0,
                "total": 0
              }
            },
            {
              "batter": "JM Clarke",
              "bowler": "BTJ Wheal",
              "non_striker": "SR Patel",
              "runs": {
                "batter": 1,
                "extras": 0,
                "total": 1
              }
            },
            {
              "batter": "SR Patel",
              "bowler": "BTJ Wheal",
              "non_striker": "JM Clarke",
              "runs": {
                "batter": 1,
                "extras": 0,
                "total": 1
              }
            },
            {
              "batter": "JM Clarke",
              "bowler": "BTJ Wheal",
              "non_striker": "SR Patel",
              "runs": {
                "batter": 1,
                "extras": 0,
                "total": 1
              }
            }
          ]
        },
        {
          "over": 10,
          "deliveries": [
            {
              "batter": "JM Clarke",
              "bowler": "MS Crane",
              "non_striker": "SR Patel",
              "runs": {
                "batter": 0,
                "extras": 0,
                "total": 0
              }
            },
            {
              "batter": "JM Clarke",
              "bowler": "MS Crane",
              "non_striker": "SR Patel",
              "runs": {
                "batter": 6,
                "extras": 0,
                "total": 6
              }
            },
            {
              "batter": "JM Clarke",
              "bowler": "MS Crane",
              "non_striker": "SR Patel",
              "runs": {
                "batter": 1,
                "extras": 0,
                "total": 1
              }
            },
            {
              "batter": "SR Patel",
              "bowler": "MS Crane",
              "non_striker": "JM Clarke",
              "runs": {
                "batter": 1,
                "extras": 0,
                "total": 1
              }
            },
            {
              "batter": "JM Clarke",
              "bowler": "MS Crane",
              "non_striker": "SR Patel",
              "runs": {
                "batter": 1,
                "extras": 0,
                "total": 1
              }
            },
            {
              "batter": "SR Patel",
              "bowler": "MS Crane",
              "non_striker": "JM Clarke",
              "runs": {
                "batter": 1,
                "extras": 0,
                "total": 1
              }
            }
          ]
        },
        {
          "over": 11,
          "deliveries": [
            {
              "batter": "SR Patel",
              "bowler": "SW Currie",
              "non_striker": "JM Clarke",
              "runs": {
                "batter": 0,
                "extras": 0,
                "total": 0
              }
            },
            {
              "batter": "SR Patel",
              "bowler": "SW Currie",
              "non_striker": "JM Clarke",
              "runs": {
                "batter": 0,
                "extras": 0,
                "total": 0
              }
            },
            {
              "batter": "SR Patel",
              "bowler": "SW Currie",
              "non_striker": "JM Clarke",
              "runs": {
                "batter": 0,
                "extras": 0,
                "total": 0
              }
            },
            {
              "batter": "SR Patel",
              "bowler": "SW Currie",
              "non_striker": "JM Clarke",
              "runs": {
                "batter": 1,
                "extras": 0,
                "total": 1
              }
            },
            {
              "batter": "JM Clarke",
              "bowler": "SW Currie",
              "non_striker": "SR Patel",
              "runs": {
                "batter": 1,
                "extras": 0,
                "total": 1
              }
            },
            {
              "batter": "SR Patel",
              "bowler": "SW Currie",
              "non_striker": "JM Clarke",
              "runs": {
                "batter": 0,
                "extras": 0,
                "total": 0
              }
            }
          ]
        },
        {
          "over": 12,
          "deliveries": [
            {
              "batter": "JM Clarke",
              "bowler": "LA Dawson",
              "non_striker": "SR Patel",
              "runs": {
                "batter": 0,
                "extras": 0,
                "total": 0
              }
            },
            {
              "batter": "JM Clarke",
              "bowler": "LA Dawson",
              "non_striker": "SR Patel",
              "runs": {
                "batter": 0,
                "extras": 0,
                "total": 0
              },
              "wickets": [
                {
                  "player_out": "JM Clarke",
                  "fielders": [
                    {
                      "name": "JK Fuller"
                    }
                  ],
                  "kind": "caught"
                }
              ]
            },
            {
              "batter": "SR Patel",
              "bowler": "LA Dawson",
              "extras": {
                "wides": 1
              },
              "non_striker": "BT Slater",
              "runs": {
                "batter": 0,
                "extras": 1,
                "total": 1
              },
              "wickets": [
                {
                  "player_out": "SR Patel",
                  "fielders": [
                    {
                      "name": "LD McManus"
                    }
                  ],
                  "kind": "stumped"
                }
              ]
            },
            {
              "batter": "SJ Mullaney",
              "bowler": "LA Dawson",
              "non_striker": "BT Slater",
              "runs": {
                "batter": 0,
                "extras": 0,
                "total": 0
              }
            },
            {
              "batter": "SJ Mullaney",
              "bowler": "LA Dawson",
              "non_striker": "BT Slater",
              "runs": {
                "batter": 0,
                "extras": 0,
                "total": 0
              }
            },
            {
              "batter": "SJ Mullaney",
              "bowler": "LA Dawson",
              "non_striker": "BT Slater",
              "runs": {
                "batter": 0,
                "extras": 0,
                "total": 0
              }
            },
            {
              "batter": "SJ Mullaney",
              "bowler": "LA Dawson",
              "non_striker": "BT Slater",
              "runs": {
                "batter": 0,
                "extras": 0,
                "total": 0
              }
            }
          ]
        },
        {
          "over": 13,
          "deliveries": [
            {
              "batter": "BT Slater",
              "bowler": "CP Wood",
              "non_striker": "SJ Mullaney",
              "runs": {
                "batter": 0,
                "extras": 0,
                "total": 0
              }
            },
            {
              "batter": "BT Slater",
              "bowler": "CP Wood",
              "non_striker": "SJ Mullaney",
              "runs": {
                "batter": 0,
                "extras": 0,
                "total": 0
              }
            },
            {
              "batter": "BT Slater",
              "bowler": "CP Wood",
              "non_striker": "SJ Mullaney",
              "runs": {
                "batter": 1,
                "extras": 0,
                "total": 1
              }
            },
            {
              "batter": "SJ Mullaney",
              "bowler": "CP Wood",
              "non_striker": "BT Slater",
              "runs": {
                "batter": 1,
                "extras": 0,
                "total": 1
              }
            },
            {
              "batter": "BT Slater",
              "bowler": "CP Wood",
              "non_striker": "SJ Mullaney",
              "runs": {
                "batter": 2,
                "extras": 0,
                "total": 2
              }
            },
            {
              "batter": "BT Slater",
              "bowler": "CP Wood",
              "non_striker": "SJ Mullaney",
              "runs": {
                "batter": 0,
                "extras": 0,
                "total": 0
              },
              "wickets": [
                {
                  "player_out": "BT Slater",
                  "fielders": [
                    {
                      "name": "JJ Weatherley"
                    }
                  ],
                  "kind": "caught"
                }
              ]
            }
          ]
        },
        {
          "over": 14,
          "deliveries": [
            {
              "batter": "SJ Mullaney",
              "bowler": "MS Crane",
              "non_striker": "CG Harrison",
              "runs": {
                "batter": 1,
                "extras": 0,
                "total": 1
              }
            },
            {
              "batter": "CG Harrison",
              "bowler": "MS Crane",
              "non_striker": "SJ Mullaney",
              "runs": {
                "batter": 0,
                "extras": 0,
                "total": 0
              }
            },
            {
              "batter": "CG Harrison",
              "bowler": "MS Crane",
              "non_striker": "SJ Mullaney",
              "runs": {
                "batter": 0,
                "extras": 0,
                "total": 0
              }
            },
            {
              "batter": "CG Harrison",
              "bowler": "MS Crane",
              "non_striker": "SJ Mullaney",
              "runs": {
                "batter": 1,
                "extras": 0,
                "total": 1
              }
            },
            {
              "batter": "SJ Mullaney",
              "bowler": "MS Crane",
              "non_striker": "CG Harrison",
              "runs": {
                "batter": 0,
                "extras": 0,
                "total": 0
              }
            },
            {
              "batter": "SJ Mullaney",
              "bowler": "MS Crane",
              "non_striker": "CG Harrison",
              "runs": {
                "batter": 1,
                "extras": 0,
                "total": 1
              }
            }
          ]
        },
        {
          "over": 15,
          "deliveries": [
            {
              "batter": "SJ Mullaney",
              "bowler": "SW Currie",
              "non_striker": "CG Harrison",
              "runs": {
                "batter": 1,
                "extras": 0,
                "total": 1
              }
            },
            {
              "batter": "CG Harrison",
              "bowler": "SW Currie",
              "non_striker": "SJ Mullaney",
              "runs": {
                "batter": 4,
                "extras": 0,
                "total": 4
              }
            },
            {
              "batter": "CG Harrison",
              "bowler": "SW Currie",
              "non_striker": "SJ Mullaney",
              "runs": {
                "batter": 0,
                "extras": 0,
                "total": 0
              }
            },
            {
              "batter": "CG Harrison",
              "bowler": "SW Currie",
              "non_striker": "SJ Mullaney",
              "runs": {
                "batter": 0,
                "extras": 0,
                "total": 0
              },
              "wickets": [
                {
                  "player_out": "CG Harrison",
                  "fielders": [
                    {
                      "name": "DJM Short"
                    }
                  ],
                  "kind": "caught"
                }
              ]
            },
            {
              "batter": "SJ Mullaney",
              "bowler": "SW Currie",
              "non_striker": "M Carter",
              "runs": {
                "batter": 0,
                "extras": 0,
                "total": 0
              },
              "wickets": [
                {
                  "player_out": "SJ Mullaney",
                  "fielders": [
                    {
                      "name": "DJM Short"
                    }
                  ],
                  "kind": "caught"
                }
              ]
            },
            {
              "batter": "M Carter",
              "bowler": "SW Currie",
              "non_striker": "LJ Fletcher",
              "runs": {
                "batter": 0,
                "extras": 0,
                "total": 0
              }
            }
          ]
        },
        {
          "over": 16,
          "deliveries": [
            {
              "batter": "LJ Fletcher",
              "bowler": "LA Dawson",
              "non_striker": "M Carter",
              "runs": {
                "batter": 1,
                "extras": 0,
                "total": 1
              }
            },
            {
              "batter": "M Carter",
              "bowler": "LA Dawson",
              "non_striker": "LJ Fletcher",
              "runs": {
                "batter": 0,
                "extras": 0,
                "total": 0
              }
            },
            {
              "batter": "M Carter",
              "bowler": "LA Dawson",
              "non_striker": "LJ Fletcher",
              "runs": {
                "batter": 1,
                "extras": 0,
                "total": 1
              }
            },
            {
              "batter": "LJ Fletcher",
              "bowler": "LA Dawson",
              "non_striker": "M Carter",
              "runs": {
                "batter": 1,
                "extras": 0,
                "total": 1
              }
            },
            {
              "batter": "M Carter",
              "bowler": "LA Dawson",
              "non_striker": "LJ Fletcher",
              "runs": {
                "batter": 1,
                "extras": 0,
                "total": 1
              }
            },
            {
              "batter": "LJ Fletcher",
              "bowler": "LA Dawson",
              "non_striker": "M Carter",
              "runs": {
                "batter": 0,
                "extras": 0,
                "total": 0
              }
            }
          ]
        },
        {
          "over": 17,
          "deliveries": [
            {
              "batter": "M Carter",
              "bowler": "BTJ Wheal",
              "extras": {
                "legbyes": 1
              },
              "non_striker": "LJ Fletcher",
              "runs": {
                "batter": 0,
                "extras": 1,
                "total": 1
              }
            },
            {
              "batter": "LJ Fletcher",
              "bowler": "BTJ Wheal",
              "non_striker": "M Carter",
              "runs": {
                "batter": 1,
                "extras": 0,
                "total": 1
              }
            },
            {
              "batter": "M Carter",
              "bowler": "BTJ Wheal",
              "non_striker": "LJ Fletcher",
              "runs": {
                "batter": 6,
                "extras": 0,
                "total": 6
              }
            },
            {
              "batter": "M Carter",
              "bowler": "BTJ Wheal",
              "non_striker": "LJ Fletcher",
              "runs": {
                "batter": 1,
                "extras": 0,
                "total": 1
              }
            },
            {
              "batter": "LJ Fletcher",
              "bowler": "BTJ Wheal",
              "non_striker": "M Carter",
              "runs": {
                "batter": 0,
                "extras": 0,
                "total": 0
              },
              "wickets": [
                {
                  "player_out": "LJ Fletcher",
                  "kind": "bowled"
                }
              ]
            },
            {
              "batter": "D Paterson",
              "bowler": "BTJ Wheal",
              "non_striker": "M Carter",
              "runs": {
                "batter": 0,
                "extras": 0,
                "total": 0
              }
            }
          ]
        },
        {
          "over": 18,
          "deliveries": [
            {
              "batter": "M Carter",
              "bowler": "CP Wood",
              "non_striker": "D Paterson",
              "runs": {
                "batter": 0,
                "extras": 0,
                "total": 0
              }
            },
            {
              "batter": "M Carter",
              "bowler": "CP Wood",
              "non_striker": "D Paterson",
              "runs": {
                "batter": 0,
                "extras": 0,
                "total": 0
              }
            },
            {
              "batter": "M Carter",
              "bowler": "CP Wood",
              "non_striker": "D Paterson",
              "runs": {
                "batter": 6,
                "extras": 0,
                "total": 6
              }
            },
            {
              "batter": "M Carter",
              "bowler": "CP Wood",
              "non_striker": "D Paterson",
              "runs": {
                "batter": 2,
                "extras": 0,
                "total": 2
              }
            },
            {
              "batter": "M Carter",
              "bowler": "CP Wood",
              "non_striker": "D Paterson",
              "runs": {
                "batter": 6,
                "extras": 0,
                "total": 6
              }
            },
            {
              "batter": "M Carter",
              "bowler": "CP Wood",
              "non_striker": "D Paterson",
              "runs": {
                "batter": 0,
                "extras": 0,
                "total": 0
              }
            }
          ]
        },
        {
          "over": 19,
          "deliveries": [
            {
              "batter": "D Paterson",
              "bowler": "BTJ Wheal",
              "non_striker": "M Carter",
              "runs": {
                "batter": 0,
                "extras": 0,
                "total": 0
              }
            },
            {
              "batter": "D Paterson",
              "bowler": "BTJ Wheal",
              "non_striker": "M Carter",
              "runs": {
                "batter": 0,
                "extras": 0,
                "total": 0
              }
            },
            {
              "batter": "D Paterson",
              "bowler": "BTJ Wheal",
              "non_striker": "M Carter",
              "runs": {
                "batter": 0,
                "extras": 0,
                "total": 0
              }
            },
            {
              "batter": "D Paterson",
              "bowler": "BTJ Wheal",
              "non_striker": "M Carter",
              "runs": {
                "batter": 0,
                "extras": 0,
                "total": 0
              },
              "wickets": [
                {
                  "player_out": "D Paterson",
                  "fielders": [
                    {
                      "name": "LD McManus"
                    }
                  ],
                  "kind": "caught"
                }
              ]
            }
          ]
        }
      ],
      "powerplays": [
        {
          "from": 0.1,
          "to": 5.6,
          "type": "mandatory"
        }
      ],
      "target": {
        "overs": 20,
        "runs": 126
      }
    }
  ]
}