{
  "meta": {
    "data_version": "1.0.0",
    "created": "2021-09-05",
    "revision": 1
  },
  "info": {
    "balls_per_over": 6,
    "city": "Bready",
    "dates": [
      "2021-09-04"
    ],
    "event": {
      "name": "Zimbabwe tour of Ireland and Scotland",
      "match_number": 5
    },
    "gender": "male",
    "match_type": "T20",
    "match_type_number": 1256,
    "officials": {
      "match_referees": [
        "K Gallagher"
      ],
      "reserve_umpires": [
        "PA Reynolds"
      ],
      "tv_umpires": [
        "M Hawthorne"
      ],
      "umpires": [
        "AJ Neill",
        "R Black"
      ]
    },
    "outcome": {
      "winner": "Zimbabwe",
      "by": {
        "runs": 5
      }
    },
    "overs": 20,
    "player_of_match": [
      "CR Ervine"
    ],
    "players": {
      "Zimbabwe": [
        "W Madhevere",
        "TS Kamunhukamwe",
        "RW Chakabva",
        "CR Ervine",
        "D Myers",
        "M Shumba",
        "LM Jongwe",
        "DT Tiripano",
        "WP Masakadza",
        "B Muzarabani",
        "R Ngarava"
      ],
      "Ireland": [
        "PR Stirling",
        "KJ O'Brien",
        "A Balbirnie",
        "HT Tector",
        "NA Rock",
        "W McClintock",
        "SC Getkate",
        "AR McBrine",
        "MR Adair",
        "CA Young",
        "J Little"
      ]
    },
    "registry": {
      "people": {
        "A Balbirnie": "6ef13460",
        "AJ Neill": "7ffe0ce3",
        "AR McBrine": "e957b38f",
        "B Muzarabani": "449f4e3c",
        "CA Young": "bd0a4a7d",
        "CR Ervine": "c96311d4",
        "D Myers": "d96165b5",
        "DT Tiripano": "dbfb8218",
        "HT Tector": "59ea70a4",
        "J Little": "9061a703",
        "K Gallagher": "704afd47",
        "KJ O'Brien": "243431b5",
        "LM Jongwe": "b8704508",
        "M Hawthorne": "ea123ee4",
        "M Shumba": "6766ca00",
        "MR Adair": "fc55ec67",
        "NA Rock": "43f4087c",
        "PA Reynolds": "a416c9c3",
        "PR Stirling": "cf494ffe",
        "R Black": "156c8fb1",
        "R Ngarava": "6e3f5a5c",
        "RW Chakabva": "2f0d7e4a",
        "SC Getkate": "c8065f31",
        "T Marumani": "3d5d51a5",
        "TS Kamunhukamwe": "4e1b4323",
        "W Madhevere": "a879b92c",
        "W McClintock": "b16ddb79",
        "WP Masakadza": "4bc0a378"
      }
    },
    "season": "2021",
    "team_type": "international",
    "teams": [
      "Zimbabwe",
      "Ireland"
    ],
    "toss": {
      "decision": "bat",
      "winner": "Zimbabwe"
    },
    "venue": "Bready Cricket Club, Magheramason, Bready"
  },
  "innings": [
    {
      "team": "Zimbabwe",
      "overs": [
        {
          "over": 0,
          "deliveries": [
            {
              "batter": "W Madhevere",
              "bowler": "CA Young",
              "non_striker": "TS Kamunhukamwe",
              "runs": {
                "batter": 0,
                "extras": 0,
                "total": 0
              }
            },
            {
              "batter": "W Madhevere",
              "bowler": "CA Young",
              "non_striker": "TS Kamunhukamwe",
              "runs": {
                "batter": 0,
                "extras": 0,
                "total": 0
              }
            },
            {
              "batter": "W Madhevere",
              "bowler": "CA Young",
              "non_striker": "TS Kamunhukamwe",
              "runs": {
                "batter": 0,
                "extras": 0,
                "total": 0
              }
            },
            {
              "batter": "W Madhevere",
              "bowler": "CA Young",
              "non_striker": "TS Kamunhukamwe",
              "runs": {
                "batter": 1,
                "extras": 0,
                "total": 1
              }
            },
            {
              "batter": "TS Kamunhukamwe",
              "bowler": "CA Young",
              "non_striker": "W Madhevere",
              "runs": {
                "batter": 0,
                "extras": 0,
                "total": 0
              }
            },
            {
              "batter": "TS Kamunhukamwe",
              "bowler": "CA Young",
              "non_striker": "W Madhevere",
              "runs": {
                "batter": 0,
                "extras": 0,
                "total": 0
              }
            }
          ]
        },
        {
          "over": 1,
          "deliveries": [
            {
              "batter": "W Madhevere",
              "bowler": "MR Adair",
              "non_striker": "TS Kamunhukamwe",
              "runs": {
                "batter": 0,
                "extras": 0,
                "total": 0
              }
            },
            {
              "batter": "W Madhevere",
              "bowler": "MR Adair",
              "non_striker": "TS Kamunhukamwe",
              "runs": {
                "batter": 0,
                "extras": 0,
                "total": 0
              }
            },
            {
              "batter": "W Madhevere",
              "bowler": "MR Adair",
              "non_striker": "TS Kamunhukamwe",
              "runs": {
                "batter": 0,
                "extras": 0,
                "total": 0
              }
            },
            {
              "batter": "W Madhevere",
              "bowler": "MR Adair",
              "extras": {
                "wides": 2
              },
              "non_striker": "TS Kamunhukamwe",
              "runs": {
                "batter": 0,
                "extras": 2,
                "total": 2
              }
            },
            {
              "batter": "TS Kamunhukamwe",
              "bowler": "MR Adair",
              "non_striker": "W Madhevere",
              "runs": {
                "batter": 0,
                "extras": 0,
                "total": 0
              },
              "wickets": [
                {
                  "player_out": "TS Kamunhukamwe",
                  "fielders": [
                    {
                      "name": "A Balbirnie"
                    }
                  ],
                  "kind": "caught"
                }
              ]
            },
            {
              "batter": "RW Chakabva",
              "bowler": "MR Adair",
              "non_striker": "W Madhevere",
              "runs": {
                "batter": 0,
                "extras": 0,
                "total": 0
              },
              "wickets": [
                {
                  "player_out": "RW Chakabva",
                  "kind": "lbw"
                }
              ]
            },
            {
              "batter": "CR Ervine",
              "bowler": "MR Adair",
              "non_striker": "W Madhevere",
              "runs": {
                "batter": 0,
                "extras": 0,
                "total": 0
              }
            }
          ]
        },
        {
          "over": 2,
          "deliveries": [
            {
              "batter": "W Madhevere",
              "bowler": "CA Young",
              "non_striker": "CR Ervine",
              "runs": {
                "batter": 1,
                "extras": 0,
                "total": 1
              }
            },
            {
              "batter": "CR Ervine",
              "bowler": "CA Young",
              "non_striker": "W Madhevere",
              "runs": {
                "batter": 0,
                "extras": 0,
                "total": 0
              }
            },
            {
              "batter": "CR Ervine",
              "bowler": "CA Young",
              "non_striker": "W Madhevere",
              "runs": {
                "batter": 0,
                "extras": 0,
                "total": 0
              }
            },
            {
              "batter": "CR Ervine",
              "bowler": "CA Young",
              "extras": {
                "wides": 1
              },
              "non_striker": "W Madhevere",
              "runs": {
                "batter": 0,
                "extras": 1,
                "total": 1
              }
            },
            {
              "batter": "CR Ervine",
              "bowler": "CA Young",
              "non_striker": "W Madhevere",
              "runs": {
                "batter": 1,
                "extras": 0,
                "total": 1
              }
            },
            {
              "batter": "W Madhevere",
              "bowler": "CA Young",
              "non_striker": "CR Ervine",
              "runs": {
                "batter": 4,
                "extras": 0,
                "total": 4
              }
            },
            {
              "batter": "W Madhevere",
              "bowler": "CA Young",
              "non_striker": "CR Ervine",
              "runs": {
                "batter": 1,
                "extras": 0,
                "total": 1
              }
            }
          ]
        },
        {
          "over": 3,
          "deliveries": [
            {
              "batter": "W Madhevere",
              "bowler": "MR Adair",
              "non_striker": "CR Ervine",
              "runs": {
                "batter": 0,
                "extras": 0,
                "total": 0
              }
            },
            {
              "batter": "W Madhevere",
              "bowler": "MR Adair",
              "non_striker": "CR Ervine",
              "runs": {
                "batter": 0,
                "extras": 0,
                "total": 0
              }
            },
            {
              "batter": "W Madhevere",
              "bowler": "MR Adair",
              "non_striker": "CR Ervine",
              "runs": {
                "batter": 1,
                "extras": 0,
                "total": 1
              }
            },
            {
              "batter": "CR Ervine",
              "bowler": "MR Adair",
              "non_striker": "W Madhevere",
              "runs": {
                "batter": 4,
                "extras": 0,
                "total": 4
              }
            },
            {
              "batter": "CR Ervine",
              "bowler": "MR Adair",
              "non_striker": "W Madhevere",
              "runs": {
                "batter": 1,
                "extras": 0,
                "total": 1
              }
            },
            {
              "batter": "W Madhevere",
              "bowler": "MR Adair",
              "non_striker": "CR Ervine",
              "runs": {
                "batter": 0,
                "extras": 0,
                "total": 0
              }
            }
          ]
        },
        {
          "over": 4,
          "deliveries": [
            {
              "batter": "CR Ervine",
              "bowler": "J Little",
              "non_striker": "W Madhevere",
              "runs": {
                "batter": 4,
                "extras": 0,
                "total": 4
              }
            },
            {
              "batter": "CR Ervine",
              "bowler": "J Little",
              "non_striker": "W Madhevere",
              "runs": {
                "batter": 0,
                "extras": 0,
                "total": 0
              }
            },
            {
              "batter": "CR Ervine",
              "bowler": "J Little",
              "non_striker": "W Madhevere",
              "runs": {
                "batter": 0,
                "extras": 0,
                "total": 0
              }
            },
            {
              "batter": "CR Ervine",
              "bowler": "J Little",
              "non_striker": "W Madhevere",
              "runs": {
                "batter": 2,
                "extras": 0,
                "total": 2
              }
            },
            {
              "batter": "CR Ervine",
              "bowler": "J Little",
              "non_striker": "W Madhevere",
              "runs": {
                "batter": 0,
                "extras": 0,
                "total": 0
              }
            },
            {
              "batter": "CR Ervine",
              "bowler": "J Little",
              "non_striker": "W Madhevere",
              "runs": {
                "batter": 0,
                "extras": 0,
                "total": 0
              }
            }
          ]
        },
        {
          "over": 5,
          "deliveries": [
            {
              "batter": "W Madhevere",
              "bowler": "SC Getkate",
              "non_striker": "CR Ervine",
              "runs": {
                "batter": 1,
                "extras": 0,
                "total": 1
              }
            },
            {
              "batter": "CR Ervine",
              "bowler": "SC Getkate",
              "non_striker": "W Madhevere",
              "runs": {
                "batter": 0,
                "extras": 0,
                "total": 0
              }
            },
            {
              "batter": "CR Ervine",
              "bowler": "SC Getkate",
              "non_striker": "W Madhevere",
              "runs": {
                "batter": 4,
                "extras": 0,
                "total": 4
              }
            },
            {
              "batter": "CR Ervine",
              "bowler": "SC Getkate",
              "non_striker": "W Madhevere",
              "runs": {
                "batter": 6,
                "extras": 0,
                "total": 6
              }
            },
            {
              "batter": "CR Ervine",
              "bowler": "SC Getkate",
              "non_striker": "W Madhevere",
              "runs": {
                "batter": 0,
                "extras": 0,
                "total": 0
              }
            },
            {
              "batter": "CR Ervine",
              "bowler": "SC Getkate",
              "non_striker": "W Madhevere",
              "runs": {
                "batter": 0,
                "extras": 0,
                "total": 0
              }
            }
          ]
        },
        {
          "over": 6,
          "deliveries": [
            {
              "batter": "W Madhevere",
              "bowler": "J Little",
              "non_striker": "CR Ervine",
              "runs": {
                "batter": 0,
                "extras": 0,
                "total": 0
              }
            },
            {
              "batter": "W Madhevere",
              "bowler": "J Little",
              "non_striker": "CR Ervine",
              "runs": {
                "batter": 0,
                "extras": 0,
                "total": 0
              }
            },
            {
              "batter": "W Madhevere",
              "bowler": "J Little",
              "non_striker": "CR Ervine",
              "runs": {
                "batter": 0,
                "extras": 0,
                "total": 0
              }
            },
            {
              "batter": "W Madhevere",
              "bowler": "J Little",
              "non_striker": "CR Ervine",
              "runs": {
                "batter": 0,
                "extras": 0,
                "total": 0
              }
            },
            {
              "batter": "W Madhevere",
              "bowler": "J Little",
              "non_striker": "CR Ervine",
              "runs": {
                "batter": 0,
                "extras": 0,
                "total": 0
              }
            },
            {
              "batter": "W Madhevere",
              "bowler": "J Little",
              "non_striker": "CR Ervine",
              "runs": {
                "batter": 0,
                "extras": 0,
                "total": 0
              },
              "wickets": [
                {
                  "player_out": "W Madhevere",
                  "fielders": [
                    {
                      "name": "SC Getkate"
                    }
                  ],
                  "kind": "caught"
                }
              ]
            }
          ]
        },
        {
          "over": 7,
          "deliveries": [
            {
              "batter": "CR Ervine",
              "bowler": "AR McBrine",
              "non_striker": "D Myers",
              "runs": {
                "batter": 1,
                "extras": 0,
                "total": 1
              }
            },
            {
              "batter": "D Myers",
              "bowler": "AR McBrine",
              "non_striker": "CR Ervine",
              "runs": {
                "batter": 0,
                "extras": 0,
                "total": 0
              }
            },
            {
              "batter": "D Myers",
              "bowler": "AR McBrine",
              "non_striker": "CR Ervine",
              "runs": {
                "batter": 1,
                "extras": 0,
                "total": 1
              }
            },
            {
              "batter": "CR Ervine",
              "bowler": "AR McBrine",
              "non_striker": "D Myers",
              "runs": {
                "batter": 0,
                "extras": 0,
                "total": 0
              }
            },
            {
              "batter": "CR Ervine",
              "bowler": "AR McBrine",
              "non_striker": "D Myers",
              "runs": {
                "batter": 1,
                "extras": 0,
                "total": 1
              }
            },
            {
              "batter": "D Myers",
              "bowler": "AR McBrine",
              "non_striker": "CR Ervine",
              "runs": {
                "batter": 1,
                "extras": 0,
                "total": 1
              }
            }
          ]
        },
        {
          "over": 8,
          "deliveries": [
            {
              "batter": "D Myers",
              "bowler": "SC Getkate",
              "non_striker": "CR Ervine",
              "runs": {
                "batter": 0,
                "extras": 0,
                "total": 0
              }
            },
            {
              "batter": "D Myers",
              "bowler": "SC Getkate",
              "non_striker": "CR Ervine",
              "runs": {
                "batter": 1,
                "extras": 0,
                "total": 1
              }
            },
            {
              "batter": "CR Ervine",
              "bowler": "SC Getkate",
              "non_striker": "D Myers",
              "runs": {
                "batter": 1,
                "extras": 0,
                "total": 1
              }
            },
            {
              "batter": "D Myers",
              "bowler": "SC Getkate",
              "non_striker": "CR Ervine",
              "runs": {
                "batter": 0,
                "extras": 0,
                "total": 0
              }
            },
            {
              "batter": "D Myers",
              "bowler": "SC Getkate",
              "non_striker": "CR Ervine",
              "runs": {
                "batter": 1,
                "extras": 0,
                "total": 1
              }
            },
            {
              "batter": "CR Ervine",
              "bowler": "SC Getkate",
              "non_striker": "D Myers",
              "runs": {
                "batter": 0,
                "extras": 0,
                "total": 0
              }
            }
          ]
        },
        {
          "over": 9,
          "deliveries": [
            {
              "batter": "D Myers",
              "bowler": "AR McBrine",
              "non_striker": "CR Ervine",
              "runs": {
                "batter": 1,
                "extras": 0,
                "total": 1
              }
            },
            {
              "batter": "CR Ervine",
              "bowler": "AR McBrine",
              "non_striker": "D Myers",
              "runs": {
                "batter": 1,
                "extras": 0,
                "total": 1
              }
            },
            {
              "batter": "D Myers",
              "bowler": "AR McBrine",
              "non_striker": "CR Ervine",
              "runs": {
                "batter": 6,
                "extras": 0,
                "total": 6
              }
            },
            {
              "batter": "D Myers",
              "bowler": "AR McBrine",
              "non_striker": "CR Ervine",
              "runs": {
                "batter": 1,
                "extras": 0,
                "total": 1
              }
            },
            {
              "batter": "CR Ervine",
              "bowler": "AR McBrine",
              "non_striker": "D Myers",
              "runs": {
                "batter": 0,
                "extras": 0,
                "total": 0
              }
            },
            {
              "batter": "CR Ervine",
              "bowler": "AR McBrine",
              "non_striker": "D Myers",
              "runs": {
                "batter": 1,
                "extras": 0,
                "total": 1
              }
            }
          ]
        },
        {
          "over": 10,
          "deliveries": [
            {
              "batter": "CR Ervine",
              "bowler": "SC Getkate",
              "non_striker": "D Myers",
              "runs": {
                "batter": 2,
                "extras": 0,
                "total": 2
              }
            },
            {
              "batter": "CR Ervine",
              "bowler": "SC Getkate",
              "non_striker": "D Myers",
              "runs": {
                "batter": 4,
                "extras": 0,
                "total": 4
              }
            },
            {
              "batter": "CR Ervine",
              "bowler": "SC Getkate",
              "non_striker": "D Myers",
              "runs": {
                "batter": 1,
                "extras": 0,
                "total": 1
              }
            },
            {
              "batter": "D Myers",
              "bowler": "SC Getkate",
              "non_striker": "CR Ervine",
              "runs": {
                "batter": 1,
                "extras": 0,
                "total": 1
              }
            },
            {
              "batter": "CR Ervine",
              "bowler": "SC Getkate",
              "non_striker": "D Myers",
              "runs": {
                "batter": 4,
                "extras": 0,
                "total": 4
              }
            },
            {
              "batter": "CR Ervine",
              "bowler": "SC Getkate",
              "non_striker": "D Myers",
              "runs": {
                "batter": 1,
                "extras": 0,
                "total": 1
              }
            }
          ]
        },
        {
          "over": 11,
          "deliveries": [
            {
              "batter": "CR Ervine",
              "bowler": "AR McBrine",
              "non_striker": "D Myers",
              "runs": {
                "batter": 0,
                "extras": 0,
                "total": 0
              }
            },
            {
              "batter": "CR Ervine",
              "bowler": "AR McBrine",
              "non_striker": "D Myers",
              "runs": {
                "batter": 0,
                "extras": 0,
                "total": 0
              }
            },
            {
              "batter": "CR Ervine",
              "bowler": "AR McBrine",
              "non_striker": "D Myers",
              "runs": {
                "batter": 1,
                "extras": 0,
                "total": 1
              }
            },
            {
              "batter": "D Myers",
              "bowler": "AR McBrine",
              "non_striker": "CR Ervine",
              "runs": {
                "batter": 0,
                "extras": 0,
                "total": 0
              }
            },
            {
              "batter": "D Myers",
              "bowler": "AR McBrine",
              "non_striker": "CR Ervine",
              "runs": {
                "batter": 1,
                "extras": 0,
                "total": 1
              }
            },
            {
              "batter": "CR Ervine",
              "bowler": "AR McBrine",
              "non_striker": "D Myers",
              "runs": {
                "batter": 0,
                "extras": 0,
                "total": 0
              }
            }
          ]
        },
        {
          "over": 12,
          "deliveries": [
            {
              "batter": "D Myers",
              "bowler": "CA Young",
              "non_striker": "CR Ervine",
              "runs": {
                "batter": 1,
                "extras": 0,
                "total": 1
              }
            },
            {
              "batter": "CR Ervine",
              "bowler": "CA Young",
              "non_striker": "D Myers",
              "runs": {
                "batter": 1,
                "extras": 0,
                "total": 1
              }
            },
            {
              "batter": "D Myers",
              "bowler": "CA Young",
              "non_striker": "CR Ervine",
              "runs": {
                "batter": 1,
                "extras": 0,
                "total": 1
              }
            },
            {
              "batter": "CR Ervine",
              "bowler": "CA Young",
              "non_striker": "D Myers",
              "runs": {
                "batter": 2,
                "extras": 0,
                "total": 2
              }
            },
            {
              "batter": "CR Ervine",
              "bowler": "CA Young",
              "non_striker": "D Myers",
              "runs": {
                "batter": 1,
                "extras": 0,
                "total": 1
              }
            },
            {
              "batter": "D Myers",
              "bowler": "CA Young",
              "non_striker": "CR Ervine",
              "runs": {
                "batter": 1,
                "extras": 0,
                "total": 1
              }
            }
          ]
        },
        {
          "over": 13,
          "deliveries": [
            {
              "batter": "D Myers",
              "bowler": "AR McBrine",
              "non_striker": "CR Ervine",
              "runs": {
                "batter": 1,
                "extras": 0,
                "total": 1
              }
            },
            {
              "batter": "CR Ervine",
              "bowler": "AR McBrine",
              "non_striker": "D Myers",
              "runs": {
                "batter": 0,
                "extras": 0,
                "total": 0
              }
            },
            {
              "batter": "CR Ervine",
              "bowler": "AR McBrine",
              "non_striker": "D Myers",
              "runs": {
                "batter": 4,
                "extras": 0,
                "total": 4
              }
            },
            {
              "batter": "CR Ervine",
              "bowler": "AR McBrine",
              "non_striker": "D Myers",
              "runs": {
                "batter": 0,
                "extras": 0,
                "total": 0
              }
            },
            {
              "batter": "CR Ervine",
              "bowler": "AR McBrine",
              "non_striker": "D Myers",
              "runs": {
                "batter": 1,
                "extras": 0,
                "total": 1
              }
            },
            {
              "batter": "D Myers",
              "bowler": "AR McBrine",
              "non_striker": "CR Ervine",
              "runs": {
                "batter": 1,
                "extras": 0,
                "total": 1
              }
            }
          ]
        },
        {
          "over": 14,
          "deliveries": [
            {
              "batter": "D Myers",
              "bowler": "SC Getkate",
              "non_striker": "CR Ervine",
              "runs": {
                "batter": 1,
                "extras": 0,
                "total": 1
              }
            },
            {
              "batter": "CR Ervine",
              "bowler": "SC Getkate",
              "non_striker": "D Myers",
              "runs": {
                "batter": 1,
                "extras": 0,
                "total": 1
              }
            },
            {
              "batter": "D Myers",
              "bowler": "SC Getkate",
              "non_striker": "CR Ervine",
              "runs": {
                "batter": 1,
                "extras": 0,
                "total": 1
              }
            },
            {
              "batter": "CR Ervine",
              "bowler": "SC Getkate",
              "non_striker": "D Myers",
              "runs": {
                "batter": 2,
                "extras": 0,
                "total": 2
              }
            },
            {
              "batter": "CR Ervine",
              "bowler": "SC Getkate",
              "non_striker": "D Myers",
              "runs": {
                "batter": 1,
                "extras": 0,
                "total": 1
              }
            },
            {
              "batter": "D Myers",
              "bowler": "SC Getkate",
              "non_striker": "CR Ervine",
              "runs": {
                "batter": 1,
                "extras": 0,
                "total": 1
              }
            }
          ]
        },
        {
          "over": 15,
          "deliveries": [
            {
              "batter": "D Myers",
              "bowler": "MR Adair",
              "non_striker": "CR Ervine",
              "runs": {
                "batter": 4,
                "extras": 0,
                "total": 4
              }
            },
            {
              "batter": "D Myers",
              "bowler": "MR Adair",
              "non_striker": "CR Ervine",
              "runs": {
                "batter": 0,
                "extras": 0,
                "total": 0
              },
              "wickets": [
                {
                  "player_out": "D Myers",
                  "fielders": [
                    {
                      "name": "J Little"
                    }
                  ],
                  "kind": "caught"
                }
              ]
            },
            {
              "batter": "CR Ervine",
              "bowler": "MR Adair",
              "extras": {
                "legbyes": 1
              },
              "non_striker": "M Shumba",
              "runs": {
                "batter": 0,
                "extras": 1,
                "total": 1
              }
            },
            {
              "batter": "M Shumba",
              "bowler": "MR Adair",
              "non_striker": "CR Ervine",
              "runs": {
                "batter": 0,
                "extras": 0,
                "total": 0
              }
            },
            {
              "batter": "M Shumba",
              "bowler": "MR Adair",
              "non_striker": "CR Ervine",
              "runs": {
                "batter": 4,
                "extras": 0,
                "total": 4
              }
            },
            {
              "batter": "M Shumba",
              "bowler": "MR Adair",
              "non_striker": "CR Ervine",
              "runs": {
                "batter": 0,
                "extras": 0,
                "total": 0
              }
            }
          ]
        },
        {
          "over": 16,
          "deliveries": [
            {
              "batter": "CR Ervine",
              "bowler": "J Little",
              "non_striker": "M Shumba",
              "runs": {
                "batter": 1,
                "extras": 0,
                "total": 1
              }
            },
            {
              "batter": "M Shumba",
              "bowler": "J Little",
              "non_striker": "CR Ervine",
              "runs": {
                "batter": 0,
                "extras": 0,
                "total": 0
              }
            },
            {
              "batter": "M Shumba",
              "bowler": "J Little",
              "non_striker": "CR Ervine",
              "runs": {
                "batter": 0,
                "extras": 0,
                "total": 0
              }
            },
            {
              "batter": "M Shumba",
              "bowler": "J Little",
              "extras": {
                "legbyes": 1
              },
              "non_striker": "CR Ervine",
              "runs": {
                "batter": 0,
                "extras": 1,
                "total": 1
              }
            },
            {
              "batter": "CR Ervine",
              "bowler": "J Little",
              "non_striker": "M Shumba",
              "runs": {
                "batter": 4,
                "extras": 0,
                "total": 4
              }
            },
            {
              "batter": "CR Ervine",
              "bowler": "J Little",
              "non_striker": "M Shumba",
              "runs": {
                "batter": 0,
                "extras": 0,
                "total": 0
              }
            }
          ]
        },
        {
          "over": 17,
          "deliveries": [
            {
              "batter": "M Shumba",
              "bowler": "CA Young",
              "non_striker": "CR Ervine",
              "runs": {
                "batter": 4,
                "extras": 0,
                "total": 4
              }
            },
            {
              "batter": "M Shumba",
              "bowler": "CA Young",
              "extras": {
                "legbyes": 1
              },
              "non_striker": "CR Ervine",
              "runs": {
                "batter": 0,
                "extras": 1,
                "total": 1
              }
            },
            {
              "batter": "CR Ervine",
              "bowler": "CA Young",
              "non_striker": "M Shumba",
              "runs": {
                "batter": 1,
                "extras": 0,
                "total": 1
              }
            },
            {
              "batter": "M Shumba",
              "bowler": "CA Young",
              "non_striker": "CR Ervine",
              "runs": {
                "batter": 0,
                "extras": 0,
                "total": 0
              }
            },
            {
              "batter": "M Shumba",
              "bowler": "CA Young",
              "non_striker": "CR Ervine",
              "runs": {
                "batter": 1,
                "extras": 0,
                "total": 1
              }
            },
            {
              "batter": "CR Ervine",
              "bowler": "CA Young",
              "non_striker": "M Shumba",
              "runs": {
                "batter": 1,
                "extras": 0,
                "total": 1
              }
            }
          ]
        },
        {
          "over": 18,
          "deliveries": [
            {
              "batter": "CR Ervine",
              "bowler": "J Little",
              "non_striker": "M Shumba",
              "runs": {
                "batter": 0,
                "extras": 0,
                "total": 0
              }
            },
            {
              "batter": "CR Ervine",
              "bowler": "J Little",
              "non_striker": "M Shumba",
              "runs": {
                "batter": 1,
                "extras": 0,
                "total": 1
              }
            },
            {
              "batter": "M Shumba",
              "bowler": "J Little",
              "non_striker": "CR Ervine",
              "runs": {
                "batter": 0,
                "extras": 0,
                "total": 0
              }
            },
            {
              "batter": "M Shumba",
              "bowler": "J Little",
              "non_striker": "CR Ervine",
              "runs": {
                "batter": 2,
                "extras": 0,
                "total": 2
              }
            },
            {
              "batter": "M Shumba",
              "bowler": "J Little",
              "non_striker": "CR Ervine",
              "runs": {
                "batter": 1,
                "extras": 0,
                "total": 1
              }
            },
            {
              "batter": "CR Ervine",
              "bowler": "J Little",
              "non_striker": "M Shumba",
              "runs": {
                "batter": 1,
                "extras": 0,
                "total": 1
              }
            }
          ]
        },
        {
          "over": 19,
          "deliveries": [
            {
              "batter": "CR Ervine",
              "bowler": "MR Adair",
              "non_striker": "M Shumba",
              "runs": {
                "batter": 2,
                "extras": 0,
                "total": 2
              }
            },
            {
              "batter": "CR Ervine",
              "bowler": "MR Adair",
              "non_striker": "M Shumba",
              "runs": {
                "batter": 1,
                "extras": 0,
                "total": 1
              }
            },
            {
              "batter": "M Shumba",
              "bowler": "MR Adair",
              "non_striker": "CR Ervine",
              "runs": {
                "batter": 2,
                "extras": 0,
                "total": 2
              }
            },
            {
              "batter": "M Shumba",
              "bowler": "MR Adair",
              "extras": {
                "legbyes": 1
              },
              "non_striker": "CR Ervine",
              "runs": {
                "batter": 0,
                "extras": 1,
                "total": 1
              }
            },
            {
              "batter": "CR Ervine",
              "bowler": "MR Adair",
              "non_striker": "M Shumba",
              "runs": {
                "batter": 2,
                "extras": 0,
                "total": 2
              }
            },
            {
              "batter": "CR Ervine",
              "bowler": "MR Adair",
              "extras": {
                "legbyes": 1
              },
              "non_striker": "M Shumba",
              "runs": {
                "batter": 0,
                "extras": 1,
                "total": 1
              }
            }
          ]
        }
      ],
      "powerplays": [
        {
          "from": 0.1,
          "to": 5.6,
          "type": "mandatory"
        }
      ]
    },
    {
      "team": "Ireland",
      "overs": [
        {
          "over": 0,
          "deliveries": [
            {
              "batter": "PR Stirling",
              "bowler": "B Muzarabani",
              "non_striker": "KJ O'Brien",
              "runs": {
                "batter": 2,
                "extras": 0,
                "total": 2
              }
            },
            {
              "batter": "PR Stirling",
              "bowler": "B Muzarabani",
              "non_striker": "KJ O'Brien",
              "runs": {
                "batter": 1,
                "extras": 0,
                "total": 1
              }
            },
            {
              "batter": "KJ O'Brien",
              "bowler": "B Muzarabani",
              "non_striker": "PR Stirling",
              "runs": {
                "batter": 2,
                "extras": 0,
                "total": 2
              }
            },
            {
              "batter": "KJ O'Brien",
              "bowler": "B Muzarabani",
              "non_striker": "PR Stirling",
              "runs": {
                "batter": 1,
                "extras": 0,
                "total": 1
              }
            },
            {
              "batter": "PR Stirling",
              "bowler": "B Muzarabani",
              "non_striker": "KJ O'Brien",
              "runs": {
                "batter": 0,
                "extras": 0,
                "total": 0
              }
            },
            {
              "batter": "PR Stirling",
              "bowler": "B Muzarabani",
              "non_striker": "KJ O'Brien",
              "runs": {
                "batter": 0,
                "extras": 0,
                "total": 0
              }
            }
          ]
        },
        {
          "over": 1,
          "deliveries": [
            {
              "batter": "KJ O'Brien",
              "bowler": "R Ngarava",
              "non_striker": "PR Stirling",
              "runs": {
                "batter": 0,
                "extras": 0,
                "total": 0
              }
            },
            {
              "batter": "KJ O'Brien",
              "bowler": "R Ngarava",
              "non_striker": "PR Stirling",
              "runs": {
                "batter": 0,
                "extras": 0,
                "total": 0
              }
            },
            {
              "batter": "KJ O'Brien",
              "bowler": "R Ngarava",
              "non_striker": "PR Stirling",
              "runs": {
                "batter": 0,
                "extras": 0,
                "total": 0
              }
            },
            {
              "batter": "KJ O'Brien",
              "bowler": "R Ngarava",
              "non_striker": "PR Stirling",
              "runs": {
                "batter": 4,
                "extras": 0,
                "total": 4
              }
            },
            {
              "batter": "KJ O'Brien",
              "bowler": "R Ngarava",
              "non_striker": "PR Stirling",
              "runs": {
                "batter": 0,
                "extras": 0,
                "total": 0
              }
            },
            {
              "batter": "KJ O'Brien",
              "bowler": "R Ngarava",
              "non_striker": "PR Stirling",
              "runs": {
                "batter": 0,
                "extras": 0,
                "total": 0
              }
            }
          ]
        },
        {
          "over": 2,
          "deliveries": [
            {
              "batter": "PR Stirling",
              "bowler": "LM Jongwe",
              "non_striker": "KJ O'Brien",
              "runs": {
                "batter": 6,
                "extras": 0,
                "total": 6
              }
            },
            {
              "batter": "PR Stirling",
              "bowler": "LM Jongwe",
              "non_striker": "KJ O'Brien",
              "runs": {
                "batter": 0,
                "extras": 0,
                "total": 0
              }
            },
            {
              "batter": "PR Stirling",
              "bowler": "LM Jongwe",
              "non_striker": "KJ O'Brien",
              "runs": {
                "batter": 0,
                "extras": 0,
                "total": 0
              }
            },
            {
              "batter": "PR Stirling",
              "bowler": "LM Jongwe",
              "non_striker": "KJ O'Brien",
              "runs": {
                "batter": 0,
                "extras": 0,
                "total": 0
              }
            },
            {
              "batter": "PR Stirling",
              "bowler": "LM Jongwe",
              "non_striker": "KJ O'Brien",
              "runs": {
                "batter": 1,
                "extras": 0,
                "total": 1
              }
            },
            {
              "batter": "KJ O'Brien",
              "bowler": "LM Jongwe",
              "non_striker": "PR Stirling",
              "runs": {
                "batter": 0,
                "extras": 0,
                "total": 0
              },
              "wickets": [
                {
                  "player_out": "KJ O'Brien",
                  "kind": "bowled"
                }
              ]
            }
          ]
        },
        {
          "over": 3,
          "deliveries": [
            {
              "batter": "PR Stirling",
              "bowler": "DT Tiripano",
              "non_striker": "A Balbirnie",
              "runs": {
                "batter": 1,
                "extras": 0,
                "total": 1
              }
            },
            {
              "batter": "A Balbirnie",
              "bowler": "DT Tiripano",
              "non_striker": "PR Stirling",
              "runs": {
                "batter": 2,
                "extras": 0,
                "total": 2
              }
            },
            {
              "batter": "A Balbirnie",
              "bowler": "DT Tiripano",
              "non_striker": "PR Stirling",
              "runs": {
                "batter": 2,
                "extras": 0,
                "total": 2
              }
            },
            {
              "batter": "A Balbirnie",
              "bowler": "DT Tiripano",
              "non_striker": "PR Stirling",
              "runs": {
                "batter": 0,
                "extras": 0,
                "total": 0
              }
            },
            {
              "batter": "A Balbirnie",
              "bowler": "DT Tiripano",
              "non_striker": "PR Stirling",
              "runs": {
                "batter": 0,
                "extras": 0,
                "total": 0
              },
              "wickets": [
                {
                  "player_out": "A Balbirnie",
                  "fielders": [
                    {
                      "name": "RW Chakabva"
                    }
                  ],
                  "kind": "caught"
                }
              ]
            },
            {
              "batter": "HT Tector",
              "bowler": "DT Tiripano",
              "non_striker": "PR Stirling",
              "runs": {
                "batter": 0,
                "extras": 0,
                "total": 0
              }
            }
          ]
        },
        {
          "over": 4,
          "deliveries": [
            {
              "batter": "PR Stirling",
              "bowler": "LM Jongwe",
              "non_striker": "HT Tector",
              "runs": {
                "batter": 4,
                "extras": 0,
                "total": 4
              }
            },
            {
              "batter": "PR Stirling",
              "bowler": "LM Jongwe",
              "non_striker": "HT Tector",
              "runs": {
                "batter": 4,
                "extras": 0,
                "total": 4
              }
            },
            {
              "batter": "PR Stirling",
              "bowler": "LM Jongwe",
              "non_striker": "HT Tector",
              "runs": {
                "batter": 0,
                "extras": 0,
                "total": 0
              },
              "wickets": [
                {
                  "player_out": "PR Stirling",
                  "fielders": [
                    {
                      "name": "M Shumba"
                    }
                  ],
                  "kind": "caught"
                }
              ]
            },
            {
              "batter": "NA Rock",
              "bowler": "LM Jongwe",
              "non_striker": "HT Tector",
              "runs": {
                "batter": 0,
                "extras": 0,
                "total": 0
              }
            },
            {
              "batter": "NA Rock",
              "bowler": "LM Jongwe",
              "non_striker": "HT Tector",
              "runs": {
                "batter": 0,
                "extras": 0,
                "total": 0
              }
            },
            {
              "batter": "NA Rock",
              "bowler": "LM Jongwe",
              "non_striker": "HT Tector",
              "runs": {
                "batter": 0,
                "extras": 0,
                "total": 0
              }
            }
          ]
        },
        {
          "over": 5,
          "deliveries": [
            {
              "batter": "HT Tector",
              "bowler": "DT Tiripano",
              "non_striker": "NA Rock",
              "runs": {
                "batter": 0,
                "extras": 0,
                "total": 0
              }
            },
            {
              "batter": "HT Tector",
              "bowler": "DT Tiripano",
              "non_striker": "NA Rock",
              "runs": {
                "batter": 0,
                "extras": 0,
                "total": 0
              },
              "wickets": [
                {
                  "player_out": "HT Tector",
                  "fielders": [
                    {
                      "name": "D Myers"
                    }
                  ],
                  "kind": "caught"
                }
              ]
            },
            {
              "batter": "W McClintock",
              "bowler": "DT Tiripano",
              "non_striker": "NA Rock",
              "runs": {
                "batter": 0,
                "extras": 0,
                "total": 0
              }
            },
            {
              "batter": "W McClintock",
              "bowler": "DT Tiripano",
              "non_striker": "NA Rock",
              "runs": {
                "batter": 0,
                "extras": 0,
                "total": 0
              }
            },
            {
              "batter": "W McClintock",
              "bowler": "DT Tiripano",
              "non_striker": "NA Rock",
              "runs": {
                "batter": 4,
                "extras": 0,
                "total": 4
              }
            },
            {
              "batter": "W McClintock",
              "bowler": "DT Tiripano",
              "non_striker": "NA Rock",
              "runs": {
                "batter": 4,
                "extras": 0,
                "total": 4
              }
            }
          ]
        },
        {
          "over": 6,
          "deliveries": [
            {
              "batter": "NA Rock",
              "bowler": "B Muzarabani",
              "non_striker": "W McClintock",
              "runs": {
                "batter": 1,
                "extras": 0,
                "total": 1
              }
            },
            {
              "batter": "W McClintock",
              "bowler": "B Muzarabani",
              "extras": {
                "byes": 4
              },
              "non_striker": "NA Rock",
              "runs": {
                "batter": 0,
                "extras": 4,
                "total": 4
              }
            },
            {
              "batter": "W McClintock",
              "bowler": "B Muzarabani",
              "non_striker": "NA Rock",
              "runs": {
                "batter": 0,
                "extras": 0,
                "total": 0
              }
            },
            {
              "batter": "W McClintock",
              "bowler": "B Muzarabani",
              "non_striker": "NA Rock",
              "runs": {
                "batter": 0,
                "extras": 0,
                "total": 0
              }
            },
            {
              "batter": "W McClintock",
              "bowler": "B Muzarabani",
              "non_striker": "NA Rock",
              "runs": {
                "batter": 1,
                "extras": 0,
                "total": 1
              }
            },
            {
              "batter": "NA Rock",
              "bowler": "B Muzarabani",
              "non_striker": "W McClintock",
              "runs": {
                "batter": 1,
                "extras": 0,
                "total": 1
              }
            }
          ]
        },
        {
          "over": 7,
          "deliveries": [
            {
              "batter": "NA Rock",
              "bowler": "R Ngarava",
              "extras": {
                "wides": 5
              },
              "non_striker": "W McClintock",
              "runs": {
                "batter": 0,
                "extras": 5,
                "total": 5
              }
            },
            {
              "batter": "NA Rock",
              "bowler": "R Ngarava",
              "extras": {
                "legbyes": 1
              },
              "non_striker": "W McClintock",
              "runs": {
                "batter": 0,
                "extras": 1,
                "total": 1
              }
            },
            {
              "batter": "W McClintock",
              "bowler": "R Ngarava",
              "non_striker": "NA Rock",
              "runs": {
                "batter": 0,
                "extras": 0,
                "total": 0
              }
            },
            {
              "batter": "W McClintock",
              "bowler": "R Ngarava",
              "non_striker": "NA Rock",
              "runs": {
                "batter": 0,
                "extras": 0,
                "total": 0
              },
              "wickets": [
                {
                  "player_out": "W McClintock",
                  "fielders": [
                    {
                      "name": "W Madhevere"
                    }
                  ],
                  "kind": "caught"
                }
              ]
            },
            {
              "batter": "NA Rock",
              "bowler": "R Ngarava",
              "non_striker": "SC Getkate",
              "runs": {
                "batter": 1,
                "extras": 0,
                "total": 1
              }
            },
            {
              "batter": "SC Getkate",
              "bowler": "R Ngarava",
              "non_striker": "NA Rock",
              "runs": {
                "batter": 0,
                "extras": 0,
                "total": 0
              }
            },
            {
              "batter": "SC Getkate",
              "bowler": "R Ngarava",
              "non_striker": "NA Rock",
              "runs": {
                "batter": 0,
                "extras": 0,
                "total": 0
              }
            }
          ]
        },
        {
          "over": 8,
          "deliveries": [
            {
              "batter": "NA Rock",
              "bowler": "WP Masakadza",
              "non_striker": "SC Getkate",
              "runs": {
                "batter": 1,
                "extras": 0,
                "total": 1
              }
            },
            {
              "batter": "SC Getkate",
              "bowler": "WP Masakadza",
              "non_striker": "NA Rock",
              "runs": {
                "batter": 1,
                "extras": 0,
                "total": 1
              }
            },
            {
              "batter": "NA Rock",
              "bowler": "WP Masakadza",
              "non_striker": "SC Getkate",
              "runs": {
                "batter": 0,
                "extras": 0,
                "total": 0
              }
            },
            {
              "batter": "NA Rock",
              "bowler": "WP Masakadza",
              "non_striker": "SC Getkate",
              "runs": {
                "batter": 4,
                "extras": 0,
                "total": 4
              }
            },
            {
              "batter": "NA Rock",
              "bowler": "WP Masakadza",
              "extras": {
                "wides": 1
              },
              "non_striker": "SC Getkate",
              "runs": {
                "batter": 0,
                "extras": 1,
                "total": 1
              }
            },
            {
              "batter": "NA Rock",
              "bowler": "WP Masakadza",
              "non_striker": "SC Getkate",
              "runs": {
                "batter": 1,
                "extras": 0,
                "total": 1
              }
            },
            {
              "batter": "SC Getkate",
              "bowler": "WP Masakadza",
              "non_striker": "NA Rock",
              "runs": {
                "batter": 1,
                "extras": 0,
                "total": 1
              }
            }
          ]
        },
        {
          "over": 9,
          "deliveries": [
            {
              "batter": "SC Getkate",
              "bowler": "W Madhevere",
              "non_striker": "NA Rock",
              "runs": {
                "batter": 1,
                "extras": 0,
                "total": 1
              }
            },
            {
              "batter": "NA Rock",
              "bowler": "W Madhevere",
              "non_striker": "SC Getkate",
              "runs": {
                "batter": 1,
                "extras": 0,
                "total": 1
              }
            },
            {
              "batter": "SC Getkate",
              "bowler": "W Madhevere",
              "non_striker": "NA Rock",
              "runs": {
                "batter": 0,
                "extras": 0,
                "total": 0
              }
            },
            {
              "batter": "SC Getkate",
              "bowler": "W Madhevere",
              "non_striker": "NA Rock",
              "runs": {
                "batter": 0,
                "extras": 0,
                "total": 0
              }
            },
            {
              "batter": "SC Getkate",
              "bowler": "W Madhevere",
              "non_striker": "NA Rock",
              "runs": {
                "batter": 1,
                "extras": 0,
                "total": 1
              }
            },
            {
              "batter": "NA Rock",
              "bowler": "W Madhevere",
              "non_striker": "SC Getkate",
              "runs": {
                "batter": 4,
                "extras": 0,
                "total": 4
              }
            }
          ]
        },
        {
          "over": 10,
          "deliveries": [
            {
              "batter": "SC Getkate",
              "bowler": "WP Masakadza",
              "non_striker": "NA Rock",
              "runs": {
                "batter": 0,
                "extras": 0,
                "total": 0
              }
            },
            {
              "batter": "SC Getkate",
              "bowler": "WP Masakadza",
              "non_striker": "NA Rock",
              "runs": {
                "batter": 0,
                "extras": 0,
                "total": 0
              }
            },
            {
              "batter": "SC Getkate",
              "bowler": "WP Masakadza",
              "non_striker": "NA Rock",
              "runs": {
                "batter": 1,
                "extras": 0,
                "total": 1
              }
            },
            {
              "batter": "NA Rock",
              "bowler": "WP Masakadza",
              "non_striker": "SC Getkate",
              "runs": {
                "batter": 1,
                "extras": 0,
                "total": 1
              }
            },
            {
              "batter": "SC Getkate",
              "bowler": "WP Masakadza",
              "non_striker": "NA Rock",
              "runs": {
                "batter": 0,
                "extras": 0,
                "total": 0
              }
            },
            {
              "batter": "SC Getkate",
              "bowler": "WP Masakadza",
              "non_striker": "NA Rock",
              "runs": {
                "batter": 1,
                "extras": 0,
                "total": 1
              }
            }
          ]
        },
        {
          "over": 11,
          "deliveries": [
            {
              "batter": "SC Getkate",
              "bowler": "DT Tiripano",
              "non_striker": "NA Rock",
              "runs": {
                "batter": 1,
                "extras": 0,
                "total": 1
              }
            },
            {
              "batter": "NA Rock",
              "bowler": "DT Tiripano",
              "non_striker": "SC Getkate",
              "runs": {
                "batter": 1,
                "extras": 0,
                "total": 1
              }
            },
            {
              "batter": "SC Getkate",
              "bowler": "DT Tiripano",
              "non_striker": "NA Rock",
              "runs": {
                "batter": 0,
                "extras": 0,
                "total": 0
              }
            },
            {
              "batter": "SC Getkate",
              "bowler": "DT Tiripano",
              "non_striker": "NA Rock",
              "runs": {
                "batter": 6,
                "extras": 0,
                "total": 6
              }
            },
            {
              "batter": "SC Getkate",
              "bowler": "DT Tiripano",
              "extras": {
                "noballs": 1
              },
              "non_striker": "NA Rock",
              "runs": {
                "batter": 1,
                "extras": 1,
                "total": 2
              }
            },
            {
              "batter": "NA Rock",
              "bowler": "DT Tiripano",
              "non_striker": "SC Getkate",
              "runs": {
                "batter": 2,
                "extras": 0,
                "total": 2
              }
            },
            {
              "batter": "NA Rock",
              "bowler": "DT Tiripano",
              "non_striker": "SC Getkate",
              "runs": {
                "batter": 2,
                "extras": 0,
                "total": 2
              }
            }
          ]
        },
        {
          "over": 12,
          "deliveries": [
            {
              "batter": "SC Getkate",
              "bowler": "WP Masakadza",
              "non_striker": "NA Rock",
              "runs": {
                "batter": 0,
                "extras": 0,
                "total": 0
              }
            },
            {
              "batter": "SC Getkate",
              "bowler": "WP Masakadza",
              "non_striker": "NA Rock",
              "runs": {
                "batter": 0,
                "extras": 0,
                "total": 0
              }
            },
            {
              "batter": "SC Getkate",
              "bowler": "WP Masakadza",
              "non_striker": "NA Rock",
              "runs": {
                "batter": 1,
                "extras": 0,
                "total": 1
              }
            },
            {
              "batter": "NA Rock",
              "bowler": "WP Masakadza",
              "non_striker": "SC Getkate",
              "runs": {
                "batter": 1,
                "extras": 0,
                "total": 1
              }
            },
            {
              "batter": "SC Getkate",
              "bowler": "WP Masakadza",
              "non_striker": "NA Rock",
              "runs": {
                "batter": 0,
                "extras": 0,
                "total": 0
              },
              "wickets": [
                {
                  "player_out": "SC Getkate",
                  "kind": "lbw"
                }
              ]
            },
            {
              "batter": "AR McBrine",
              "bowler": "WP Masakadza",
              "non_striker": "NA Rock",
              "runs": {
                "batter": 1,
                "extras": 0,
                "total": 1
              }
            }
          ]
        },
        {
          "over": 13,
          "deliveries": [
            {
              "batter": "AR McBrine",
              "bowler": "LM Jongwe",
              "non_striker": "NA Rock",
              "runs": {
                "batter": 1,
                "extras": 0,
                "total": 1
              }
            },
            {
              "batter": "NA Rock",
              "bowler": "LM Jongwe",
              "non_striker": "AR McBrine",
              "runs": {
                "batter": 0,
                "extras": 0,
                "total": 0
              }
            },
            {
              "batter": "NA Rock",
              "bowler": "LM Jongwe",
              "non_striker": "AR McBrine",
              "runs": {
                "batter": 1,
                "extras": 0,
                "total": 1
              }
            },
            {
              "batter": "AR McBrine",
              "bowler": "LM Jongwe",
              "non_striker": "NA Rock",
              "runs": {
                "batter": 1,
                "extras": 0,
                "total": 1
              }
            },
            {
              "batter": "NA Rock",
              "bowler": "LM Jongwe",
              "non_striker": "AR McBrine",
              "runs": {
                "batter": 0,
                "extras": 0,
                "total": 0
              },
              "wickets": [
                {
                  "player_out": "NA Rock",
                  "fielders": [
                    {
                      "name": "T Marumani",
                      "substitute": true
                    }
                  ],
                  "kind": "caught"
                }
              ]
            },
            {
              "batter": "AR McBrine",
              "bowler": "LM Jongwe",
              "non_striker": "MR Adair",
              "runs": {
                "batter": 1,
                "extras": 0,
                "total": 1
              }
            }
          ]
        },
        {
          "over": 14,
          "deliveries": [
            {
              "batter": "AR McBrine",
              "bowler": "B Muzarabani",
              "non_striker": "MR Adair",
              "runs": {
                "batter": 1,
                "extras": 0,
                "total": 1
              }
            },
            {
              "batter": "MR Adair",
              "bowler": "B Muzarabani",
              "non_striker": "AR McBrine",
              "runs": {
                "batter": 0,
                "extras": 0,
                "total": 0
              }
            },
            {
              "batter": "MR Adair",
              "bowler": "B Muzarabani",
              "non_striker": "AR McBrine",
              "runs": {
                "batter": 1,
                "extras": 0,
                "total": 1
              }
            },
            {
              "batter": "AR McBrine",
              "bowler": "B Muzarabani",
              "non_striker": "MR Adair",
              "runs": {
                "batter": 1,
                "extras": 0,
                "total": 1
              }
            },
            {
              "batter": "MR Adair",
              "bowler": "B Muzarabani",
              "non_striker": "AR McBrine",
              "runs": {
                "batter": 1,
                "extras": 0,
                "total": 1
              }
            },
            {
              "batter": "AR McBrine",
              "bowler": "B Muzarabani",
              "non_striker": "MR Adair",
              "runs": {
                "batter": 0,
                "extras": 0,
                "total": 0
              }
            }
          ]
        },
        {
          "over": 15,
          "deliveries": [
            {
              "batter": "MR Adair",
              "bowler": "R Ngarava",
              "non_striker": "AR McBrine",
              "runs": {
                "batter": 0,
                "extras": 0,
                "total": 0
              }
            },
            {
              "batter": "MR Adair",
              "bowler": "R Ngarava",
              "non_striker": "AR McBrine",
              "runs": {
                "batter": 0,
                "extras": 0,
                "total": 0
              }
            },
            {
              "batter": "MR Adair",
              "bowler": "R Ngarava",
              "non_striker": "AR McBrine",
              "runs": {
                "batter": 0,
                "extras": 0,
                "total": 0
              }
            },
            {
              "batter": "MR Adair",
              "bowler": "R Ngarava",
              "non_striker": "AR McBrine",
              "runs": {
                "batter": 1,
                "extras": 0,
                "total": 1
              }
            },
            {
              "batter": "AR McBrine",
              "bowler": "R Ngarava",
              "non_striker": "MR Adair",
              "runs": {
                "batter": 0,
                "extras": 0,
                "total": 0
              }
            },
            {
              "batter": "AR McBrine",
              "bowler": "R Ngarava",
              "non_striker": "MR Adair",
              "runs": {
                "batter": 0,
                "extras": 0,
                "total": 0
              }
            }
          ]
        },
        {
          "over": 16,
          "deliveries": [
            {
              "batter": "MR Adair",
              "bowler": "B Muzarabani",
              "non_striker": "AR McBrine",
              "runs": {
                "batter": 1,
                "extras": 0,
                "total": 1
              }
            },
            {
              "batter": "AR McBrine",
              "bowler": "B Muzarabani",
              "extras": {
                "wides": 1
              },
              "non_striker": "MR Adair",
              "runs": {
                "batter": 0,
                "extras": 1,
                "total": 1
              }
            },
            {
              "batter": "AR McBrine",
              "bowler": "B Muzarabani",
              "non_striker": "MR Adair",
              "runs": {
                "batter": 1,
                "extras": 0,
                "total": 1
              }
            },
            {
              "batter": "MR Adair",
              "bowler": "B Muzarabani",
              "non_striker": "AR McBrine",
              "runs": {
                "batter": 2,
                "extras": 0,
                "total": 2
              }
            },
            {
              "batter": "MR Adair",
              "bowler": "B Muzarabani",
              "non_striker": "AR McBrine",
              "runs": {
                "batter": 0,
                "extras": 0,
                "total": 0
              }
            },
            {
              "batter": "MR Adair",
              "bowler": "B Muzarabani",
              "non_striker": "AR McBrine",
              "runs": {
                "batter": 0,
                "extras": 0,
                "total": 0
              }
            },
            {
              "batter": "MR Adair",
              "bowler": "B Muzarabani",
              "non_striker": "AR McBrine",
              "runs": {
                "batter": 0,
                "extras": 0,
                "total": 0
              }
            }
          ]
        },
        {
          "over": 17,
          "deliveries": [
            {
              "batter": "AR McBrine",
              "bowler": "DT Tiripano",
              "non_striker": "MR Adair",
              "runs": {
                "batter": 1,
                "extras": 0,
                "total": 1
              }
            },
            {
              "batter": "MR Adair",
              "bowler": "DT Tiripano",
              "non_striker": "AR McBrine",
              "runs": {
                "batter": 1,
                "extras": 0,
                "total": 1
              }
            },
            {
              "batter": "AR McBrine",
              "bowler": "DT Tiripano",
              "non_striker": "MR Adair",
              "runs": {
                "batter": 0,
                "extras": 0,
                "total": 0
              }
            },
            {
              "batter": "AR McBrine",
              "bowler": "DT Tiripano",
              "non_striker": "MR Adair",
              "runs": {
                "batter": 0,
                "extras": 0,
                "total": 0
              },
              "wickets": [
                {
                  "player_out": "AR McBrine",
                  "fielders": [
                    {
                      "name": "T Marumani",
                      "substitute": true
                    }
                  ],
                  "kind": "caught"
                }
              ]
            },
            {
              "batter": "MR Adair",
              "bowler": "DT Tiripano",
              "non_striker": "CA Young",
              "runs": {
                "batter": 1,
                "extras": 0,
                "total": 1
              }
            },
            {
              "batter": "CA Young",
              "bowler": "DT Tiripano",
              "non_striker": "MR Adair",
              "runs": {
                "batter": 1,
                "extras": 0,
                "total": 1
              }
            }
          ]
        },
        {
          "over": 18,
          "deliveries": [
            {
              "batter": "CA Young",
              "bowler": "LM Jongwe",
              "non_striker": "MR Adair",
              "runs": {
                "batter": 0,
                "extras": 0,
                "total": 0
              },
              "wickets": [
                {
                  "player_out": "MR Adair",
                  "kind": "run out"
                }
              ]
            },
            {
              "batter": "CA Young",
              "bowler": "LM Jongwe",
              "non_striker": "J Little",
              "runs": {
                "batter": 0,
                "extras": 0,
                "total": 0
              }
            },
            {
              "batter": "CA Young",
              "bowler": "LM Jongwe",
              "non_striker": "J Little",
              "runs": {
                "batter": 0,
                "extras": 0,
                "total": 0
              }
            },
            {
              "batter": "CA Young",
              "bowler": "LM Jongwe",
              "non_striker": "J Little",
              "runs": {
                "batter": 6,
                "extras": 0,
                "total": 6
              }
            },
            {
              "batter": "CA Young",
              "bowler": "LM Jongwe",
              "non_striker": "J Little",
              "runs": {
                "batter": 2,
                "extras": 0,
                "total": 2
              }
            },
            {
              "batter": "CA Young",
              "bowler": "LM Jongwe",
              "non_striker": "J Little",
              "runs": {
                "batter": 2,
                "extras": 0,
                "total": 2
              }
            }
          ]
        },
        {
          "over": 19,
          "deliveries": [
            {
              "batter": "J Little",
              "bowler": "R Ngarava",
              "non_striker": "CA Young",
              "runs": {
                "batter": 0,
                "extras": 0,
                "total": 0
              }
            },
            {
              "batter": "J Little",
              "bowler": "R Ngarava",
              "non_striker": "CA Young",
              "runs": {
                "batter": 2,
                "extras": 0,
                "total": 2
              }
            },
            {
              "batter": "J Little",
              "bowler": "R Ngarava",
              "non_striker": "CA Young",
              "runs": {
                "batter": 0,
                "extras": 0,
                "total": 0
              }
            },
            {
              "batter": "J Little",
              "bowler": "R Ngarava",
              "non_striker": "CA Young",
              "runs": {
                "batter": 1,
                "extras": 0,
                "total": 1
              }
            },
            {
              "batter": "CA Young",
              "bowler": "R Ngarava",
              "non_striker": "J Little",
              "runs": {
                "batter": 0,
                "extras": 0,
                "total": 0
              }
            },
            {
              "batter": "CA Young",
              "bowler": "R Ngarava",
              "non_striker": "J Little",
              "runs": {
                "batter": 0,
                "extras": 0,
                "total": 0
              },
              "wickets": [
                {
                  "player_out": "J Little",
                  "kind": "run out"
                }
              ]
            }
          ]
        }
      ],
      "powerplays": [
        {
          "from": 0.1,
          "to": 5.6,
          "type": "mandatory"
        }
      ],
      "target": {
        "overs": 20,
        "runs": 125
      }
    }
  ]
}