{
  "meta": {
    "data_version": "1.0.0",
    "created": "2021-08-20",
    "revision": 1
  },
  "info": {
    "balls_per_over": 6,
    "city": "Albergaria",
    "dates": [
      "2021-08-20"
    ],
    "event": {
      "name": "Portugal T20 Tri-Series",
      "match_number": 2
    },
    "gender": "male",
    "match_type": "T20",
    "match_type_number": 1230,
    "missing": [
      "player_of_match",
      "umpires"
    ],
    "outcome": {
      "winner": "Malta",
      "by": {
        "wickets": 8
      }
    },
    "overs": 20,
    "player_of_match": [
      "Washeem Abbas"
    ],
    "players": {
      "Gibraltar": [
        "E Packard",
        "L Bruce",
        "CJ Delany",
        "JA Fitzgerald",
        "K Nestor",
        "RJ Hatchman",
        "P Hatchman",
        "J Marples",
        "MD Garratt",
        "CV Harrison",
        "A Orfila"
      ],
      "Malta": [
        "B Arora",
        "Zeeshan Khan",
        "SSM Stanislaus",
        "VP Thamotharam",
        "Haroon Mughal",
        "Amar Sharma",
        "Washeem Abbas",
        "M Goonetilleke",
        "J Shaju",
        "SE Aquilina",
        "Bilal Muhammad"
      ]
    },
    "registry": {
      "people": {
        "A Orfila": "7c6293d1",
        "Amar Sharma": "14e1fdab",
        "B Arora": "39e9f0c9",
        "Bilal Muhammad": "eb5aa5b9",
        "CJ Delany": "3bc56bd6",
        "CV Harrison": "b0b80a99",
        "E Packard": "03b9ec54",
        "Haroon Mughal": "8ac3d7ee",
        "J Marples": "9d75aec7",
        "J Shaju": "d8bee9a1",
        "JA Fitzgerald": "4e6ff836",
        "K Nestor": "b89cde87",
        "L Bruce": "2a03bd2f",
        "M Goonetilleke": "cbc6c352",
        "MD Garratt": "aa4154ad",
        "P Hatchman": "b504e8b8",
        "RJ Hatchman": "01c05b6c",
        "SE Aquilina": "019e740a",
        "SSM Stanislaus": "34dd3fd9",
        "VP Thamotharam": "eb40ed89",
        "Washeem Abbas": "6de4e430",
        "Zeeshan Khan": "3f9b1a96"
      }
    },
    "season": "2021",
    "team_type": "international",
    "teams": [
      "Gibraltar",
      "Malta"
    ],
    "toss": {
      "decision": "field",
      "winner": "Malta"
    },
    "venue": "Gucherre Cricket Ground"
  },
  "innings": [
    {
      "team": "Gibraltar",
      "overs": [
        {
          "over": 0,
          "deliveries": [
            {
              "batter": "E Packard",
              "bowler": "Bilal Muhammad",
              "non_striker": "L Bruce",
              "runs": {
                "batter": 0,
                "extras": 0,
                "total": 0
              }
            },
            {
              "batter": "E Packard",
              "bowler": "Bilal Muhammad",
              "non_striker": "L Bruce",
              "runs": {
                "batter": 1,
                "extras": 0,
                "total": 1
              }
            },
            {
              "batter": "L Bruce",
              "bowler": "Bilal Muhammad",
              "non_striker": "E Packard",
              "runs": {
                "batter": 0,
                "extras": 0,
                "total": 0
              }
            },
            {
              "batter": "L Bruce",
              "bowler": "Bilal Muhammad",
              "non_striker": "E Packard",
              "runs": {
                "batter": 0,
                "extras": 0,
                "total": 0
              }
            },
            {
              "batter": "L Bruce",
              "bowler": "Bilal Muhammad",
              "non_striker": "E Packard",
              "runs": {
                "batter": 1,
                "extras": 0,
                "total": 1
              }
            },
            {
              "batter": "E Packard",
              "bowler": "Bilal Muhammad",
              "non_striker": "L Bruce",
              "runs": {
                "batter": 0,
                "extras": 0,
                "total": 0
              }
            }
          ]
        },
        {
          "over": 1,
          "deliveries": [
            {
              "batter": "L Bruce",
              "bowler": "Washeem Abbas",
              "non_striker": "E Packard",
              "runs": {
                "batter": 4,
                "extras": 0,
                "total": 4
              }
            },
            {
              "batter": "L Bruce",
              "bowler": "Washeem Abbas",
              "non_striker": "E Packard",
              "runs": {
                "batter": 1,
                "extras": 0,
                "total": 1
              }
            },
            {
              "batter": "E Packard",
              "bowler": "Washeem Abbas",
              "non_striker": "L Bruce",
              "runs": {
                "batter": 1,
                "extras": 0,
                "total": 1
              }
            },
            {
              "batter": "L Bruce",
              "bowler": "Washeem Abbas",
              "non_striker": "E Packard",
              "runs": {
                "batter": 1,
                "extras": 0,
                "total": 1
              }
            },
            {
              "batter": "E Packard",
              "bowler": "Washeem Abbas",
              "non_striker": "L Bruce",
              "runs": {
                "batter": 0,
                "extras": 0,
                "total": 0
              }
            },
            {
              "batter": "E Packard",
              "bowler": "Washeem Abbas",
              "non_striker": "L Bruce",
              "runs": {
                "batter": 1,
                "extras": 0,
                "total": 1
              }
            }
          ]
        },
        {
          "over": 2,
          "deliveries": [
            {
              "batter": "E Packard",
              "bowler": "Bilal Muhammad",
              "non_striker": "L Bruce",
              "runs": {
                "batter": 0,
                "extras": 0,
                "total": 0
              }
            },
            {
              "batter": "E Packard",
              "bowler": "Bilal Muhammad",
              "non_striker": "L Bruce",
              "runs": {
                "batter": 0,
                "extras": 0,
                "total": 0
              }
            },
            {
              "batter": "E Packard",
              "bowler": "Bilal Muhammad",
              "non_striker": "L Bruce",
              "runs": {
                "batter": 0,
                "extras": 0,
                "total": 0
              }
            },
            {
              "batter": "E Packard",
              "bowler": "Bilal Muhammad",
              "non_striker": "L Bruce",
              "runs": {
                "batter": 0,
                "extras": 0,
                "total": 0
              },
              "wickets": [
                {
                  "player_out": "E Packard",
                  "fielders": [
                    {
                      "name": "M Goonetilleke"
                    }
                  ],
                  "kind": "caught"
                }
              ]
            },
            {
              "batter": "L Bruce",
              "bowler": "Bilal Muhammad",
              "non_striker": "CJ Delany",
              "runs": {
                "batter": 0,
                "extras": 0,
                "total": 0
              }
            },
            {
              "batter": "L Bruce",
              "bowler": "Bilal Muhammad",
              "non_striker": "CJ Delany",
              "runs": {
                "batter": 0,
                "extras": 0,
                "total": 0
              }
            }
          ]
        },
        {
          "over": 3,
          "deliveries": [
            {
              "batter": "CJ Delany",
              "bowler": "Washeem Abbas",
              "non_striker": "L Bruce",
              "runs": {
                "batter": 0,
                "extras": 0,
                "total": 0
              }
            },
            {
              "batter": "CJ Delany",
              "bowler": "Washeem Abbas",
              "non_striker": "L Bruce",
              "runs": {
                "batter": 1,
                "extras": 0,
                "total": 1
              }
            },
            {
              "batter": "L Bruce",
              "bowler": "Washeem Abbas",
              "non_striker": "CJ Delany",
              "runs": {
                "batter": 1,
                "extras": 0,
                "total": 1
              }
            },
            {
              "batter": "CJ Delany",
              "bowler": "Washeem Abbas",
              "non_striker": "L Bruce",
              "runs": {
                "batter": 0,
                "extras": 0,
                "total": 0
              }
            },
            {
              "batter": "CJ Delany",
              "bowler": "Washeem Abbas",
              "non_striker": "L Bruce",
              "runs": {
                "batter": 0,
                "extras": 0,
                "total": 0
              }
            },
            {
              "batter": "CJ Delany",
              "bowler": "Washeem Abbas",
              "non_striker": "L Bruce",
              "runs": {
                "batter": 4,
                "extras": 0,
                "total": 4
              }
            }
          ]
        },
        {
          "over": 4,
          "deliveries": [
            {
              "batter": "L Bruce",
              "bowler": "J Shaju",
              "extras": {
                "wides": 1
              },
              "non_striker": "CJ Delany",
              "runs": {
                "batter": 0,
                "extras": 1,
                "total": 1
              }
            },
            {
              "batter": "L Bruce",
              "bowler": "J Shaju",
              "non_striker": "CJ Delany",
              "runs": {
                "batter": 0,
                "extras": 0,
                "total": 0
              }
            },
            {
              "batter": "L Bruce",
              "bowler": "J Shaju",
              "non_striker": "CJ Delany",
              "runs": {
                "batter": 0,
                "extras": 0,
                "total": 0
              }
            },
            {
              "batter": "L Bruce",
              "bowler": "J Shaju",
              "non_striker": "CJ Delany",
              "runs": {
                "batter": 1,
                "extras": 0,
                "total": 1
              }
            },
            {
              "batter": "CJ Delany",
              "bowler": "J Shaju",
              "non_striker": "L Bruce",
              "runs": {
                "batter": 4,
                "extras": 0,
                "total": 4
              }
            },
            {
              "batter": "CJ Delany",
              "bowler": "J Shaju",
              "non_striker": "L Bruce",
              "runs": {
                "batter": 4,
                "extras": 0,
                "total": 4
              }
            },
            {
              "batter": "CJ Delany",
              "bowler": "J Shaju",
              "extras": {
                "wides": 1
              },
              "non_striker": "L Bruce",
              "runs": {
                "batter": 0,
                "extras": 1,
                "total": 1
              }
            },
            {
              "batter": "CJ Delany",
              "bowler": "J Shaju",
              "non_striker": "L Bruce",
              "runs": {
                "batter": 0,
                "extras": 0,
                "total": 0
              }
            }
          ]
        },
        {
          "over": 5,
          "deliveries": [
            {
              "batter": "L Bruce",
              "bowler": "VP Thamotharam",
              "non_striker": "CJ Delany",
              "runs": {
                "batter": 0,
                "extras": 0,
                "total": 0
              }
            },
            {
              "batter": "L Bruce",
              "bowler": "VP Thamotharam",
              "non_striker": "CJ Delany",
              "runs": {
                "batter": 0,
                "extras": 0,
                "total": 0
              }
            },
            {
              "batter": "L Bruce",
              "bowler": "VP Thamotharam",
              "non_striker": "CJ Delany",
              "runs": {
                "batter": 2,
                "extras": 0,
                "total": 2
              }
            },
            {
              "batter": "L Bruce",
              "bowler": "VP Thamotharam",
              "non_striker": "CJ Delany",
              "runs": {
                "batter": 2,
                "extras": 0,
                "total": 2
              }
            },
            {
              "batter": "L Bruce",
              "bowler": "VP Thamotharam",
              "non_striker": "CJ Delany",
              "runs": {
                "batter": 0,
                "extras": 0,
                "total": 0
              }
            },
            {
              "batter": "L Bruce",
              "bowler": "VP Thamotharam",
              "extras": {
                "wides": 1
              },
              "non_striker": "CJ Delany",
              "runs": {
                "batter": 0,
                "extras": 1,
                "total": 1
              }
            },
            {
              "batter": "L Bruce",
              "bowler": "VP Thamotharam",
              "non_striker": "CJ Delany",
              "runs": {
                "batter": 0,
                "extras": 0,
                "total": 0
              }
            }
          ]
        },
        {
          "over": 6,
          "deliveries": [
            {
              "batter": "CJ Delany",
              "bowler": "J Shaju",
              "non_striker": "L Bruce",
              "runs": {
                "batter": 0,
                "extras": 0,
                "total": 0
              }
            },
            {
              "batter": "CJ Delany",
              "bowler": "J Shaju",
              "non_striker": "L Bruce",
              "runs": {
                "batter": 2,
                "extras": 0,
                "total": 2
              }
            },
            {
              "batter": "CJ Delany",
              "bowler": "J Shaju",
              "non_striker": "L Bruce",
              "runs": {
                "batter": 1,
                "extras": 0,
                "total": 1
              }
            },
            {
              "batter": "L Bruce",
              "bowler": "J Shaju",
              "non_striker": "CJ Delany",
              "runs": {
                "batter": 1,
                "extras": 0,
                "total": 1
              }
            },
            {
              "batter": "CJ Delany",
              "bowler": "J Shaju",
              "non_striker": "L Bruce",
              "runs": {
                "batter": 4,
                "extras": 0,
                "total": 4
              }
            },
            {
              "batter": "CJ Delany",
              "bowler": "J Shaju",
              "non_striker": "L Bruce",
              "runs": {
                "batter": 0,
                "extras": 0,
                "total": 0
              }
            }
          ]
        },
        {
          "over": 7,
          "deliveries": [
            {
              "batter": "L Bruce",
              "bowler": "Amar Sharma",
              "non_striker": "CJ Delany",
              "runs": {
                "batter": 2,
                "extras": 0,
                "total": 2
              }
            },
            {
              "batter": "L Bruce",
              "bowler": "Amar Sharma",
              "non_striker": "CJ Delany",
              "runs": {
                "batter": 1,
                "extras": 0,
                "total": 1
              }
            },
            {
              "batter": "CJ Delany",
              "bowler": "Amar Sharma",
              "non_striker": "L Bruce",
              "runs": {
                "batter": 2,
                "extras": 0,
                "total": 2
              }
            },
            {
              "batter": "CJ Delany",
              "bowler": "Amar Sharma",
              "non_striker": "L Bruce",
              "runs": {
                "batter": 1,
                "extras": 0,
                "total": 1
              }
            },
            {
              "batter": "L Bruce",
              "bowler": "Amar Sharma",
              "non_striker": "CJ Delany",
              "runs": {
                "batter": 1,
                "extras": 0,
                "total": 1
              }
            },
            {
              "batter": "CJ Delany",
              "bowler": "Amar Sharma",
              "non_striker": "L Bruce",
              "runs": {
                "batter": 0,
                "extras": 0,
                "total": 0
              }
            }
          ]
        },
        {
          "over": 8,
          "deliveries": [
            {
              "batter": "L Bruce",
              "bowler": "B Arora",
              "non_striker": "CJ Delany",
              "runs": {
                "batter": 4,
                "extras": 0,
                "total": 4
              }
            },
            {
              "batter": "L Bruce",
              "bowler": "B Arora",
              "non_striker": "CJ Delany",
              "runs": {
                "batter": 1,
                "extras": 0,
                "total": 1
              }
            },
            {
              "batter": "CJ Delany",
              "bowler": "B Arora",
              "non_striker": "L Bruce",
              "runs": {
                "batter": 1,
                "extras": 0,
                "total": 1
              }
            },
            {
              "batter": "L Bruce",
              "bowler": "B Arora",
              "non_striker": "CJ Delany",
              "runs": {
                "batter": 4,
                "extras": 0,
                "total": 4
              }
            },
            {
              "batter": "L Bruce",
              "bowler": "B Arora",
              "non_striker": "CJ Delany",
              "runs": {
                "batter": 1,
                "extras": 0,
                "total": 1
              }
            },
            {
              "batter": "CJ Delany",
              "bowler": "B Arora",
              "non_striker": "L Bruce",
              "runs": {
                "batter": 0,
                "extras": 0,
                "total": 0
              }
            }
          ]
        },
        {
          "over": 9,
          "deliveries": [
            {
              "batter": "L Bruce",
              "bowler": "Amar Sharma",
              "non_striker": "CJ Delany",
              "runs": {
                "batter": 0,
                "extras": 0,
                "total": 0
              }
            },
            {
              "batter": "L Bruce",
              "bowler": "Amar Sharma",
              "non_striker": "CJ Delany",
              "runs": {
                "batter": 1,
                "extras": 0,
                "total": 1
              }
            },
            {
              "batter": "CJ Delany",
              "bowler": "Amar Sharma",
              "non_striker": "L Bruce",
              "runs": {
                "batter": 2,
                "extras": 0,
                "total": 2
              }
            },
            {
              "batter": "CJ Delany",
              "bowler": "Amar Sharma",
              "non_striker": "L Bruce",
              "runs": {
                "batter": 2,
                "extras": 0,
                "total": 2
              }
            },
            {
              "batter": "CJ Delany",
              "bowler": "Amar Sharma",
              "non_striker": "L Bruce",
              "runs": {
                "batter": 4,
                "extras": 0,
                "total": 4
              }
            },
            {
              "batter": "CJ Delany",
              "bowler": "Amar Sharma",
              "non_striker": "L Bruce",
              "runs": {
                "batter": 4,
                "extras": 0,
                "total": 4
              }
            }
          ]
        },
        {
          "over": 10,
          "deliveries": [
            {
              "batter": "L Bruce",
              "bowler": "B Arora",
              "non_striker": "CJ Delany",
              "runs": {
                "batter": 1,
                "extras": 0,
                "total": 1
              }
            },
            {
              "batter": "CJ Delany",
              "bowler": "B Arora",
              "non_striker": "L Bruce",
              "runs": {
                "batter": 1,
                "extras": 0,
                "total": 1
              }
            },
            {
              "batter": "L Bruce",
              "bowler": "B Arora",
              "non_striker": "CJ Delany",
              "runs": {
                "batter": 1,
                "extras": 0,
                "total": 1
              }
            },
            {
              "batter": "CJ Delany",
              "bowler": "B Arora",
              "non_striker": "L Bruce",
              "runs": {
                "batter": 1,
                "extras": 0,
                "total": 1
              }
            },
            {
              "batter": "L Bruce",
              "bowler": "B Arora",
              "non_striker": "CJ Delany",
              "runs": {
                "batter": 0,
                "extras": 0,
                "total": 0
              }
            },
            {
              "batter": "L Bruce",
              "bowler": "B Arora",
              "non_striker": "CJ Delany",
              "runs": {
                "batter": 2,
                "extras": 0,
                "total": 2
              }
            }
          ]
        },
        {
          "over": 11,
          "deliveries": [
            {
              "batter": "CJ Delany",
              "bowler": "Amar Sharma",
              "non_striker": "L Bruce",
              "runs": {
                "batter": 2,
                "extras": 0,
                "total": 2
              }
            },
            {
              "batter": "CJ Delany",
              "bowler": "Amar Sharma",
              "extras": {
                "wides": 2
              },
              "non_striker": "L Bruce",
              "runs": {
                "batter": 0,
                "extras": 2,
                "total": 2
              }
            },
            {
              "batter": "L Bruce",
              "bowler": "Amar Sharma",
              "non_striker": "CJ Delany",
              "runs": {
                "batter": 2,
                "extras": 0,
                "total": 2
              }
            },
            {
              "batter": "L Bruce",
              "bowler": "Amar Sharma",
              "non_striker": "CJ Delany",
              "runs": {
                "batter": 1,
                "extras": 0,
                "total": 1
              }
            },
            {
              "batter": "CJ Delany",
              "bowler": "Amar Sharma",
              "non_striker": "L Bruce",
              "runs": {
                "batter": 0,
                "extras": 0,
                "total": 0
              }
            },
            {
              "batter": "CJ Delany",
              "bowler": "Amar Sharma",
              "non_striker": "L Bruce",
              "runs": {
                "batter": 1,
                "extras": 0,
                "total": 1
              }
            },
            {
              "batter": "L Bruce",
              "bowler": "Amar Sharma",
              "non_striker": "CJ Delany",
              "runs": {
                "batter": 1,
                "extras": 0,
                "total": 1
              }
            }
          ]
        },
        {
          "over": 12,
          "deliveries": [
            {
              "batter": "L Bruce",
              "bowler": "B Arora",
              "non_striker": "CJ Delany",
              "runs": {
                "batter": 0,
                "extras": 0,
                "total": 0
              }
            },
            {
              "batter": "L Bruce",
              "bowler": "B Arora",
              "non_striker": "CJ Delany",
              "runs": {
                "batter": 1,
                "extras": 0,
                "total": 1
              }
            },
            {
              "batter": "CJ Delany",
              "bowler": "B Arora",
              "non_striker": "L Bruce",
              "runs": {
                "batter": 1,
                "extras": 0,
                "total": 1
              }
            },
            {
              "batter": "L Bruce",
              "bowler": "B Arora",
              "non_striker": "CJ Delany",
              "runs": {
                "batter": 0,
                "extras": 0,
                "total": 0
              }
            },
            {
              "batter": "L Bruce",
              "bowler": "B Arora",
              "non_striker": "CJ Delany",
              "runs": {
                "batter": 1,
                "extras": 0,
                "total": 1
              }
            },
            {
              "batter": "CJ Delany",
              "bowler": "B Arora",
              "non_striker": "L Bruce",
              "runs": {
                "batter": 0,
                "extras": 0,
                "total": 0
              }
            }
          ]
        },
        {
          "over": 13,
          "deliveries": [
            {
              "batter": "L Bruce",
              "bowler": "Amar Sharma",
              "extras": {
                "wides": 2
              },
              "non_striker": "CJ Delany",
              "runs": {
                "batter": 0,
                "extras": 2,
                "total": 2
              }
            },
            {
              "batter": "CJ Delany",
              "bowler": "Amar Sharma",
              "non_striker": "L Bruce",
              "runs": {
                "batter": 1,
                "extras": 0,
                "total": 1
              }
            },
            {
              "batter": "L Bruce",
              "bowler": "Amar Sharma",
              "non_striker": "CJ Delany",
              "runs": {
                "batter": 1,
                "extras": 0,
                "total": 1
              }
            },
            {
              "batter": "CJ Delany",
              "bowler": "Amar Sharma",
              "non_striker": "L Bruce",
              "runs": {
                "batter": 1,
                "extras": 0,
                "total": 1
              }
            },
            {
              "batter": "L Bruce",
              "bowler": "Amar Sharma",
              "non_striker": "CJ Delany",
              "runs": {
                "batter": 1,
                "extras": 0,
                "total": 1
              }
            },
            {
              "batter": "CJ Delany",
              "bowler": "Amar Sharma",
              "non_striker": "L Bruce",
              "runs": {
                "batter": 0,
                "extras": 0,
                "total": 0
              }
            },
            {
              "batter": "CJ Delany",
              "bowler": "Amar Sharma",
              "non_striker": "L Bruce",
              "runs": {
                "batter": 0,
                "extras": 0,
                "total": 0
              }
            }
          ]
        },
        {
          "over": 14,
          "deliveries": [
            {
              "batter": "L Bruce",
              "bowler": "B Arora",
              "extras": {
                "wides": 1
              },
              "non_striker": "CJ Delany",
              "runs": {
                "batter": 0,
                "extras": 1,
                "total": 1
              }
            },
            {
              "batter": "L Bruce",
              "bowler": "B Arora",
              "extras": {
                "wides": 1
              },
              "non_striker": "CJ Delany",
              "runs": {
                "batter": 0,
                "extras": 1,
                "total": 1
              }
            },
            {
              "batter": "L Bruce",
              "bowler": "B Arora",
              "non_striker": "CJ Delany",
              "runs": {
                "batter": 1,
                "extras": 0,
                "total": 1
              }
            },
            {
              "batter": "CJ Delany",
              "bowler": "B Arora",
              "non_striker": "L Bruce",
              "runs": {
                "batter": 1,
                "extras": 0,
                "total": 1
              }
            },
            {
              "batter": "L Bruce",
              "bowler": "B Arora",
              "non_striker": "CJ Delany",
              "runs": {
                "batter": 2,
                "extras": 0,
                "total": 2
              }
            },
            {
              "batter": "L Bruce",
              "bowler": "B Arora",
              "non_striker": "CJ Delany",
              "runs": {
                "batter": 2,
                "extras": 0,
                "total": 2
              }
            },
            {
              "batter": "L Bruce",
              "bowler": "B Arora",
              "non_striker": "CJ Delany",
              "runs": {
                "batter": 0,
                "extras": 0,
                "total": 0
              }
            },
            {
              "batter": "L Bruce",
              "bowler": "B Arora",
              "non_striker": "CJ Delany",
              "runs": {
                "batter": 0,
                "extras": 0,
                "total": 0
              }
            }
          ]
        },
        {
          "over": 15,
          "deliveries": [
            {
              "batter": "CJ Delany",
              "bowler": "VP Thamotharam",
              "non_striker": "L Bruce",
              "runs": {
                "batter": 1,
                "extras": 0,
                "total": 1
              }
            },
            {
              "batter": "L Bruce",
              "bowler": "VP Thamotharam",
              "non_striker": "CJ Delany",
              "runs": {
                "batter": 2,
                "extras": 0,
                "total": 2
              }
            },
            {
              "batter": "L Bruce",
              "bowler": "VP Thamotharam",
              "extras": {
                "wides": 1
              },
              "non_striker": "CJ Delany",
              "runs": {
                "batter": 0,
                "extras": 1,
                "total": 1
              }
            },
            {
              "batter": "L Bruce",
              "bowler": "VP Thamotharam",
              "non_striker": "CJ Delany",
              "runs": {
                "batter": 4,
                "extras": 0,
                "total": 4
              }
            },
            {
              "batter": "L Bruce",
              "bowler": "VP Thamotharam",
              "non_striker": "CJ Delany",
              "runs": {
                "batter": 4,
                "extras": 0,
                "total": 4
              }
            },
            {
              "batter": "L Bruce",
              "bowler": "VP Thamotharam",
              "non_striker": "CJ Delany",
              "runs": {
                "batter": 0,
                "extras": 0,
                "total": 0
              }
            },
            {
              "batter": "L Bruce",
              "bowler": "VP Thamotharam",
              "extras": {
                "noballs": 1
              },
              "non_striker": "CJ Delany",
              "runs": {
                "batter": 1,
                "extras": 1,
                "total": 2
              }
            },
            {
              "batter": "CJ Delany",
              "bowler": "VP Thamotharam",
              "non_striker": "L Bruce",
              "runs": {
                "batter": 2,
                "extras": 0,
                "total": 2
              }
            }
          ]
        },
        {
          "over": 16,
          "deliveries": [
            {
              "batter": "L Bruce",
              "bowler": "Bilal Muhammad",
              "non_striker": "CJ Delany",
              "runs": {
                "batter": 3,
                "extras": 0,
                "total": 3
              }
            },
            {
              "batter": "CJ Delany",
              "bowler": "Bilal Muhammad",
              "non_striker": "L Bruce",
              "runs": {
                "batter": 0,
                "extras": 0,
                "total": 0
              }
            },
            {
              "batter": "CJ Delany",
              "bowler": "Bilal Muhammad",
              "non_striker": "L Bruce",
              "runs": {
                "batter": 2,
                "extras": 0,
                "total": 2
              }
            },
            {
              "batter": "CJ Delany",
              "bowler": "Bilal Muhammad",
              "non_striker": "L Bruce",
              "runs": {
                "batter": 1,
                "extras": 0,
                "total": 1
              }
            },
            {
              "batter": "L Bruce",
              "bowler": "Bilal Muhammad",
              "non_striker": "CJ Delany",
              "runs": {
                "batter": 0,
                "extras": 0,
                "total": 0
              },
              "wickets": [
                {
                  "player_out": "L Bruce",
                  "kind": "bowled"
                }
              ]
            },
            {
              "batter": "JA Fitzgerald",
              "bowler": "Bilal Muhammad",
              "non_striker": "CJ Delany",
              "runs": {
                "batter": 0,
                "extras": 0,
                "total": 0
              }
            }
          ]
        },
        {
          "over": 17,
          "deliveries": [
            {
              "batter": "CJ Delany",
              "bowler": "Washeem Abbas",
              "extras": {
                "legbyes": 1
              },
              "non_striker": "JA Fitzgerald",
              "runs": {
                "batter": 0,
                "extras": 1,
                "total": 1
              }
            },
            {
              "batter": "JA Fitzgerald",
              "bowler": "Washeem Abbas",
              "non_striker": "CJ Delany",
              "runs": {
                "batter": 4,
                "extras": 0,
                "total": 4
              }
            },
            {
              "batter": "JA Fitzgerald",
              "bowler": "Washeem Abbas",
              "non_striker": "CJ Delany",
              "runs": {
                "batter": 1,
                "extras": 0,
                "total": 1
              }
            },
            {
              "batter": "CJ Delany",
              "bowler": "Washeem Abbas",
              "non_striker": "JA Fitzgerald",
              "runs": {
                "batter": 2,
                "extras": 0,
                "total": 2
              }
            },
            {
              "batter": "CJ Delany",
              "bowler": "Washeem Abbas",
              "non_striker": "JA Fitzgerald",
              "runs": {
                "batter": 0,
                "extras": 0,
                "total": 0
              },
              "wickets": [
                {
                  "player_out": "CJ Delany",
                  "kind": "bowled"
                }
              ]
            },
            {
              "batter": "K Nestor",
              "bowler": "Washeem Abbas",
              "non_striker": "JA Fitzgerald",
              "runs": {
                "batter": 1,
                "extras": 0,
                "total": 1
              }
            }
          ]
        },
        {
          "over": 18,
          "deliveries": [
            {
              "batter": "K Nestor",
              "bowler": "Bilal Muhammad",
              "non_striker": "JA Fitzgerald",
              "runs": {
                "batter": 1,
                "extras": 0,
                "total": 1
              }
            },
            {
              "batter": "JA Fitzgerald",
              "bowler": "Bilal Muhammad",
              "non_striker": "K Nestor",
              "runs": {
                "batter": 0,
                "extras": 0,
                "total": 0
              }
            },
            {
              "batter": "JA Fitzgerald",
              "bowler": "Bilal Muhammad",
              "non_striker": "K Nestor",
              "runs": {
                "batter": 2,
                "extras": 0,
                "total": 2
              }
            },
            {
              "batter": "JA Fitzgerald",
              "bowler": "Bilal Muhammad",
              "non_striker": "K Nestor",
              "runs": {
                "batter": 1,
                "extras": 0,
                "total": 1
              }
            },
            {
              "batter": "K Nestor",
              "bowler": "Bilal Muhammad",
              "non_striker": "JA Fitzgerald",
              "runs": {
                "batter": 1,
                "extras": 0,
                "total": 1
              }
            },
            {
              "batter": "JA Fitzgerald",
              "bowler": "Bilal Muhammad",
              "non_striker": "K Nestor",
              "runs": {
                "batter": 2,
                "extras": 0,
                "total": 2
              }
            }
          ]
        },
        {
          "over": 19,
          "deliveries": [
            {
              "batter": "K Nestor",
              "bowler": "Washeem Abbas",
              "non_striker": "JA Fitzgerald",
              "runs": {
                "batter": 1,
                "extras": 0,
                "total": 1
              }
            },
            {
              "batter": "JA Fitzgerald",
              "bowler": "Washeem Abbas",
              "non_striker": "K Nestor",
              "runs": {
                "batter": 0,
                "extras": 0,
                "total": 0
              },
              "wickets": [
                {
                  "player_out": "JA Fitzgerald",
                  "kind": "bowled"
                }
              ]
            },
            {
              "batter": "RJ Hatchman",
              "bowler": "Washeem Abbas",
              "non_striker": "K Nestor",
              "runs": {
                "batter": 0,
                "extras": 0,
                "total": 0
              }
            },
            {
              "batter": "RJ Hatchman",
              "bowler": "Washeem Abbas",
              "non_striker": "K Nestor",
              "runs": {
                "batter": 0,
                "extras": 0,
                "total": 0
              },
              "wickets": [
                {
                  "player_out": "RJ Hatchman",
                  "kind": "bowled"
                }
              ]
            },
            {
              "batter": "P Hatchman",
              "bowler": "Washeem Abbas",
              "non_striker": "K Nestor",
              "runs": {
                "batter": 4,
                "extras": 0,
                "total": 4
              }
            },
            {
              "batter": "P Hatchman",
              "bowler": "Washeem Abbas",
              "non_striker": "K Nestor",
              "runs": {
                "batter": 2,
                "extras": 0,
                "total": 2
              }
            }
          ]
        }
      ],
      "powerplays": [
        {
          "from": 0.1,
          "to": 5.7,
          "type": "mandatory"
        }
      ]
    },
    {
      "team": "Malta",
      "overs": [
        {
          "over": 0,
          "deliveries": [
            {
              "batter": "B Arora",
              "bowler": "E Packard",
              "extras": {
                "wides": 1
              },
              "non_striker": "Zeeshan Khan",
              "runs": {
                "batter": 0,
                "extras": 1,
                "total": 1
              }
            },
            {
              "batter": "B Arora",
              "bowler": "E Packard",
              "non_striker": "Zeeshan Khan",
              "runs": {
                "batter": 0,
                "extras": 0,
                "total": 0
              }
            },
            {
              "batter": "B Arora",
              "bowler": "E Packard",
              "non_striker": "Zeeshan Khan",
              "runs": {
                "batter": 0,
                "extras": 0,
                "total": 0
              }
            },
            {
              "batter": "B Arora",
              "bowler": "E Packard",
              "non_striker": "Zeeshan Khan",
              "runs": {
                "batter": 0,
                "extras": 0,
                "total": 0
              }
            },
            {
              "batter": "B Arora",
              "bowler": "E Packard",
              "non_striker": "Zeeshan Khan",
              "runs": {
                "batter": 0,
                "extras": 0,
                "total": 0
              }
            },
            {
              "batter": "B Arora",
              "bowler": "E Packard",
              "non_striker": "Zeeshan Khan",
              "runs": {
                "batter": 1,
                "extras": 0,
                "total": 1
              }
            },
            {
              "batter": "Zeeshan Khan",
              "bowler": "E Packard",
              "non_striker": "B Arora",
              "runs": {
                "batter": 4,
                "extras": 0,
                "total": 4
              }
            }
          ]
        },
        {
          "over": 1,
          "deliveries": [
            {
              "batter": "B Arora",
              "bowler": "L Bruce",
              "non_striker": "Zeeshan Khan",
              "runs": {
                "batter": 1,
                "extras": 0,
                "total": 1
              }
            },
            {
              "batter": "Zeeshan Khan",
              "bowler": "L Bruce",
              "non_striker": "B Arora",
              "runs": {
                "batter": 0,
                "extras": 0,
                "total": 0
              }
            },
            {
              "batter": "Zeeshan Khan",
              "bowler": "L Bruce",
              "extras": {
                "wides": 1
              },
              "non_striker": "B Arora",
              "runs": {
                "batter": 0,
                "extras": 1,
                "total": 1
              }
            },
            {
              "batter": "Zeeshan Khan",
              "bowler": "L Bruce",
              "non_striker": "B Arora",
              "runs": {
                "batter": 0,
                "extras": 0,
                "total": 0
              }
            },
            {
              "batter": "Zeeshan Khan",
              "bowler": "L Bruce",
              "non_striker": "B Arora",
              "runs": {
                "batter": 0,
                "extras": 0,
                "total": 0
              }
            },
            {
              "batter": "Zeeshan Khan",
              "bowler": "L Bruce",
              "non_striker": "B Arora",
              "runs": {
                "batter": 1,
                "extras": 0,
                "total": 1
              }
            },
            {
              "batter": "B Arora",
              "bowler": "L Bruce",
              "non_striker": "Zeeshan Khan",
              "runs": {
                "batter": 1,
                "extras": 0,
                "total": 1
              }
            }
          ]
        },
        {
          "over": 2,
          "deliveries": [
            {
              "batter": "B Arora",
              "bowler": "E Packard",
              "non_striker": "Zeeshan Khan",
              "runs": {
                "batter": 1,
                "extras": 0,
                "total": 1
              }
            },
            {
              "batter": "Zeeshan Khan",
              "bowler": "E Packard",
              "non_striker": "B Arora",
              "runs": {
                "batter": 2,
                "extras": 0,
                "total": 2
              }
            },
            {
              "batter": "Zeeshan Khan",
              "bowler": "E Packard",
              "non_striker": "B Arora",
              "runs": {
                "batter": 0,
                "extras": 0,
                "total": 0
              }
            },
            {
              "batter": "Zeeshan Khan",
              "bowler": "E Packard",
              "non_striker": "B Arora",
              "runs": {
                "batter": 0,
                "extras": 0,
                "total": 0
              }
            },
            {
              "batter": "Zeeshan Khan",
              "bowler": "E Packard",
              "non_striker": "B Arora",
              "runs": {
                "batter": 0,
                "extras": 0,
                "total": 0
              }
            },
            {
              "batter": "Zeeshan Khan",
              "bowler": "E Packard",
              "non_striker": "B Arora",
              "runs": {
                "batter": 2,
                "extras": 0,
                "total": 2
              }
            }
          ]
        },
        {
          "over": 3,
          "deliveries": [
            {
              "batter": "B Arora",
              "bowler": "L Bruce",
              "extras": {
                "wides": 1
              },
              "non_striker": "Zeeshan Khan",
              "runs": {
                "batter": 0,
                "extras": 1,
                "total": 1
              }
            },
            {
              "batter": "B Arora",
              "bowler": "L Bruce",
              "non_striker": "Zeeshan Khan",
              "runs": {
                "batter": 0,
                "extras": 0,
                "total": 0
              }
            },
            {
              "batter": "B Arora",
              "bowler": "L Bruce",
              "non_striker": "Zeeshan Khan",
              "runs": {
                "batter": 0,
                "extras": 0,
                "total": 0
              }
            },
            {
              "batter": "B Arora",
              "bowler": "L Bruce",
              "non_striker": "Zeeshan Khan",
              "runs": {
                "batter": 4,
                "extras": 0,
                "total": 4
              }
            },
            {
              "batter": "B Arora",
              "bowler": "L Bruce",
              "non_striker": "Zeeshan Khan",
              "runs": {
                "batter": 4,
                "extras": 0,
                "total": 4
              }
            },
            {
              "batter": "B Arora",
              "bowler": "L Bruce",
              "extras": {
                "wides": 1
              },
              "non_striker": "Zeeshan Khan",
              "runs": {
                "batter": 0,
                "extras": 1,
                "total": 1
              }
            },
            {
              "batter": "B Arora",
              "bowler": "L Bruce",
              "non_striker": "Zeeshan Khan",
              "runs": {
                "batter": 1,
                "extras": 0,
                "total": 1
              }
            },
            {
              "batter": "Zeeshan Khan",
              "bowler": "L Bruce",
              "non_striker": "B Arora",
              "runs": {
                "batter": 1,
                "extras": 0,
                "total": 1
              }
            }
          ]
        },
        {
          "over": 4,
          "deliveries": [
            {
              "batter": "Zeeshan Khan",
              "bowler": "E Packard",
              "extras": {
                "byes": 1
              },
              "non_striker": "B Arora",
              "runs": {
                "batter": 0,
                "extras": 1,
                "total": 1
              }
            },
            {
              "batter": "B Arora",
              "bowler": "E Packard",
              "non_striker": "Zeeshan Khan",
              "runs": {
                "batter": 0,
                "extras": 0,
                "total": 0
              }
            },
            {
              "batter": "B Arora",
              "bowler": "E Packard",
              "non_striker": "Zeeshan Khan",
              "runs": {
                "batter": 0,
                "extras": 0,
                "total": 0
              }
            },
            {
              "batter": "B Arora",
              "bowler": "E Packard",
              "non_striker": "Zeeshan Khan",
              "runs": {
                "batter": 0,
                "extras": 0,
                "total": 0
              }
            },
            {
              "batter": "B Arora",
              "bowler": "E Packard",
              "non_striker": "Zeeshan Khan",
              "runs": {
                "batter": 0,
                "extras": 0,
                "total": 0
              }
            },
            {
              "batter": "B Arora",
              "bowler": "E Packard",
              "non_striker": "Zeeshan Khan",
              "runs": {
                "batter": 4,
                "extras": 0,
                "total": 4
              }
            }
          ]
        },
        {
          "over": 5,
          "deliveries": [
            {
              "batter": "Zeeshan Khan",
              "bowler": "RJ Hatchman",
              "non_striker": "B Arora",
              "runs": {
                "batter": 1,
                "extras": 0,
                "total": 1
              }
            },
            {
              "batter": "B Arora",
              "bowler": "RJ Hatchman",
              "non_striker": "Zeeshan Khan",
              "runs": {
                "batter": 2,
                "extras": 0,
                "total": 2
              }
            },
            {
              "batter": "B Arora",
              "bowler": "RJ Hatchman",
              "extras": {
                "wides": 1
              },
              "non_striker": "Zeeshan Khan",
              "runs": {
                "batter": 0,
                "extras": 1,
                "total": 1
              }
            },
            {
              "batter": "B Arora",
              "bowler": "RJ Hatchman",
              "non_striker": "Zeeshan Khan",
              "runs": {
                "batter": 1,
                "extras": 0,
                "total": 1
              }
            },
            {
              "batter": "Zeeshan Khan",
              "bowler": "RJ Hatchman",
              "non_striker": "B Arora",
              "runs": {
                "batter": 0,
                "extras": 0,
                "total": 0
              }
            },
            {
              "batter": "Zeeshan Khan",
              "bowler": "RJ Hatchman",
              "non_striker": "B Arora",
              "runs": {
                "batter": 0,
                "extras": 0,
                "total": 0
              }
            },
            {
              "batter": "Zeeshan Khan",
              "bowler": "RJ Hatchman",
              "non_striker": "B Arora",
              "runs": {
                "batter": 4,
                "extras": 0,
                "total": 4
              }
            }
          ]
        },
        {
          "over": 6,
          "deliveries": [
            {
              "batter": "B Arora",
              "bowler": "E Packard",
              "non_striker": "Zeeshan Khan",
              "runs": {
                "batter": 1,
                "extras": 0,
                "total": 1
              }
            },
            {
              "batter": "Zeeshan Khan",
              "bowler": "E Packard",
              "non_striker": "B Arora",
              "runs": {
                "batter": 4,
                "extras": 0,
                "total": 4
              }
            },
            {
              "batter": "Zeeshan Khan",
              "bowler": "E Packard",
              "non_striker": "B Arora",
              "runs": {
                "batter": 1,
                "extras": 0,
                "total": 1
              }
            },
            {
              "batter": "B Arora",
              "bowler": "E Packard",
              "non_striker": "Zeeshan Khan",
              "runs": {
                "batter": 1,
                "extras": 0,
                "total": 1
              }
            },
            {
              "batter": "Zeeshan Khan",
              "bowler": "E Packard",
              "non_striker": "B Arora",
              "runs": {
                "batter": 1,
                "extras": 0,
                "total": 1
              }
            },
            {
              "batter": "B Arora",
              "bowler": "E Packard",
              "extras": {
                "legbyes": 1
              },
              "non_striker": "Zeeshan Khan",
              "runs": {
                "batter": 0,
                "extras": 1,
                "total": 1
              }
            }
          ]
        },
        {
          "over": 7,
          "deliveries": [
            {
              "batter": "B Arora",
              "bowler": "RJ Hatchman",
              "non_striker": "Zeeshan Khan",
              "runs": {
                "batter": 0,
                "extras": 0,
                "total": 0
              }
            },
            {
              "batter": "B Arora",
              "bowler": "RJ Hatchman",
              "extras": {
                "legbyes": 1
              },
              "non_striker": "Zeeshan Khan",
              "runs": {
                "batter": 0,
                "extras": 1,
                "total": 1
              }
            },
            {
              "batter": "Zeeshan Khan",
              "bowler": "RJ Hatchman",
              "non_striker": "B Arora",
              "runs": {
                "batter": 4,
                "extras": 0,
                "total": 4
              }
            },
            {
              "batter": "Zeeshan Khan",
              "bowler": "RJ Hatchman",
              "non_striker": "B Arora",
              "runs": {
                "batter": 4,
                "extras": 0,
                "total": 4
              }
            },
            {
              "batter": "Zeeshan Khan",
              "bowler": "RJ Hatchman",
              "extras": {
                "noballs": 1
              },
              "non_striker": "B Arora",
              "runs": {
                "batter": 2,
                "extras": 1,
                "total": 3
              }
            },
            {
              "batter": "Zeeshan Khan",
              "bowler": "RJ Hatchman",
              "non_striker": "B Arora",
              "runs": {
                "batter": 0,
                "extras": 0,
                "total": 0
              }
            },
            {
              "batter": "Zeeshan Khan",
              "bowler": "RJ Hatchman",
              "non_striker": "B Arora",
              "runs": {
                "batter": 6,
                "extras": 0,
                "total": 6
              }
            }
          ]
        },
        {
          "over": 8,
          "deliveries": [
            {
              "batter": "B Arora",
              "bowler": "A Orfila",
              "non_striker": "Zeeshan Khan",
              "runs": {
                "batter": 0,
                "extras": 0,
                "total": 0
              }
            },
            {
              "batter": "B Arora",
              "bowler": "A Orfila",
              "non_striker": "Zeeshan Khan",
              "runs": {
                "batter": 4,
                "extras": 0,
                "total": 4
              }
            },
            {
              "batter": "B Arora",
              "bowler": "A Orfila",
              "non_striker": "Zeeshan Khan",
              "runs": {
                "batter": 1,
                "extras": 0,
                "total": 1
              }
            },
            {
              "batter": "Zeeshan Khan",
              "bowler": "A Orfila",
              "non_striker": "B Arora",
              "runs": {
                "batter": 0,
                "extras": 0,
                "total": 0
              }
            },
            {
              "batter": "Zeeshan Khan",
              "bowler": "A Orfila",
              "non_striker": "B Arora",
              "runs": {
                "batter": 1,
                "extras": 0,
                "total": 1
              }
            },
            {
              "batter": "B Arora",
              "bowler": "A Orfila",
              "non_striker": "Zeeshan Khan",
              "runs": {
                "batter": 0,
                "extras": 0,
                "total": 0
              }
            }
          ]
        },
        {
          "over": 9,
          "deliveries": [
            {
              "batter": "Zeeshan Khan",
              "bowler": "K Nestor",
              "non_striker": "B Arora",
              "runs": {
                "batter": 0,
                "extras": 0,
                "total": 0
              }
            },
            {
              "batter": "Zeeshan Khan",
              "bowler": "K Nestor",
              "non_striker": "B Arora",
              "runs": {
                "batter": 1,
                "extras": 0,
                "total": 1
              }
            },
            {
              "batter": "B Arora",
              "bowler": "K Nestor",
              "non_striker": "Zeeshan Khan",
              "runs": {
                "batter": 0,
                "extras": 0,
                "total": 0
              }
            },
            {
              "batter": "B Arora",
              "bowler": "K Nestor",
              "non_striker": "Zeeshan Khan",
              "runs": {
                "batter": 1,
                "extras": 0,
                "total": 1
              }
            },
            {
              "batter": "Zeeshan Khan",
              "bowler": "K Nestor",
              "non_striker": "B Arora",
              "runs": {
                "batter": 1,
                "extras": 0,
                "total": 1
              }
            },
            {
              "batter": "B Arora",
              "bowler": "K Nestor",
              "extras": {
                "wides": 1
              },
              "non_striker": "Zeeshan Khan",
              "runs": {
                "batter": 0,
                "extras": 1,
                "total": 1
              }
            },
            {
              "batter": "B Arora",
              "bowler": "K Nestor",
              "non_striker": "Zeeshan Khan",
              "runs": {
                "batter": 0,
                "extras": 0,
                "total": 0
              }
            }
          ]
        },
        {
          "over": 10,
          "deliveries": [
            {
              "batter": "Zeeshan Khan",
              "bowler": "A Orfila",
              "non_striker": "B Arora",
              "runs": {
                "batter": 2,
                "extras": 0,
                "total": 2
              }
            },
            {
              "batter": "Zeeshan Khan",
              "bowler": "A Orfila",
              "non_striker": "B Arora",
              "runs": {
                "batter": 0,
                "extras": 0,
                "total": 0
              }
            },
            {
              "batter": "Zeeshan Khan",
              "bowler": "A Orfila",
              "non_striker": "B Arora",
              "runs": {
                "batter": 0,
                "extras": 0,
                "total": 0
              }
            },
            {
              "batter": "Zeeshan Khan",
              "bowler": "A Orfila",
              "non_striker": "B Arora",
              "runs": {
                "batter": 0,
                "extras": 0,
                "total": 0
              }
            },
            {
              "batter": "Zeeshan Khan",
              "bowler": "A Orfila",
              "non_striker": "B Arora",
              "runs": {
                "batter": 1,
                "extras": 0,
                "total": 1
              }
            },
            {
              "batter": "B Arora",
              "bowler": "A Orfila",
              "extras": {
                "wides": 1
              },
              "non_striker": "Zeeshan Khan",
              "runs": {
                "batter": 0,
                "extras": 1,
                "total": 1
              }
            },
            {
              "batter": "B Arora",
              "bowler": "A Orfila",
              "non_striker": "Zeeshan Khan",
              "runs": {
                "batter": 1,
                "extras": 0,
                "total": 1
              }
            }
          ]
        },
        {
          "over": 11,
          "deliveries": [
            {
              "batter": "B Arora",
              "bowler": "K Nestor",
              "extras": {
                "wides": 1
              },
              "non_striker": "Zeeshan Khan",
              "runs": {
                "batter": 0,
                "extras": 1,
                "total": 1
              }
            },
            {
              "batter": "B Arora",
              "bowler": "K Nestor",
              "non_striker": "Zeeshan Khan",
              "runs": {
                "batter": 1,
                "extras": 0,
                "total": 1
              }
            },
            {
              "batter": "Zeeshan Khan",
              "bowler": "K Nestor",
              "non_striker": "B Arora",
              "runs": {
                "batter": 2,
                "extras": 0,
                "total": 2
              }
            },
            {
              "batter": "Zeeshan Khan",
              "bowler": "K Nestor",
              "non_striker": "B Arora",
              "runs": {
                "batter": 1,
                "extras": 0,
                "total": 1
              }
            },
            {
              "batter": "Zeeshan Khan",
              "bowler": "K Nestor",
              "non_striker": "B Arora",
              "runs": {
                "batter": 0,
                "extras": 0,
                "total": 0
              }
            },
            {
              "batter": "Zeeshan Khan",
              "bowler": "K Nestor",
              "non_striker": "B Arora",
              "runs": {
                "batter": 0,
                "extras": 0,
                "total": 0
              }
            },
            {
              "batter": "Zeeshan Khan",
              "bowler": "K Nestor",
              "non_striker": "B Arora",
              "runs": {
                "batter": 1,
                "extras": 0,
                "total": 1
              }
            }
          ]
        },
        {
          "over": 12,
          "deliveries": [
            {
              "batter": "Zeeshan Khan",
              "bowler": "A Orfila",
              "non_striker": "B Arora",
              "runs": {
                "batter": 0,
                "extras": 0,
                "total": 0
              },
              "wickets": [
                {
                  "player_out": "Zeeshan Khan",
                  "fielders": [
                    {
                      "name": "K Nestor"
                    }
                  ],
                  "kind": "caught"
                }
              ]
            },
            {
              "batter": "SSM Stanislaus",
              "bowler": "A Orfila",
              "extras": {
                "noballs": 1
              },
              "non_striker": "B Arora",
              "runs": {
                "batter": 0,
                "extras": 1,
                "total": 1
              }
            },
            {
              "batter": "SSM Stanislaus",
              "bowler": "A Orfila",
              "non_striker": "B Arora",
              "runs": {
                "batter": 1,
                "extras": 0,
                "total": 1
              }
            },
            {
              "batter": "B Arora",
              "bowler": "A Orfila",
              "non_striker": "SSM Stanislaus",
              "runs": {
                "batter": 2,
                "extras": 0,
                "total": 2
              }
            },
            {
              "batter": "B Arora",
              "bowler": "A Orfila",
              "non_striker": "SSM Stanislaus",
              "runs": {
                "batter": 1,
                "extras": 0,
                "total": 1
              }
            },
            {
              "batter": "SSM Stanislaus",
              "bowler": "A Orfila",
              "non_striker": "B Arora",
              "runs": {
                "batter": 2,
                "extras": 0,
                "total": 2
              }
            },
            {
              "batter": "SSM Stanislaus",
              "bowler": "A Orfila",
              "non_striker": "B Arora",
              "runs": {
                "batter": 2,
                "extras": 0,
                "total": 2
              }
            }
          ]
        },
        {
          "over": 13,
          "deliveries": [
            {
              "batter": "B Arora",
              "bowler": "K Nestor",
              "non_striker": "SSM Stanislaus",
              "runs": {
                "batter": 2,
                "extras": 0,
                "total": 2
              }
            },
            {
              "batter": "B Arora",
              "bowler": "K Nestor",
              "non_striker": "SSM Stanislaus",
              "runs": {
                "batter": 1,
                "extras": 0,
                "total": 1
              }
            },
            {
              "batter": "SSM Stanislaus",
              "bowler": "K Nestor",
              "non_striker": "B Arora",
              "runs": {
                "batter": 0,
                "extras": 0,
                "total": 0
              }
            },
            {
              "batter": "SSM Stanislaus",
              "bowler": "K Nestor",
              "non_striker": "B Arora",
              "runs": {
                "batter": 0,
                "extras": 0,
                "total": 0
              }
            },
            {
              "batter": "SSM Stanislaus",
              "bowler": "K Nestor",
              "non_striker": "B Arora",
              "runs": {
                "batter": 4,
                "extras": 0,
                "total": 4
              }
            },
            {
              "batter": "SSM Stanislaus",
              "bowler": "K Nestor",
              "non_striker": "B Arora",
              "runs": {
                "batter": 4,
                "extras": 0,
                "total": 4
              }
            }
          ]
        },
        {
          "over": 14,
          "deliveries": [
            {
              "batter": "B Arora",
              "bowler": "CV Harrison",
              "non_striker": "SSM Stanislaus",
              "runs": {
                "batter": 1,
                "extras": 0,
                "total": 1
              }
            },
            {
              "batter": "SSM Stanislaus",
              "bowler": "CV Harrison",
              "non_striker": "B Arora",
              "runs": {
                "batter": 4,
                "extras": 0,
                "total": 4
              }
            },
            {
              "batter": "SSM Stanislaus",
              "bowler": "CV Harrison",
              "non_striker": "B Arora",
              "runs": {
                "batter": 2,
                "extras": 0,
                "total": 2
              }
            },
            {
              "batter": "SSM Stanislaus",
              "bowler": "CV Harrison",
              "non_striker": "B Arora",
              "runs": {
                "batter": 1,
                "extras": 0,
                "total": 1
              }
            },
            {
              "batter": "B Arora",
              "bowler": "CV Harrison",
              "non_striker": "SSM Stanislaus",
              "runs": {
                "batter": 1,
                "extras": 0,
                "total": 1
              }
            },
            {
              "batter": "SSM Stanislaus",
              "bowler": "CV Harrison",
              "extras": {
                "noballs": 1
              },
              "non_striker": "B Arora",
              "runs": {
                "batter": 0,
                "extras": 1,
                "total": 1
              }
            },
            {
              "batter": "SSM Stanislaus",
              "bowler": "CV Harrison",
              "non_striker": "B Arora",
              "runs": {
                "batter": 2,
                "extras": 0,
                "total": 2
              }
            }
          ]
        },
        {
          "over": 15,
          "deliveries": [
            {
              "batter": "B Arora",
              "bowler": "K Nestor",
              "non_striker": "SSM Stanislaus",
              "runs": {
                "batter": 0,
                "extras": 0,
                "total": 0
              }
            },
            {
              "batter": "B Arora",
              "bowler": "K Nestor",
              "extras": {
                "wides": 2
              },
              "non_striker": "SSM Stanislaus",
              "runs": {
                "batter": 0,
                "extras": 2,
                "total": 2
              }
            },
            {
              "batter": "SSM Stanislaus",
              "bowler": "K Nestor",
              "non_striker": "B Arora",
              "runs": {
                "batter": 0,
                "extras": 0,
                "total": 0
              }
            },
            {
              "batter": "SSM Stanislaus",
              "bowler": "K Nestor",
              "non_striker": "B Arora",
              "runs": {
                "batter": 0,
                "extras": 0,
                "total": 0
              },
              "wickets": [
                {
                  "player_out": "SSM Stanislaus",
                  "fielders": [
                    {
                      "name": "E Packard"
                    }
                  ],
                  "kind": "caught"
                }
              ]
            },
            {
              "batter": "B Arora",
              "bowler": "K Nestor",
              "non_striker": "VP Thamotharam",
              "runs": {
                "batter": 6,
                "extras": 0,
                "total": 6
              }
            },
            {
              "batter": "B Arora",
              "bowler": "K Nestor",
              "non_striker": "VP Thamotharam",
              "runs": {
                "batter": 1,
                "extras": 0,
                "total": 1
              }
            },
            {
              "batter": "VP Thamotharam",
              "bowler": "K Nestor",
              "non_striker": "B Arora",
              "runs": {
                "batter": 0,
                "extras": 0,
                "total": 0
              }
            }
          ]
        },
        {
          "over": 16,
          "deliveries": [
            {
              "batter": "B Arora",
              "bowler": "CV Harrison",
              "non_striker": "VP Thamotharam",
              "runs": {
                "batter": 4,
                "extras": 0,
                "total": 4
              }
            },
            {
              "batter": "B Arora",
              "bowler": "CV Harrison",
              "non_striker": "VP Thamotharam",
              "runs": {
                "batter": 1,
                "extras": 0,
                "total": 1
              }
            },
            {
              "batter": "VP Thamotharam",
              "bowler": "CV Harrison",
              "non_striker": "B Arora",
              "runs": {
                "batter": 1,
                "extras": 0,
                "total": 1
              }
            },
            {
              "batter": "B Arora",
              "bowler": "CV Harrison",
              "extras": {
                "wides": 1
              },
              "non_striker": "VP Thamotharam",
              "runs": {
                "batter": 0,
                "extras": 1,
                "total": 1
              }
            },
            {
              "batter": "B Arora",
              "bowler": "CV Harrison",
              "non_striker": "VP Thamotharam",
              "runs": {
                "batter": 1,
                "extras": 0,
                "total": 1
              }
            },
            {
              "batter": "VP Thamotharam",
              "bowler": "CV Harrison",
              "non_striker": "B Arora",
              "runs": {
                "batter": 1,
                "extras": 0,
                "total": 1
              }
            },
            {
              "batter": "B Arora",
              "bowler": "CV Harrison",
              "non_striker": "VP Thamotharam",
              "runs": {
                "batter": 2,
                "extras": 0,
                "total": 2
              }
            }
          ]
        },
        {
          "over": 17,
          "deliveries": [
            {
              "batter": "VP Thamotharam",
              "bowler": "JA Fitzgerald",
              "non_striker": "B Arora",
              "runs": {
                "batter": 1,
                "extras": 0,
                "total": 1
              }
            },
            {
              "batter": "B Arora",
              "bowler": "JA Fitzgerald",
              "extras": {
                "wides": 1
              },
              "non_striker": "VP Thamotharam",
              "runs": {
                "batter": 0,
                "extras": 1,
                "total": 1
              }
            },
            {
              "batter": "B Arora",
              "bowler": "JA Fitzgerald",
              "non_striker": "VP Thamotharam",
              "runs": {
                "batter": 0,
                "extras": 0,
                "total": 0
              }
            },
            {
              "batter": "B Arora",
              "bowler": "JA Fitzgerald",
              "non_striker": "VP Thamotharam",
              "runs": {
                "batter": 6,
                "extras": 0,
                "total": 6
              }
            }
          ]
        }
      ],
      "powerplays": [
        {
          "from": 0.1,
          "to": 5.7,
          "type": "mandatory"
        }
      ],
      "target": {
        "overs": 20,
        "runs": 149
      }
    }
  ]
}