{
  "meta": {
    "data_version": "1.0.0",
    "created": "2021-08-18",
    "revision": 1
  },
  "info": {
    "balls_per_over": 6,
    "city": "Kigali City",
    "dates": [
      "2021-08-18"
    ],
    "event": {
      "name": "Ghana tour of Rwanda",
      "match_number": 1
    },
    "gender": "male",
    "match_type": "T20",
    "match_type_number": 1226,
    "missing": [
      "player_of_match"
    ],
    "officials": {
      "reserve_umpires": [
        "Gasana Christian"
      ],
      "umpires": [
        "EH Dusabemungu",
        "Itangishaka Olivier"
      ]
    },
    "outcome": {
      "winner": "Rwanda",
      "by": {
        "wickets": 1
      }
    },
    "overs": 20,
    "players": {
      "Ghana": [
        "JK Vifah",
        "Amoluk Singh",
        "SK Awiah",
        "OH Agbomadzie",
        "R Bakum",
        "Devender Singh",
        "MK Anafie",
        "KS Bagabena",
        "TK Joseph",
        "G Bakiweyem",
        "DK Anefie"
      ],
      "Rwanda": [
        "E Dusingizimana",
        "D Ndikubwimana",
        "E Niyomugabo",
        "O Tuyisenge",
        "M Akayezu",
        "Bosco Tuyizere",
        "C Rububagumya",
        "Z Bimenyimana",
        "K Irakoze",
        "W Niyitanga",
        "V Mitari"
      ]
    },
    "registry": {
      "people": {
        "Amoluk Singh": "266473e2",
        "Bosco Tuyizere": "3c370b92",
        "C Rububagumya": "8088632c",
        "D Ndikubwimana": "3cbedf51",
        "DK Anefie": "f98c24ec",
        "Devender Singh": "68e21fb1",
        "E Dusingizimana": "c15e7ba4",
        "E Niyomugabo": "2dcac6ff",
        "EH Dusabemungu": "ba3b4b09",
        "G Bakiweyem": "5fe3709e",
        "Gasana Christian": "f5d91a1f",
        "Itangishaka Olivier": "0ee3bb49",
        "JK Vifah": "a1448a10",
        "K Irakoze": "9ccb6e52",
        "KS Bagabena": "1ce4f664",
        "M Akayezu": "1f3b9f8d",
        "MK Anafie": "6949f713",
        "O Tuyisenge": "e6a6888f",
        "OH Agbomadzie": "b38a9f73",
        "R Bakum": "c74c583b",
        "SK Awiah": "bc3fc527",
        "TK Joseph": "4fafd79a",
        "V Mitari": "3a82673c",
        "W Niyitanga": "e7631adc",
        "Z Bimenyimana": "ba57fb08"
      }
    },
    "season": "2021",
    "team_type": "international",
    "teams": [
      "Ghana",
      "Rwanda"
    ],
    "toss": {
      "decision": "bat",
      "winner": "Ghana"
    },
    "venue": "Gahanga International Cricket Stadium. Rwanda"
  },
  "innings": [
    {
      "team": "Ghana",
      "overs": [
        {
          "over": 0,
          "deliveries": [
            {
              "batter": "JK Vifah",
              "bowler": "C Rububagumya",
              "non_striker": "Amoluk Singh",
              "runs": {
                "batter": 4,
                "extras": 0,
                "total": 4
              }
            },
            {
              "batter": "JK Vifah",
              "bowler": "C Rububagumya",
              "non_striker": "Amoluk Singh",
              "runs": {
                "batter": 0,
                "extras": 0,
                "total": 0
              }
            },
            {
              "batter": "JK Vifah",
              "bowler": "C Rububagumya",
              "non_striker": "Amoluk Singh",
              "runs": {
                "batter": 0,
                "extras": 0,
                "total": 0
              }
            },
            {
              "batter": "JK Vifah",
              "bowler": "C Rububagumya",
              "non_striker": "Amoluk Singh",
              "runs": {
                "batter": 0,
                "extras": 0,
                "total": 0
              }
            },
            {
              "batter": "JK Vifah",
              "bowler": "C Rububagumya",
              "non_striker": "Amoluk Singh",
              "runs": {
                "batter": 1,
                "extras": 0,
                "total": 1
              }
            },
            {
              "batter": "Amoluk Singh",
              "bowler": "C Rububagumya",
              "non_striker": "JK Vifah",
              "runs": {
                "batter": 1,
                "extras": 0,
                "total": 1
              }
            }
          ]
        },
        {
          "over": 1,
          "deliveries": [
            {
              "batter": "Amoluk Singh",
              "bowler": "Z Bimenyimana",
              "non_striker": "JK Vifah",
              "runs": {
                "batter": 4,
                "extras": 0,
                "total": 4
              }
            },
            {
              "batter": "Amoluk Singh",
              "bowler": "Z Bimenyimana",
              "extras": {
                "wides": 1
              },
              "non_striker": "JK Vifah",
              "runs": {
                "batter": 0,
                "extras": 1,
                "total": 1
              }
            },
            {
              "batter": "Amoluk Singh",
              "bowler": "Z Bimenyimana",
              "non_striker": "JK Vifah",
              "runs": {
                "batter": 0,
                "extras": 0,
                "total": 0
              }
            },
            {
              "batter": "Amoluk Singh",
              "bowler": "Z Bimenyimana",
              "extras": {
                "noballs": 1
              },
              "non_striker": "JK Vifah",
              "runs": {
                "batter": 4,
                "extras": 1,
                "total": 5
              }
            },
            {
              "batter": "Amoluk Singh",
              "bowler": "Z Bimenyimana",
              "non_striker": "JK Vifah",
              "runs": {
                "batter": 2,
                "extras": 0,
                "total": 2
              }
            },
            {
              "batter": "Amoluk Singh",
              "bowler": "Z Bimenyimana",
              "non_striker": "JK Vifah",
              "runs": {
                "batter": 0,
                "extras": 0,
                "total": 0
              }
            },
            {
              "batter": "Amoluk Singh",
              "bowler": "Z Bimenyimana",
              "non_striker": "JK Vifah",
              "runs": {
                "batter": 4,
                "extras": 0,
                "total": 4
              }
            },
            {
              "batter": "Amoluk Singh",
              "bowler": "Z Bimenyimana",
              "non_striker": "JK Vifah",
              "runs": {
                "batter": 0,
                "extras": 0,
                "total": 0
              }
            }
          ]
        },
        {
          "over": 2,
          "deliveries": [
            {
              "batter": "JK Vifah",
              "bowler": "C Rububagumya",
              "non_striker": "Amoluk Singh",
              "runs": {
                "batter": 0,
                "extras": 0,
                "total": 0
              }
            },
            {
              "batter": "JK Vifah",
              "bowler": "C Rububagumya",
              "non_striker": "Amoluk Singh",
              "runs": {
                "batter": 0,
                "extras": 0,
                "total": 0
              }
            },
            {
              "batter": "JK Vifah",
              "bowler": "C Rububagumya",
              "extras": {
                "wides": 1
              },
              "non_striker": "Amoluk Singh",
              "runs": {
                "batter": 0,
                "extras": 1,
                "total": 1
              }
            },
            {
              "batter": "JK Vifah",
              "bowler": "C Rububagumya",
              "non_striker": "Amoluk Singh",
              "runs": {
                "batter": 0,
                "extras": 0,
                "total": 0
              }
            },
            {
              "batter": "JK Vifah",
              "bowler": "C Rububagumya",
              "non_striker": "Amoluk Singh",
              "runs": {
                "batter": 4,
                "extras": 0,
                "total": 4
              }
            },
            {
              "batter": "JK Vifah",
              "bowler": "C Rububagumya",
              "non_striker": "Amoluk Singh",
              "runs": {
                "batter": 4,
                "extras": 0,
                "total": 4
              }
            },
            {
              "batter": "JK Vifah",
              "bowler": "C Rububagumya",
              "non_striker": "Amoluk Singh",
              "runs": {
                "batter": 0,
                "extras": 0,
                "total": 0
              }
            }
          ]
        },
        {
          "over": 3,
          "deliveries": [
            {
              "batter": "Amoluk Singh",
              "bowler": "M Akayezu",
              "non_striker": "JK Vifah",
              "runs": {
                "batter": 0,
                "extras": 0,
                "total": 0
              }
            },
            {
              "batter": "Amoluk Singh",
              "bowler": "M Akayezu",
              "non_striker": "JK Vifah",
              "runs": {
                "batter": 4,
                "extras": 0,
                "total": 4
              }
            },
            {
              "batter": "Amoluk Singh",
              "bowler": "M Akayezu",
              "non_striker": "JK Vifah",
              "runs": {
                "batter": 4,
                "extras": 0,
                "total": 4
              }
            },
            {
              "batter": "Amoluk Singh",
              "bowler": "M Akayezu",
              "non_striker": "JK Vifah",
              "runs": {
                "batter": 0,
                "extras": 0,
                "total": 0
              }
            },
            {
              "batter": "Amoluk Singh",
              "bowler": "M Akayezu",
              "non_striker": "JK Vifah",
              "runs": {
                "batter": 4,
                "extras": 0,
                "total": 4
              }
            },
            {
              "batter": "Amoluk Singh",
              "bowler": "M Akayezu",
              "non_striker": "JK Vifah",
              "runs": {
                "batter": 4,
                "extras": 0,
                "total": 4
              }
            }
          ]
        },
        {
          "over": 4,
          "deliveries": [
            {
              "batter": "JK Vifah",
              "bowler": "V Mitari",
              "non_striker": "Amoluk Singh",
              "runs": {
                "batter": 0,
                "extras": 0,
                "total": 0
              }
            },
            {
              "batter": "JK Vifah",
              "bowler": "V Mitari",
              "non_striker": "Amoluk Singh",
              "runs": {
                "batter": 1,
                "extras": 0,
                "total": 1
              }
            },
            {
              "batter": "Amoluk Singh",
              "bowler": "V Mitari",
              "non_striker": "JK Vifah",
              "runs": {
                "batter": 1,
                "extras": 0,
                "total": 1
              }
            },
            {
              "batter": "JK Vifah",
              "bowler": "V Mitari",
              "extras": {
                "noballs": 1
              },
              "non_striker": "Amoluk Singh",
              "runs": {
                "batter": 0,
                "extras": 1,
                "total": 1
              }
            },
            {
              "batter": "JK Vifah",
              "bowler": "V Mitari",
              "non_striker": "Amoluk Singh",
              "runs": {
                "batter": 0,
                "extras": 0,
                "total": 0
              }
            },
            {
              "batter": "JK Vifah",
              "bowler": "V Mitari",
              "non_striker": "Amoluk Singh",
              "runs": {
                "batter": 4,
                "extras": 0,
                "total": 4
              }
            },
            {
              "batter": "JK Vifah",
              "bowler": "V Mitari",
              "non_striker": "Amoluk Singh",
              "runs": {
                "batter": 1,
                "extras": 0,
                "total": 1
              }
            }
          ]
        },
        {
          "over": 5,
          "deliveries": [
            {
              "batter": "JK Vifah",
              "bowler": "Z Bimenyimana",
              "extras": {
                "wides": 1
              },
              "non_striker": "Amoluk Singh",
              "runs": {
                "batter": 0,
                "extras": 1,
                "total": 1
              }
            },
            {
              "batter": "JK Vifah",
              "bowler": "Z Bimenyimana",
              "non_striker": "Amoluk Singh",
              "runs": {
                "batter": 0,
                "extras": 0,
                "total": 0
              }
            },
            {
              "batter": "JK Vifah",
              "bowler": "Z Bimenyimana",
              "non_striker": "Amoluk Singh",
              "runs": {
                "batter": 0,
                "extras": 0,
                "total": 0
              }
            },
            {
              "batter": "JK Vifah",
              "bowler": "Z Bimenyimana",
              "non_striker": "Amoluk Singh",
              "runs": {
                "batter": 0,
                "extras": 0,
                "total": 0
              }
            },
            {
              "batter": "JK Vifah",
              "bowler": "Z Bimenyimana",
              "non_striker": "Amoluk Singh",
              "runs": {
                "batter": 1,
                "extras": 0,
                "total": 1
              }
            },
            {
              "batter": "Amoluk Singh",
              "bowler": "Z Bimenyimana",
              "non_striker": "JK Vifah",
              "runs": {
                "batter": 0,
                "extras": 0,
                "total": 0
              }
            },
            {
              "batter": "Amoluk Singh",
              "bowler": "Z Bimenyimana",
              "non_striker": "JK Vifah",
              "runs": {
                "batter": 0,
                "extras": 0,
                "total": 0
              }
            }
          ]
        },
        {
          "over": 6,
          "deliveries": [
            {
              "batter": "JK Vifah",
              "bowler": "V Mitari",
              "non_striker": "Amoluk Singh",
              "runs": {
                "batter": 1,
                "extras": 0,
                "total": 1
              }
            },
            {
              "batter": "Amoluk Singh",
              "bowler": "V Mitari",
              "non_striker": "JK Vifah",
              "runs": {
                "batter": 2,
                "extras": 0,
                "total": 2
              }
            },
            {
              "batter": "Amoluk Singh",
              "bowler": "V Mitari",
              "non_striker": "JK Vifah",
              "runs": {
                "batter": 1,
                "extras": 0,
                "total": 1
              }
            },
            {
              "batter": "JK Vifah",
              "bowler": "V Mitari",
              "non_striker": "Amoluk Singh",
              "runs": {
                "batter": 1,
                "extras": 0,
                "total": 1
              }
            },
            {
              "batter": "Amoluk Singh",
              "bowler": "V Mitari",
              "non_striker": "JK Vifah",
              "runs": {
                "batter": 0,
                "extras": 0,
                "total": 0
              }
            },
            {
              "batter": "Amoluk Singh",
              "bowler": "V Mitari",
              "extras": {
                "noballs": 1
              },
              "non_striker": "JK Vifah",
              "runs": {
                "batter": 1,
                "extras": 1,
                "total": 2
              }
            },
            {
              "batter": "JK Vifah",
              "bowler": "V Mitari",
              "non_striker": "Amoluk Singh",
              "runs": {
                "batter": 4,
                "extras": 0,
                "total": 4
              }
            }
          ]
        },
        {
          "over": 7,
          "deliveries": [
            {
              "batter": "Amoluk Singh",
              "bowler": "K Irakoze",
              "non_striker": "JK Vifah",
              "runs": {
                "batter": 0,
                "extras": 0,
                "total": 0
              }
            },
            {
              "batter": "Amoluk Singh",
              "bowler": "K Irakoze",
              "non_striker": "JK Vifah",
              "runs": {
                "batter": 4,
                "extras": 0,
                "total": 4
              }
            },
            {
              "batter": "Amoluk Singh",
              "bowler": "K Irakoze",
              "non_striker": "JK Vifah",
              "runs": {
                "batter": 1,
                "extras": 0,
                "total": 1
              }
            },
            {
              "batter": "JK Vifah",
              "bowler": "K Irakoze",
              "non_striker": "Amoluk Singh",
              "runs": {
                "batter": 2,
                "extras": 0,
                "total": 2
              }
            },
            {
              "batter": "JK Vifah",
              "bowler": "K Irakoze",
              "non_striker": "Amoluk Singh",
              "runs": {
                "batter": 1,
                "extras": 0,
                "total": 1
              }
            },
            {
              "batter": "Amoluk Singh",
              "bowler": "K Irakoze",
              "non_striker": "JK Vifah",
              "runs": {
                "batter": 1,
                "extras": 0,
                "total": 1
              }
            }
          ]
        },
        {
          "over": 8,
          "deliveries": [
            {
              "batter": "Amoluk Singh",
              "bowler": "C Rububagumya",
              "non_striker": "JK Vifah",
              "runs": {
                "batter": 0,
                "extras": 0,
                "total": 0
              }
            },
            {
              "batter": "Amoluk Singh",
              "bowler": "C Rububagumya",
              "non_striker": "JK Vifah",
              "runs": {
                "batter": 1,
                "extras": 0,
                "total": 1
              }
            },
            {
              "batter": "JK Vifah",
              "bowler": "C Rububagumya",
              "non_striker": "Amoluk Singh",
              "runs": {
                "batter": 0,
                "extras": 0,
                "total": 0
              }
            },
            {
              "batter": "JK Vifah",
              "bowler": "C Rububagumya",
              "extras": {
                "wides": 1
              },
              "non_striker": "Amoluk Singh",
              "runs": {
                "batter": 0,
                "extras": 1,
                "total": 1
              }
            },
            {
              "batter": "JK Vifah",
              "bowler": "C Rububagumya",
              "non_striker": "Amoluk Singh",
              "runs": {
                "batter": 0,
                "extras": 0,
                "total": 0
              },
              "wickets": [
                {
                  "player_out": "JK Vifah",
                  "kind": "bowled"
                }
              ]
            },
            {
              "batter": "SK Awiah",
              "bowler": "C Rububagumya",
              "non_striker": "Amoluk Singh",
              "runs": {
                "batter": 0,
                "extras": 0,
                "total": 0
              }
            },
            {
              "batter": "SK Awiah",
              "bowler": "C Rububagumya",
              "extras": {
                "wides": 1
              },
              "non_striker": "Amoluk Singh",
              "runs": {
                "batter": 0,
                "extras": 1,
                "total": 1
              }
            },
            {
              "batter": "SK Awiah",
              "bowler": "C Rububagumya",
              "non_striker": "Amoluk Singh",
              "runs": {
                "batter": 2,
                "extras": 0,
                "total": 2
              }
            }
          ]
        },
        {
          "over": 9,
          "deliveries": [
            {
              "batter": "Amoluk Singh",
              "bowler": "K Irakoze",
              "non_striker": "SK Awiah",
              "runs": {
                "batter": 0,
                "extras": 0,
                "total": 0
              }
            },
            {
              "batter": "Amoluk Singh",
              "bowler": "K Irakoze",
              "non_striker": "SK Awiah",
              "runs": {
                "batter": 0,
                "extras": 0,
                "total": 0
              }
            },
            {
              "batter": "Amoluk Singh",
              "bowler": "K Irakoze",
              "non_striker": "SK Awiah",
              "runs": {
                "batter": 2,
                "extras": 0,
                "total": 2
              }
            },
            {
              "batter": "Amoluk Singh",
              "bowler": "K Irakoze",
              "non_striker": "SK Awiah",
              "runs": {
                "batter": 1,
                "extras": 0,
                "total": 1
              }
            },
            {
              "batter": "SK Awiah",
              "bowler": "K Irakoze",
              "non_striker": "Amoluk Singh",
              "runs": {
                "batter": 1,
                "extras": 0,
                "total": 1
              }
            },
            {
              "batter": "Amoluk Singh",
              "bowler": "K Irakoze",
              "non_striker": "SK Awiah",
              "runs": {
                "batter": 0,
                "extras": 0,
                "total": 0
              }
            }
          ]
        },
        {
          "over": 10,
          "deliveries": [
            {
              "batter": "SK Awiah",
              "bowler": "M Akayezu",
              "non_striker": "Amoluk Singh",
              "runs": {
                "batter": 1,
                "extras": 0,
                "total": 1
              }
            },
            {
              "batter": "Amoluk Singh",
              "bowler": "M Akayezu",
              "non_striker": "SK Awiah",
              "runs": {
                "batter": 1,
                "extras": 0,
                "total": 1
              }
            },
            {
              "batter": "SK Awiah",
              "bowler": "M Akayezu",
              "extras": {
                "wides": 1
              },
              "non_striker": "Amoluk Singh",
              "runs": {
                "batter": 0,
                "extras": 1,
                "total": 1
              }
            },
            {
              "batter": "SK Awiah",
              "bowler": "M Akayezu",
              "extras": {
                "wides": 1
              },
              "non_striker": "Amoluk Singh",
              "runs": {
                "batter": 0,
                "extras": 1,
                "total": 1
              }
            },
            {
              "batter": "SK Awiah",
              "bowler": "M Akayezu",
              "non_striker": "Amoluk Singh",
              "runs": {
                "batter": 0,
                "extras": 0,
                "total": 0
              }
            },
            {
              "batter": "SK Awiah",
              "bowler": "M Akayezu",
              "non_striker": "Amoluk Singh",
              "runs": {
                "batter": 0,
                "extras": 0,
                "total": 0
              }
            },
            {
              "batter": "SK Awiah",
              "bowler": "M Akayezu",
              "non_striker": "Amoluk Singh",
              "runs": {
                "batter": 1,
                "extras": 0,
                "total": 1
              }
            },
            {
              "batter": "Amoluk Singh",
              "bowler": "M Akayezu",
              "extras": {
                "legbyes": 1
              },
              "non_striker": "SK Awiah",
              "runs": {
                "batter": 0,
                "extras": 1,
                "total": 1
              }
            }
          ]
        },
        {
          "over": 11,
          "deliveries": [
            {
              "batter": "Amoluk Singh",
              "bowler": "K Irakoze",
              "non_striker": "SK Awiah",
              "runs": {
                "batter": 4,
                "extras": 0,
                "total": 4
              }
            },
            {
              "batter": "Amoluk Singh",
              "bowler": "K Irakoze",
              "non_striker": "SK Awiah",
              "runs": {
                "batter": 0,
                "extras": 0,
                "total": 0
              }
            },
            {
              "batter": "Amoluk Singh",
              "bowler": "K Irakoze",
              "non_striker": "SK Awiah",
              "runs": {
                "batter": 1,
                "extras": 0,
                "total": 1
              }
            },
            {
              "batter": "SK Awiah",
              "bowler": "K Irakoze",
              "non_striker": "Amoluk Singh",
              "runs": {
                "batter": 2,
                "extras": 0,
                "total": 2
              }
            },
            {
              "batter": "SK Awiah",
              "bowler": "K Irakoze",
              "non_striker": "Amoluk Singh",
              "runs": {
                "batter": 0,
                "extras": 0,
                "total": 0
              }
            },
            {
              "batter": "SK Awiah",
              "bowler": "K Irakoze",
              "non_striker": "Amoluk Singh",
              "runs": {
                "batter": 0,
                "extras": 0,
                "total": 0
              }
            }
          ]
        },
        {
          "over": 12,
          "deliveries": [
            {
              "batter": "Amoluk Singh",
              "bowler": "M Akayezu",
              "extras": {
                "wides": 1
              },
              "non_striker": "SK Awiah",
              "runs": {
                "batter": 0,
                "extras": 1,
                "total": 1
              }
            },
            {
              "batter": "Amoluk Singh",
              "bowler": "M Akayezu",
              "non_striker": "SK Awiah",
              "runs": {
                "batter": 6,
                "extras": 0,
                "total": 6
              }
            },
            {
              "batter": "Amoluk Singh",
              "bowler": "M Akayezu",
              "non_striker": "SK Awiah",
              "runs": {
                "batter": 0,
                "extras": 0,
                "total": 0
              }
            },
            {
              "batter": "Amoluk Singh",
              "bowler": "M Akayezu",
              "non_striker": "SK Awiah",
              "runs": {
                "batter": 0,
                "extras": 0,
                "total": 0
              },
              "wickets": [
                {
                  "player_out": "Amoluk Singh",
                  "fielders": [
                    {
                      "name": "D Ndikubwimana"
                    }
                  ],
                  "kind": "caught"
                }
              ]
            },
            {
              "batter": "OH Agbomadzie",
              "bowler": "M Akayezu",
              "extras": {
                "wides": 1
              },
              "non_striker": "SK Awiah",
              "runs": {
                "batter": 0,
                "extras": 1,
                "total": 1
              }
            },
            {
              "batter": "OH Agbomadzie",
              "bowler": "M Akayezu",
              "extras": {
                "legbyes": 1
              },
              "non_striker": "SK Awiah",
              "runs": {
                "batter": 0,
                "extras": 1,
                "total": 1
              }
            },
            {
              "batter": "SK Awiah",
              "bowler": "M Akayezu",
              "non_striker": "OH Agbomadzie",
              "runs": {
                "batter": 2,
                "extras": 0,
                "total": 2
              }
            },
            {
              "batter": "SK Awiah",
              "bowler": "M Akayezu",
              "extras": {
                "wides": 1
              },
              "non_striker": "OH Agbomadzie",
              "runs": {
                "batter": 0,
                "extras": 1,
                "total": 1
              }
            },
            {
              "batter": "SK Awiah",
              "bowler": "M Akayezu",
              "non_striker": "OH Agbomadzie",
              "runs": {
                "batter": 4,
                "extras": 0,
                "total": 4
              }
            }
          ]
        },
        {
          "over": 13,
          "deliveries": [
            {
              "batter": "OH Agbomadzie",
              "bowler": "K Irakoze",
              "non_striker": "SK Awiah",
              "runs": {
                "batter": 1,
                "extras": 0,
                "total": 1
              }
            },
            {
              "batter": "SK Awiah",
              "bowler": "K Irakoze",
              "non_striker": "OH Agbomadzie",
              "runs": {
                "batter": 0,
                "extras": 0,
                "total": 0
              }
            },
            {
              "batter": "SK Awiah",
              "bowler": "K Irakoze",
              "non_striker": "OH Agbomadzie",
              "runs": {
                "batter": 1,
                "extras": 0,
                "total": 1
              }
            },
            {
              "batter": "OH Agbomadzie",
              "bowler": "K Irakoze",
              "non_striker": "SK Awiah",
              "runs": {
                "batter": 4,
                "extras": 0,
                "total": 4
              }
            },
            {
              "batter": "OH Agbomadzie",
              "bowler": "K Irakoze",
              "non_striker": "SK Awiah",
              "runs": {
                "batter": 0,
                "extras": 0,
                "total": 0
              }
            },
            {
              "batter": "OH Agbomadzie",
              "bowler": "K Irakoze",
              "non_striker": "SK Awiah",
              "runs": {
                "batter": 1,
                "extras": 0,
                "total": 1
              }
            }
          ]
        },
        {
          "over": 14,
          "deliveries": [
            {
              "batter": "OH Agbomadzie",
              "bowler": "M Akayezu",
              "extras": {
                "wides": 1
              },
              "non_striker": "SK Awiah",
              "runs": {
                "batter": 0,
                "extras": 1,
                "total": 1
              }
            },
            {
              "batter": "OH Agbomadzie",
              "bowler": "M Akayezu",
              "non_striker": "SK Awiah",
              "runs": {
                "batter": 1,
                "extras": 0,
                "total": 1
              }
            },
            {
              "batter": "SK Awiah",
              "bowler": "M Akayezu",
              "non_striker": "OH Agbomadzie",
              "runs": {
                "batter": 1,
                "extras": 0,
                "total": 1
              }
            },
            {
              "batter": "SK Awiah",
              "bowler": "M Akayezu",
              "non_striker": "OH Agbomadzie",
              "runs": {
                "batter": 2,
                "extras": 0,
                "total": 2
              }
            },
            {
              "batter": "SK Awiah",
              "bowler": "M Akayezu",
              "non_striker": "OH Agbomadzie",
              "runs": {
                "batter": 1,
                "extras": 0,
                "total": 1
              }
            },
            {
              "batter": "OH Agbomadzie",
              "bowler": "M Akayezu",
              "non_striker": "SK Awiah",
              "runs": {
                "batter": 4,
                "extras": 0,
                "total": 4
              }
            },
            {
              "batter": "OH Agbomadzie",
              "bowler": "M Akayezu",
              "non_striker": "SK Awiah",
              "runs": {
                "batter": 0,
                "extras": 0,
                "total": 0
              }
            }
          ]
        },
        {
          "over": 15,
          "deliveries": [
            {
              "batter": "SK Awiah",
              "bowler": "V Mitari",
              "non_striker": "OH Agbomadzie",
              "runs": {
                "batter": 0,
                "extras": 0,
                "total": 0
              }
            },
            {
              "batter": "SK Awiah",
              "bowler": "V Mitari",
              "non_striker": "OH Agbomadzie",
              "runs": {
                "batter": 0,
                "extras": 0,
                "total": 0
              }
            },
            {
              "batter": "SK Awiah",
              "bowler": "V Mitari",
              "non_striker": "OH Agbomadzie",
              "runs": {
                "batter": 0,
                "extras": 0,
                "total": 0
              }
            },
            {
              "batter": "SK Awiah",
              "bowler": "V Mitari",
              "non_striker": "OH Agbomadzie",
              "runs": {
                "batter": 1,
                "extras": 0,
                "total": 1
              }
            },
            {
              "batter": "OH Agbomadzie",
              "bowler": "V Mitari",
              "non_striker": "SK Awiah",
              "runs": {
                "batter": 2,
                "extras": 0,
                "total": 2
              }
            },
            {
              "batter": "OH Agbomadzie",
              "bowler": "V Mitari",
              "non_striker": "SK Awiah",
              "runs": {
                "batter": 1,
                "extras": 0,
                "total": 1
              }
            }
          ]
        },
        {
          "over": 16,
          "deliveries": [
            {
              "batter": "OH Agbomadzie",
              "bowler": "Z Bimenyimana",
              "non_striker": "SK Awiah",
              "runs": {
                "batter": 0,
                "extras": 0,
                "total": 0
              }
            },
            {
              "batter": "OH Agbomadzie",
              "bowler": "Z Bimenyimana",
              "non_striker": "SK Awiah",
              "runs": {
                "batter": 0,
                "extras": 0,
                "total": 0
              },
              "wickets": [
                {
                  "player_out": "OH Agbomadzie",
                  "kind": "bowled"
                }
              ]
            },
            {
              "batter": "R Bakum",
              "bowler": "Z Bimenyimana",
              "non_striker": "SK Awiah",
              "runs": {
                "batter": 0,
                "extras": 0,
                "total": 0
              },
              "wickets": [
                {
                  "player_out": "R Bakum",
                  "kind": "bowled"
                }
              ]
            },
            {
              "batter": "Devender Singh",
              "bowler": "Z Bimenyimana",
              "non_striker": "SK Awiah",
              "runs": {
                "batter": 1,
                "extras": 0,
                "total": 1
              }
            },
            {
              "batter": "SK Awiah",
              "bowler": "Z Bimenyimana",
              "non_striker": "Devender Singh",
              "runs": {
                "batter": 2,
                "extras": 0,
                "total": 2
              }
            },
            {
              "batter": "SK Awiah",
              "bowler": "Z Bimenyimana",
              "extras": {
                "noballs": 1
              },
              "non_striker": "Devender Singh",
              "runs": {
                "batter": 1,
                "extras": 1,
                "total": 2
              }
            },
            {
              "batter": "Devender Singh",
              "bowler": "Z Bimenyimana",
              "non_striker": "SK Awiah",
              "runs": {
                "batter": 0,
                "extras": 0,
                "total": 0
              }
            }
          ]
        },
        {
          "over": 17,
          "deliveries": [
            {
              "batter": "SK Awiah",
              "bowler": "V Mitari",
              "extras": {
                "wides": 1
              },
              "non_striker": "Devender Singh",
              "runs": {
                "batter": 0,
                "extras": 1,
                "total": 1
              }
            },
            {
              "batter": "SK Awiah",
              "bowler": "V Mitari",
              "non_striker": "Devender Singh",
              "runs": {
                "batter": 0,
                "extras": 0,
                "total": 0
              },
              "wickets": [
                {
                  "player_out": "SK Awiah",
                  "fielders": [
                    {
                      "name": "D Ndikubwimana"
                    }
                  ],
                  "kind": "caught"
                }
              ]
            },
            {
              "batter": "Devender Singh",
              "bowler": "V Mitari",
              "non_striker": "MK Anafie",
              "runs": {
                "batter": 2,
                "extras": 0,
                "total": 2
              }
            },
            {
              "batter": "Devender Singh",
              "bowler": "V Mitari",
              "non_striker": "MK Anafie",
              "runs": {
                "batter": 0,
                "extras": 0,
                "total": 0
              }
            },
            {
              "batter": "Devender Singh",
              "bowler": "V Mitari",
              "non_striker": "MK Anafie",
              "runs": {
                "batter": 2,
                "extras": 0,
                "total": 2
              }
            },
            {
              "batter": "Devender Singh",
              "bowler": "V Mitari",
              "non_striker": "MK Anafie",
              "runs": {
                "batter": 1,
                "extras": 0,
                "total": 1
              }
            },
            {
              "batter": "MK Anafie",
              "bowler": "V Mitari",
              "extras": {
                "legbyes": 1
              },
              "non_striker": "Devender Singh",
              "runs": {
                "batter": 0,
                "extras": 1,
                "total": 1
              }
            }
          ]
        },
        {
          "over": 18,
          "deliveries": [
            {
              "batter": "MK Anafie",
              "bowler": "C Rububagumya",
              "non_striker": "Devender Singh",
              "runs": {
                "batter": 1,
                "extras": 0,
                "total": 1
              }
            },
            {
              "batter": "Devender Singh",
              "bowler": "C Rububagumya",
              "non_striker": "MK Anafie",
              "runs": {
                "batter": 2,
                "extras": 0,
                "total": 2
              }
            },
            {
              "batter": "Devender Singh",
              "bowler": "C Rububagumya",
              "extras": {
                "wides": 1
              },
              "non_striker": "MK Anafie",
              "runs": {
                "batter": 0,
                "extras": 1,
                "total": 1
              }
            },
            {
              "batter": "Devender Singh",
              "bowler": "C Rububagumya",
              "non_striker": "MK Anafie",
              "runs": {
                "batter": 1,
                "extras": 0,
                "total": 1
              }
            },
            {
              "batter": "MK Anafie",
              "bowler": "C Rububagumya",
              "non_striker": "Devender Singh",
              "runs": {
                "batter": 1,
                "extras": 0,
                "total": 1
              }
            },
            {
              "batter": "Devender Singh",
              "bowler": "C Rububagumya",
              "non_striker": "MK Anafie",
              "runs": {
                "batter": 1,
                "extras": 0,
                "total": 1
              }
            },
            {
              "batter": "MK Anafie",
              "bowler": "C Rububagumya",
              "non_striker": "Devender Singh",
              "runs": {
                "batter": 0,
                "extras": 0,
                "total": 0
              }
            }
          ]
        },
        {
          "over": 19,
          "deliveries": [
            {
              "batter": "Devender Singh",
              "bowler": "Z Bimenyimana",
              "non_striker": "MK Anafie",
              "runs": {
                "batter": 0,
                "extras": 0,
                "total": 0
              }
            },
            {
              "batter": "Devender Singh",
              "bowler": "Z Bimenyimana",
              "extras": {
                "wides": 3
              },
              "non_striker": "MK Anafie",
              "runs": {
                "batter": 0,
                "extras": 3,
                "total": 3
              }
            },
            {
              "batter": "Devender Singh",
              "bowler": "Z Bimenyimana",
              "non_striker": "MK Anafie",
              "runs": {
                "batter": 0,
                "extras": 0,
                "total": 0
              }
            },
            {
              "batter": "Devender Singh",
              "bowler": "Z Bimenyimana",
              "non_striker": "MK Anafie",
              "runs": {
                "batter": 1,
                "extras": 0,
                "total": 1
              }
            },
            {
              "batter": "MK Anafie",
              "bowler": "Z Bimenyimana",
              "non_striker": "Devender Singh",
              "runs": {
                "batter": 0,
                "extras": 0,
                "total": 0
              }
            },
            {
              "batter": "MK Anafie",
              "bowler": "Z Bimenyimana",
              "non_striker": "Devender Singh",
              "runs": {
                "batter": 4,
                "extras": 0,
                "total": 4
              }
            },
            {
              "batter": "MK Anafie",
              "bowler": "Z Bimenyimana",
              "non_striker": "Devender Singh",
              "runs": {
                "batter": 1,
                "extras": 0,
                "total": 1
              }
            }
          ]
        }
      ],
      "powerplays": [
        {
          "from": 0.1,
          "to": 5.7,
          "type": "mandatory"
        }
      ]
    },
    {
      "team": "Rwanda",
      "overs": [
        {
          "over": 0,
          "deliveries": [
            {
              "batter": "E Dusingizimana",
              "bowler": "KS Bagabena",
              "non_striker": "D Ndikubwimana",
              "runs": {
                "batter": 1,
                "extras": 0,
                "total": 1
              }
            },
            {
              "batter": "D Ndikubwimana",
              "bowler": "KS Bagabena",
              "non_striker": "E Dusingizimana",
              "runs": {
                "batter": 0,
                "extras": 0,
                "total": 0
              }
            },
            {
              "batter": "D Ndikubwimana",
              "bowler": "KS Bagabena",
              "non_striker": "E Dusingizimana",
              "runs": {
                "batter": 1,
                "extras": 0,
                "total": 1
              }
            },
            {
              "batter": "E Dusingizimana",
              "bowler": "KS Bagabena",
              "non_striker": "D Ndikubwimana",
              "runs": {
                "batter": 4,
                "extras": 0,
                "total": 4
              }
            },
            {
              "batter": "E Dusingizimana",
              "bowler": "KS Bagabena",
              "non_striker": "D Ndikubwimana",
              "runs": {
                "batter": 6,
                "extras": 0,
                "total": 6
              }
            },
            {
              "batter": "E Dusingizimana",
              "bowler": "KS Bagabena",
              "non_striker": "D Ndikubwimana",
              "runs": {
                "batter": 1,
                "extras": 0,
                "total": 1
              }
            }
          ]
        },
        {
          "over": 1,
          "deliveries": [
            {
              "batter": "E Dusingizimana",
              "bowler": "Amoluk Singh",
              "non_striker": "D Ndikubwimana",
              "runs": {
                "batter": 0,
                "extras": 0,
                "total": 0
              }
            },
            {
              "batter": "E Dusingizimana",
              "bowler": "Amoluk Singh",
              "non_striker": "D Ndikubwimana",
              "runs": {
                "batter": 0,
                "extras": 0,
                "total": 0
              }
            },
            {
              "batter": "E Dusingizimana",
              "bowler": "Amoluk Singh",
              "non_striker": "D Ndikubwimana",
              "runs": {
                "batter": 0,
                "extras": 0,
                "total": 0
              }
            },
            {
              "batter": "E Dusingizimana",
              "bowler": "Amoluk Singh",
              "non_striker": "D Ndikubwimana",
              "runs": {
                "batter": 4,
                "extras": 0,
                "total": 4
              }
            },
            {
              "batter": "E Dusingizimana",
              "bowler": "Amoluk Singh",
              "non_striker": "D Ndikubwimana",
              "runs": {
                "batter": 0,
                "extras": 0,
                "total": 0
              }
            },
            {
              "batter": "E Dusingizimana",
              "bowler": "Amoluk Singh",
              "non_striker": "D Ndikubwimana",
              "runs": {
                "batter": 1,
                "extras": 0,
                "total": 1
              }
            }
          ]
        },
        {
          "over": 2,
          "deliveries": [
            {
              "batter": "E Dusingizimana",
              "bowler": "DK Anefie",
              "non_striker": "D Ndikubwimana",
              "runs": {
                "batter": 4,
                "extras": 0,
                "total": 4
              }
            },
            {
              "batter": "E Dusingizimana",
              "bowler": "DK Anefie",
              "non_striker": "D Ndikubwimana",
              "runs": {
                "batter": 0,
                "extras": 0,
                "total": 0
              }
            },
            {
              "batter": "E Dusingizimana",
              "bowler": "DK Anefie",
              "non_striker": "D Ndikubwimana",
              "runs": {
                "batter": 1,
                "extras": 0,
                "total": 1
              }
            },
            {
              "batter": "D Ndikubwimana",
              "bowler": "DK Anefie",
              "non_striker": "E Dusingizimana",
              "runs": {
                "batter": 0,
                "extras": 0,
                "total": 0
              }
            },
            {
              "batter": "D Ndikubwimana",
              "bowler": "DK Anefie",
              "non_striker": "E Dusingizimana",
              "runs": {
                "batter": 0,
                "extras": 0,
                "total": 0
              }
            },
            {
              "batter": "D Ndikubwimana",
              "bowler": "DK Anefie",
              "non_striker": "E Dusingizimana",
              "runs": {
                "batter": 1,
                "extras": 0,
                "total": 1
              }
            }
          ]
        },
        {
          "over": 3,
          "deliveries": [
            {
              "batter": "D Ndikubwimana",
              "bowler": "Amoluk Singh",
              "non_striker": "E Dusingizimana",
              "runs": {
                "batter": 0,
                "extras": 0,
                "total": 0
              }
            },
            {
              "batter": "D Ndikubwimana",
              "bowler": "Amoluk Singh",
              "non_striker": "E Dusingizimana",
              "runs": {
                "batter": 0,
                "extras": 0,
                "total": 0
              }
            },
            {
              "batter": "D Ndikubwimana",
              "bowler": "Amoluk Singh",
              "non_striker": "E Dusingizimana",
              "runs": {
                "batter": 0,
                "extras": 0,
                "total": 0
              }
            },
            {
              "batter": "D Ndikubwimana",
              "bowler": "Amoluk Singh",
              "non_striker": "E Dusingizimana",
              "runs": {
                "batter": 0,
                "extras": 0,
                "total": 0
              }
            },
            {
              "batter": "D Ndikubwimana",
              "bowler": "Amoluk Singh",
              "extras": {
                "wides": 1
              },
              "non_striker": "E Dusingizimana",
              "runs": {
                "batter": 0,
                "extras": 1,
                "total": 1
              }
            },
            {
              "batter": "D Ndikubwimana",
              "bowler": "Amoluk Singh",
              "non_striker": "E Dusingizimana",
              "runs": {
                "batter": 2,
                "extras": 0,
                "total": 2
              }
            },
            {
              "batter": "D Ndikubwimana",
              "bowler": "Amoluk Singh",
              "non_striker": "E Dusingizimana",
              "runs": {
                "batter": 0,
                "extras": 0,
                "total": 0
              }
            }
          ]
        },
        {
          "over": 4,
          "deliveries": [
            {
              "batter": "E Dusingizimana",
              "bowler": "DK Anefie",
              "non_striker": "D Ndikubwimana",
              "runs": {
                "batter": 4,
                "extras": 0,
                "total": 4
              }
            },
            {
              "batter": "E Dusingizimana",
              "bowler": "DK Anefie",
              "non_striker": "D Ndikubwimana",
              "runs": {
                "batter": 0,
                "extras": 0,
                "total": 0
              }
            },
            {
              "batter": "E Dusingizimana",
              "bowler": "DK Anefie",
              "non_striker": "D Ndikubwimana",
              "runs": {
                "batter": 1,
                "extras": 0,
                "total": 1
              }
            },
            {
              "batter": "D Ndikubwimana",
              "bowler": "DK Anefie",
              "non_striker": "E Dusingizimana",
              "runs": {
                "batter": 0,
                "extras": 0,
                "total": 0
              }
            },
            {
              "batter": "D Ndikubwimana",
              "bowler": "DK Anefie",
              "non_striker": "E Dusingizimana",
              "runs": {
                "batter": 3,
                "extras": 0,
                "total": 3
              }
            },
            {
              "batter": "E Dusingizimana",
              "bowler": "DK Anefie",
              "non_striker": "D Ndikubwimana",
              "runs": {
                "batter": 1,
                "extras": 0,
                "total": 1
              }
            }
          ]
        },
        {
          "over": 5,
          "deliveries": [
            {
              "batter": "E Dusingizimana",
              "bowler": "Amoluk Singh",
              "non_striker": "D Ndikubwimana",
              "runs": {
                "batter": 0,
                "extras": 0,
                "total": 0
              }
            },
            {
              "batter": "E Dusingizimana",
              "bowler": "Amoluk Singh",
              "non_striker": "D Ndikubwimana",
              "runs": {
                "batter": 1,
                "extras": 0,
                "total": 1
              }
            },
            {
              "batter": "D Ndikubwimana",
              "bowler": "Amoluk Singh",
              "non_striker": "E Dusingizimana",
              "runs": {
                "batter": 0,
                "extras": 0,
                "total": 0
              }
            },
            {
              "batter": "D Ndikubwimana",
              "bowler": "Amoluk Singh",
              "non_striker": "E Dusingizimana",
              "runs": {
                "batter": 0,
                "extras": 0,
                "total": 0
              }
            },
            {
              "batter": "D Ndikubwimana",
              "bowler": "Amoluk Singh",
              "non_striker": "E Dusingizimana",
              "runs": {
                "batter": 0,
                "extras": 0,
                "total": 0
              }
            },
            {
              "batter": "D Ndikubwimana",
              "bowler": "Amoluk Singh",
              "non_striker": "E Dusingizimana",
              "runs": {
                "batter": 0,
                "extras": 0,
                "total": 0
              }
            }
          ]
        },
        {
          "over": 6,
          "deliveries": [
            {
              "batter": "E Dusingizimana",
              "bowler": "G Bakiweyem",
              "non_striker": "D Ndikubwimana",
              "runs": {
                "batter": 1,
                "extras": 0,
                "total": 1
              }
            },
            {
              "batter": "D Ndikubwimana",
              "bowler": "G Bakiweyem",
              "non_striker": "E Dusingizimana",
              "runs": {
                "batter": 1,
                "extras": 0,
                "total": 1
              }
            },
            {
              "batter": "E Dusingizimana",
              "bowler": "G Bakiweyem",
              "non_striker": "D Ndikubwimana",
              "runs": {
                "batter": 4,
                "extras": 0,
                "total": 4
              }
            },
            {
              "batter": "E Dusingizimana",
              "bowler": "G Bakiweyem",
              "non_striker": "D Ndikubwimana",
              "runs": {
                "batter": 0,
                "extras": 0,
                "total": 0
              },
              "wickets": [
                {
                  "player_out": "E Dusingizimana",
                  "fielders": [
                    {
                      "name": "TK Joseph"
                    }
                  ],
                  "kind": "caught"
                }
              ]
            },
            {
              "batter": "E Niyomugabo",
              "bowler": "G Bakiweyem",
              "non_striker": "D Ndikubwimana",
              "runs": {
                "batter": 0,
                "extras": 0,
                "total": 0
              }
            },
            {
              "batter": "E Niyomugabo",
              "bowler": "G Bakiweyem",
              "non_striker": "D Ndikubwimana",
              "runs": {
                "batter": 4,
                "extras": 0,
                "total": 4
              }
            }
          ]
        },
        {
          "over": 7,
          "deliveries": [
            {
              "batter": "D Ndikubwimana",
              "bowler": "OH Agbomadzie",
              "non_striker": "E Niyomugabo",
              "runs": {
                "batter": 0,
                "extras": 0,
                "total": 0
              }
            },
            {
              "batter": "D Ndikubwimana",
              "bowler": "OH Agbomadzie",
              "non_striker": "E Niyomugabo",
              "runs": {
                "batter": 1,
                "extras": 0,
                "total": 1
              }
            },
            {
              "batter": "E Niyomugabo",
              "bowler": "OH Agbomadzie",
              "non_striker": "D Ndikubwimana",
              "runs": {
                "batter": 0,
                "extras": 0,
                "total": 0
              }
            },
            {
              "batter": "E Niyomugabo",
              "bowler": "OH Agbomadzie",
              "non_striker": "D Ndikubwimana",
              "runs": {
                "batter": 0,
                "extras": 0,
                "total": 0
              }
            },
            {
              "batter": "E Niyomugabo",
              "bowler": "OH Agbomadzie",
              "non_striker": "D Ndikubwimana",
              "runs": {
                "batter": 2,
                "extras": 0,
                "total": 2
              }
            },
            {
              "batter": "E Niyomugabo",
              "bowler": "OH Agbomadzie",
              "non_striker": "D Ndikubwimana",
              "runs": {
                "batter": 1,
                "extras": 0,
                "total": 1
              }
            }
          ]
        },
        {
          "over": 8,
          "deliveries": [
            {
              "batter": "E Niyomugabo",
              "bowler": "G Bakiweyem",
              "non_striker": "D Ndikubwimana",
              "runs": {
                "batter": 2,
                "extras": 0,
                "total": 2
              }
            },
            {
              "batter": "E Niyomugabo",
              "bowler": "G Bakiweyem",
              "non_striker": "D Ndikubwimana",
              "runs": {
                "batter": 0,
                "extras": 0,
                "total": 0
              }
            },
            {
              "batter": "E Niyomugabo",
              "bowler": "G Bakiweyem",
              "extras": {
                "wides": 1
              },
              "non_striker": "D Ndikubwimana",
              "runs": {
                "batter": 0,
                "extras": 1,
                "total": 1
              }
            },
            {
              "batter": "E Niyomugabo",
              "bowler": "G Bakiweyem",
              "non_striker": "D Ndikubwimana",
              "runs": {
                "batter": 1,
                "extras": 0,
                "total": 1
              }
            },
            {
              "batter": "D Ndikubwimana",
              "bowler": "G Bakiweyem",
              "extras": {
                "legbyes": 4
              },
              "non_striker": "E Niyomugabo",
              "runs": {
                "batter": 0,
                "extras": 4,
                "total": 4
              }
            },
            {
              "batter": "D Ndikubwimana",
              "bowler": "G Bakiweyem",
              "non_striker": "E Niyomugabo",
              "runs": {
                "batter": 0,
                "extras": 0,
                "total": 0
              }
            },
            {
              "batter": "D Ndikubwimana",
              "bowler": "G Bakiweyem",
              "non_striker": "E Niyomugabo",
              "runs": {
                "batter": 0,
                "extras": 0,
                "total": 0
              }
            }
          ]
        },
        {
          "over": 9,
          "deliveries": [
            {
              "batter": "E Niyomugabo",
              "bowler": "OH Agbomadzie",
              "non_striker": "D Ndikubwimana",
              "runs": {
                "batter": 2,
                "extras": 0,
                "total": 2
              }
            },
            {
              "batter": "E Niyomugabo",
              "bowler": "OH Agbomadzie",
              "non_striker": "D Ndikubwimana",
              "runs": {
                "batter": 0,
                "extras": 0,
                "total": 0
              }
            },
            {
              "batter": "E Niyomugabo",
              "bowler": "OH Agbomadzie",
              "non_striker": "D Ndikubwimana",
              "runs": {
                "batter": 0,
                "extras": 0,
                "total": 0
              },
              "wickets": [
                {
                  "player_out": "E Niyomugabo",
                  "fielders": [
                    {
                      "name": "DK Anefie"
                    }
                  ],
                  "kind": "caught"
                }
              ]
            },
            {
              "batter": "D Ndikubwimana",
              "bowler": "OH Agbomadzie",
              "non_striker": "O Tuyisenge",
              "runs": {
                "batter": 0,
                "extras": 0,
                "total": 0
              }
            },
            {
              "batter": "D Ndikubwimana",
              "bowler": "OH Agbomadzie",
              "non_striker": "O Tuyisenge",
              "runs": {
                "batter": 0,
                "extras": 0,
                "total": 0
              }
            },
            {
              "batter": "D Ndikubwimana",
              "bowler": "OH Agbomadzie",
              "non_striker": "O Tuyisenge",
              "runs": {
                "batter": 1,
                "extras": 0,
                "total": 1
              }
            }
          ]
        },
        {
          "over": 10,
          "deliveries": [
            {
              "batter": "D Ndikubwimana",
              "bowler": "MK Anafie",
              "non_striker": "O Tuyisenge",
              "runs": {
                "batter": 0,
                "extras": 0,
                "total": 0
              }
            },
            {
              "batter": "D Ndikubwimana",
              "bowler": "MK Anafie",
              "non_striker": "O Tuyisenge",
              "runs": {
                "batter": 1,
                "extras": 0,
                "total": 1
              }
            },
            {
              "batter": "O Tuyisenge",
              "bowler": "MK Anafie",
              "non_striker": "D Ndikubwimana",
              "runs": {
                "batter": 0,
                "extras": 0,
                "total": 0
              }
            },
            {
              "batter": "O Tuyisenge",
              "bowler": "MK Anafie",
              "non_striker": "D Ndikubwimana",
              "runs": {
                "batter": 4,
                "extras": 0,
                "total": 4
              }
            },
            {
              "batter": "O Tuyisenge",
              "bowler": "MK Anafie",
              "non_striker": "D Ndikubwimana",
              "runs": {
                "batter": 2,
                "extras": 0,
                "total": 2
              }
            },
            {
              "batter": "O Tuyisenge",
              "bowler": "MK Anafie",
              "non_striker": "D Ndikubwimana",
              "runs": {
                "batter": 1,
                "extras": 0,
                "total": 1
              }
            }
          ]
        },
        {
          "over": 11,
          "deliveries": [
            {
              "batter": "O Tuyisenge",
              "bowler": "OH Agbomadzie",
              "non_striker": "D Ndikubwimana",
              "runs": {
                "batter": 6,
                "extras": 0,
                "total": 6
              }
            },
            {
              "batter": "O Tuyisenge",
              "bowler": "OH Agbomadzie",
              "non_striker": "D Ndikubwimana",
              "runs": {
                "batter": 4,
                "extras": 0,
                "total": 4
              }
            },
            {
              "batter": "O Tuyisenge",
              "bowler": "OH Agbomadzie",
              "non_striker": "D Ndikubwimana",
              "runs": {
                "batter": 2,
                "extras": 0,
                "total": 2
              }
            },
            {
              "batter": "O Tuyisenge",
              "bowler": "OH Agbomadzie",
              "non_striker": "D Ndikubwimana",
              "runs": {
                "batter": 4,
                "extras": 0,
                "total": 4
              }
            },
            {
              "batter": "O Tuyisenge",
              "bowler": "OH Agbomadzie",
              "non_striker": "D Ndikubwimana",
              "runs": {
                "batter": 0,
                "extras": 0,
                "total": 0
              }
            },
            {
              "batter": "O Tuyisenge",
              "bowler": "OH Agbomadzie",
              "non_striker": "D Ndikubwimana",
              "runs": {
                "batter": 0,
                "extras": 0,
                "total": 0
              },
              "wickets": [
                {
                  "player_out": "O Tuyisenge",
                  "fielders": [
                    {
                      "name": "TK Joseph"
                    }
                  ],
                  "kind": "stumped"
                }
              ]
            }
          ]
        },
        {
          "over": 12,
          "deliveries": [
            {
              "batter": "D Ndikubwimana",
              "bowler": "MK Anafie",
              "non_striker": "M Akayezu",
              "runs": {
                "batter": 0,
                "extras": 0,
                "total": 0
              }
            },
            {
              "batter": "D Ndikubwimana",
              "bowler": "MK Anafie",
              "non_striker": "M Akayezu",
              "runs": {
                "batter": 0,
                "extras": 0,
                "total": 0
              },
              "wickets": [
                {
                  "player_out": "D Ndikubwimana",
                  "kind": "bowled"
                }
              ]
            },
            {
              "batter": "Bosco Tuyizere",
              "bowler": "MK Anafie",
              "non_striker": "M Akayezu",
              "runs": {
                "batter": 1,
                "extras": 0,
                "total": 1
              }
            },
            {
              "batter": "M Akayezu",
              "bowler": "MK Anafie",
              "non_striker": "Bosco Tuyizere",
              "runs": {
                "batter": 6,
                "extras": 0,
                "total": 6
              }
            },
            {
              "batter": "M Akayezu",
              "bowler": "MK Anafie",
              "non_striker": "Bosco Tuyizere",
              "runs": {
                "batter": 6,
                "extras": 0,
                "total": 6
              }
            },
            {
              "batter": "M Akayezu",
              "bowler": "MK Anafie",
              "non_striker": "Bosco Tuyizere",
              "runs": {
                "batter": 4,
                "extras": 0,
                "total": 4
              }
            }
          ]
        },
        {
          "over": 13,
          "deliveries": [
            {
              "batter": "Bosco Tuyizere",
              "bowler": "OH Agbomadzie",
              "non_striker": "M Akayezu",
              "runs": {
                "batter": 4,
                "extras": 0,
                "total": 4
              }
            },
            {
              "batter": "Bosco Tuyizere",
              "bowler": "OH Agbomadzie",
              "non_striker": "M Akayezu",
              "runs": {
                "batter": 1,
                "extras": 0,
                "total": 1
              }
            },
            {
              "batter": "M Akayezu",
              "bowler": "OH Agbomadzie",
              "non_striker": "Bosco Tuyizere",
              "runs": {
                "batter": 0,
                "extras": 0,
                "total": 0
              }
            },
            {
              "batter": "M Akayezu",
              "bowler": "OH Agbomadzie",
              "non_striker": "Bosco Tuyizere",
              "runs": {
                "batter": 1,
                "extras": 0,
                "total": 1
              }
            },
            {
              "batter": "Bosco Tuyizere",
              "bowler": "OH Agbomadzie",
              "non_striker": "M Akayezu",
              "runs": {
                "batter": 1,
                "extras": 0,
                "total": 1
              }
            },
            {
              "batter": "M Akayezu",
              "bowler": "OH Agbomadzie",
              "non_striker": "Bosco Tuyizere",
              "runs": {
                "batter": 0,
                "extras": 0,
                "total": 0
              }
            }
          ]
        },
        {
          "over": 14,
          "deliveries": [
            {
              "batter": "Bosco Tuyizere",
              "bowler": "MK Anafie",
              "non_striker": "M Akayezu",
              "runs": {
                "batter": 0,
                "extras": 0,
                "total": 0
              }
            },
            {
              "batter": "Bosco Tuyizere",
              "bowler": "MK Anafie",
              "non_striker": "M Akayezu",
              "runs": {
                "batter": 0,
                "extras": 0,
                "total": 0
              }
            },
            {
              "batter": "Bosco Tuyizere",
              "bowler": "MK Anafie",
              "non_striker": "M Akayezu",
              "runs": {
                "batter": 0,
                "extras": 0,
                "total": 0
              },
              "wickets": [
                {
                  "player_out": "Bosco Tuyizere",
                  "kind": "bowled"
                }
              ]
            },
            {
              "batter": "C Rububagumya",
              "bowler": "MK Anafie",
              "non_striker": "M Akayezu",
              "runs": {
                "batter": 0,
                "extras": 0,
                "total": 0
              }
            },
            {
              "batter": "C Rububagumya",
              "bowler": "MK Anafie",
              "non_striker": "M Akayezu",
              "runs": {
                "batter": 0,
                "extras": 0,
                "total": 0
              }
            },
            {
              "batter": "C Rububagumya",
              "bowler": "MK Anafie",
              "non_striker": "M Akayezu",
              "runs": {
                "batter": 4,
                "extras": 0,
                "total": 4
              }
            }
          ]
        },
        {
          "over": 15,
          "deliveries": [
            {
              "batter": "M Akayezu",
              "bowler": "DK Anefie",
              "non_striker": "C Rububagumya",
              "runs": {
                "batter": 4,
                "extras": 0,
                "total": 4
              }
            },
            {
              "batter": "M Akayezu",
              "bowler": "DK Anefie",
              "non_striker": "C Rububagumya",
              "runs": {
                "batter": 2,
                "extras": 0,
                "total": 2
              }
            },
            {
              "batter": "M Akayezu",
              "bowler": "DK Anefie",
              "non_striker": "C Rububagumya",
              "runs": {
                "batter": 6,
                "extras": 0,
                "total": 6
              }
            },
            {
              "batter": "M Akayezu",
              "bowler": "DK Anefie",
              "non_striker": "C Rububagumya",
              "runs": {
                "batter": 6,
                "extras": 0,
                "total": 6
              }
            },
            {
              "batter": "M Akayezu",
              "bowler": "DK Anefie",
              "non_striker": "C Rububagumya",
              "runs": {
                "batter": 0,
                "extras": 0,
                "total": 0
              }
            },
            {
              "batter": "M Akayezu",
              "bowler": "DK Anefie",
              "non_striker": "C Rububagumya",
              "runs": {
                "batter": 0,
                "extras": 0,
                "total": 0
              }
            }
          ]
        },
        {
          "over": 16,
          "deliveries": [
            {
              "batter": "C Rububagumya",
              "bowler": "MK Anafie",
              "non_striker": "M Akayezu",
              "runs": {
                "batter": 0,
                "extras": 0,
                "total": 0
              }
            },
            {
              "batter": "C Rububagumya",
              "bowler": "MK Anafie",
              "non_striker": "M Akayezu",
              "runs": {
                "batter": 6,
                "extras": 0,
                "total": 6
              }
            },
            {
              "batter": "C Rububagumya",
              "bowler": "MK Anafie",
              "non_striker": "M Akayezu",
              "runs": {
                "batter": 0,
                "extras": 0,
                "total": 0
              }
            },
            {
              "batter": "C Rububagumya",
              "bowler": "MK Anafie",
              "non_striker": "M Akayezu",
              "runs": {
                "batter": 0,
                "extras": 0,
                "total": 0
              }
            },
            {
              "batter": "C Rububagumya",
              "bowler": "MK Anafie",
              "non_striker": "M Akayezu",
              "runs": {
                "batter": 1,
                "extras": 0,
                "total": 1
              }
            },
            {
              "batter": "M Akayezu",
              "bowler": "MK Anafie",
              "non_striker": "C Rububagumya",
              "runs": {
                "batter": 6,
                "extras": 0,
                "total": 6
              }
            }
          ]
        },
        {
          "over": 17,
          "deliveries": [
            {
              "batter": "C Rububagumya",
              "bowler": "G Bakiweyem",
              "non_striker": "M Akayezu",
              "runs": {
                "batter": 0,
                "extras": 0,
                "total": 0
              }
            },
            {
              "batter": "C Rububagumya",
              "bowler": "G Bakiweyem",
              "extras": {
                "wides": 1
              },
              "non_striker": "M Akayezu",
              "runs": {
                "batter": 0,
                "extras": 1,
                "total": 1
              }
            },
            {
              "batter": "C Rububagumya",
              "bowler": "G Bakiweyem",
              "non_striker": "M Akayezu",
              "runs": {
                "batter": 0,
                "extras": 0,
                "total": 0
              }
            },
            {
              "batter": "C Rububagumya",
              "bowler": "G Bakiweyem",
              "extras": {
                "wides": 1
              },
              "non_striker": "M Akayezu",
              "runs": {
                "batter": 0,
                "extras": 1,
                "total": 1
              }
            },
            {
              "batter": "C Rububagumya",
              "bowler": "G Bakiweyem",
              "non_striker": "M Akayezu",
              "runs": {
                "batter": 0,
                "extras": 0,
                "total": 0
              },
              "wickets": [
                {
                  "player_out": "C Rububagumya",
                  "kind": "bowled"
                }
              ]
            },
            {
              "batter": "Z Bimenyimana",
              "bowler": "G Bakiweyem",
              "non_striker": "M Akayezu",
              "runs": {
                "batter": 1,
                "extras": 0,
                "total": 1
              }
            },
            {
              "batter": "M Akayezu",
              "bowler": "G Bakiweyem",
              "non_striker": "Z Bimenyimana",
              "runs": {
                "batter": 4,
                "extras": 0,
                "total": 4
              }
            },
            {
              "batter": "M Akayezu",
              "bowler": "G Bakiweyem",
              "non_striker": "Z Bimenyimana",
              "runs": {
                "batter": 0,
                "extras": 0,
                "total": 0
              }
            }
          ]
        },
        {
          "over": 18,
          "deliveries": [
            {
              "batter": "Z Bimenyimana",
              "bowler": "Amoluk Singh",
              "non_striker": "M Akayezu",
              "runs": {
                "batter": 0,
                "extras": 0,
                "total": 0
              },
              "wickets": [
                {
                  "player_out": "Z Bimenyimana",
                  "fielders": [
                    {
                      "name": "MK Anafie"
                    }
                  ],
                  "kind": "caught"
                }
              ]
            },
            {
              "batter": "M Akayezu",
              "bowler": "Amoluk Singh",
              "non_striker": "K Irakoze",
              "runs": {
                "batter": 6,
                "extras": 0,
                "total": 6
              }
            },
            {
              "batter": "M Akayezu",
              "bowler": "Amoluk Singh",
              "non_striker": "K Irakoze",
              "runs": {
                "batter": 0,
                "extras": 0,
                "total": 0
              }
            },
            {
              "batter": "M Akayezu",
              "bowler": "Amoluk Singh",
              "non_striker": "K Irakoze",
              "runs": {
                "batter": 0,
                "extras": 0,
                "total": 0
              }
            },
            {
              "batter": "M Akayezu",
              "bowler": "Amoluk Singh",
              "non_striker": "K Irakoze",
              "runs": {
                "batter": 0,
                "extras": 0,
                "total": 0
              },
              "wickets": [
                {
                  "player_out": "M Akayezu",
                  "kind": "run out"
                }
              ]
            },
            {
              "batter": "K Irakoze",
              "bowler": "Amoluk Singh",
              "non_striker": "W Niyitanga",
              "runs": {
                "batter": 0,
                "extras": 0,
                "total": 0
              }
            }
          ]
        },
        {
          "over": 19,
          "deliveries": [
            {
              "batter": "W Niyitanga",
              "bowler": "G Bakiweyem",
              "non_striker": "K Irakoze",
              "runs": {
                "batter": 4,
                "extras": 0,
                "total": 4
              }
            },
            {
              "batter": "W Niyitanga",
              "bowler": "G Bakiweyem",
              "non_striker": "K Irakoze",
              "runs": {
                "batter": 0,
                "extras": 0,
                "total": 0
              },
              "wickets": [
                {
                  "player_out": "W Niyitanga",
                  "fielders": [
                    {
                      "name": "OH Agbomadzie"
                    }
                  ],
                  "kind": "caught"
                }
              ]
            },
            {
              "batter": "K Irakoze",
              "bowler": "G Bakiweyem",
              "non_striker": "V Mitari",
              "runs": {
                "batter": 2,
                "extras": 0,
                "total": 2
              }
            },
            {
              "batter": "K Irakoze",
              "bowler": "G Bakiweyem",
              "non_striker": "V Mitari",
              "runs": {
                "batter": 1,
                "extras": 0,
                "total": 1
              }
            }
          ]
        }
      ],
      "powerplays": [
        {
          "from": 0.1,
          "to": 5.6,
          "type": "mandatory"
        }
      ],
      "target": {
        "overs": 20,
        "runs": 165
      }
    }
  ]
}