{
  "meta": {
    "data_version": "1.0.0",
    "created": "2021-08-21",
    "revision": 1
  },
  "info": {
    "balls_per_over": 6,
    "city": "Kerava",
    "dates": [
      "2021-08-21"
    ],
    "event": {
      "name": "Sweden tour of Finland",
      "match_number": 1
    },
    "gender": "male",
    "match_type": "T20",
    "match_type_number": 1232,
    "missing": [
      "player_of_match",
      "umpires"
    ],
    "outcome": {
      "winner": "Finland",
      "by": {
        "wickets": 4
      }
    },
    "overs": 20,
    "players": {
      "Sweden": [
        "Khalid Zahid",
        "Rahel Khan",
        "A Venkatesh",
        "W Boshoff",
        "R Gowthaman",
        "Dipanjan Dey",
        "Hassan Mehmood",
        "Qudratullah Mir Afzail",
        "O Gholami",
        "L Karlsson",
        "Lemar Momand"
      ],
      "Finland": [
        "NG Collins",
        "PF Gallagher",
        "A Pusthay",
        "AK Mohan",
        "VS Padhaal",
        "Amjad Sher",
        "JOP Scamans",
        "MB Tambe",
        "Naveed Shahid",
        "H Dandapani",
        "Raaz Mohammad"
      ]
    },
    "registry": {
      "people": {
        "A Pusthay": "0393fbdc",
        "A Venkatesh": "06b45b20",
        "AK Mohan": "d55474ac",
        "Amjad Sher": "3b4a8cfb",
        "Dipanjan Dey": "fa180043",
        "H Dandapani": "9960a421",
        "Hassan Mehmood": "0331c99a",
        "JOP Scamans": "4e56e796",
        "Khalid Zahid": "5c93efb1",
        "L Karlsson": "90a41671",
        "Lemar Momand": "249fe400",
        "MB Tambe": "1c1bb0d5",
        "NG Collins": "be3bdc15",
        "Naveed Shahid": "9e51462f",
        "O Gholami": "c0fca5eb",
        "PF Gallagher": "8e9d3dc4",
        "Qudratullah Mir Afzail": "bd021695",
        "R Gowthaman": "bfd93f9b",
        "Raaz Mohammad": "f83b77f9",
        "Rahel Khan": "c443b748",
        "VS Padhaal": "c4fb0b39",
        "W Boshoff": "cad11a02"
      }
    },
    "season": "2021",
    "team_type": "international",
    "teams": [
      "Sweden",
      "Finland"
    ],
    "toss": {
      "decision": "bat",
      "winner": "Sweden"
    },
    "venue": "Kerava National Cricket Ground"
  },
  "innings": [
    {
      "team": "Sweden",
      "overs": [
        {
          "over": 0,
          "deliveries": [
            {
              "batter": "Khalid Zahid",
              "bowler": "Amjad Sher",
              "non_striker": "Rahel Khan",
              "runs": {
                "batter": 1,
                "extras": 0,
                "total": 1
              }
            },
            {
              "batter": "Rahel Khan",
              "bowler": "Amjad Sher",
              "extras": {
                "legbyes": 1
              },
              "non_striker": "Khalid Zahid",
              "runs": {
                "batter": 0,
                "extras": 1,
                "total": 1
              }
            },
            {
              "batter": "Khalid Zahid",
              "bowler": "Amjad Sher",
              "extras": {
                "wides": 1
              },
              "non_striker": "Rahel Khan",
              "runs": {
                "batter": 0,
                "extras": 1,
                "total": 1
              }
            },
            {
              "batter": "Khalid Zahid",
              "bowler": "Amjad Sher",
              "non_striker": "Rahel Khan",
              "runs": {
                "batter": 0,
                "extras": 0,
                "total": 0
              },
              "wickets": [
                {
                  "player_out": "Khalid Zahid",
                  "fielders": [
                    {
                      "name": "JOP Scamans"
                    }
                  ],
                  "kind": "caught"
                }
              ]
            },
            {
              "batter": "A Venkatesh",
              "bowler": "Amjad Sher",
              "non_striker": "Rahel Khan",
              "runs": {
                "batter": 0,
                "extras": 0,
                "total": 0
              }
            },
            {
              "batter": "A Venkatesh",
              "bowler": "Amjad Sher",
              "non_striker": "Rahel Khan",
              "runs": {
                "batter": 2,
                "extras": 0,
                "total": 2
              }
            },
            {
              "batter": "A Venkatesh",
              "bowler": "Amjad Sher",
              "non_striker": "Rahel Khan",
              "runs": {
                "batter": 1,
                "extras": 0,
                "total": 1
              }
            }
          ]
        },
        {
          "over": 1,
          "deliveries": [
            {
              "batter": "A Venkatesh",
              "bowler": "Naveed Shahid",
              "extras": {
                "wides": 1
              },
              "non_striker": "Rahel Khan",
              "runs": {
                "batter": 0,
                "extras": 1,
                "total": 1
              }
            },
            {
              "batter": "A Venkatesh",
              "bowler": "Naveed Shahid",
              "non_striker": "Rahel Khan",
              "runs": {
                "batter": 0,
                "extras": 0,
                "total": 0
              }
            },
            {
              "batter": "A Venkatesh",
              "bowler": "Naveed Shahid",
              "non_striker": "Rahel Khan",
              "runs": {
                "batter": 4,
                "extras": 0,
                "total": 4
              }
            },
            {
              "batter": "A Venkatesh",
              "bowler": "Naveed Shahid",
              "non_striker": "Rahel Khan",
              "runs": {
                "batter": 1,
                "extras": 0,
                "total": 1
              }
            },
            {
              "batter": "Rahel Khan",
              "bowler": "Naveed Shahid",
              "non_striker": "A Venkatesh",
              "runs": {
                "batter": 0,
                "extras": 0,
                "total": 0
              }
            },
            {
              "batter": "Rahel Khan",
              "bowler": "Naveed Shahid",
              "non_striker": "A Venkatesh",
              "runs": {
                "batter": 0,
                "extras": 0,
                "total": 0
              }
            },
            {
              "batter": "Rahel Khan",
              "bowler": "Naveed Shahid",
              "non_striker": "A Venkatesh",
              "runs": {
                "batter": 3,
                "extras": 0,
                "total": 3
              }
            }
          ]
        },
        {
          "over": 2,
          "deliveries": [
            {
              "batter": "Rahel Khan",
              "bowler": "Amjad Sher",
              "non_striker": "A Venkatesh",
              "runs": {
                "batter": 0,
                "extras": 0,
                "total": 0
              }
            },
            {
              "batter": "Rahel Khan",
              "bowler": "Amjad Sher",
              "non_striker": "A Venkatesh",
              "runs": {
                "batter": 4,
                "extras": 0,
                "total": 4
              }
            },
            {
              "batter": "Rahel Khan",
              "bowler": "Amjad Sher",
              "non_striker": "A Venkatesh",
              "runs": {
                "batter": 0,
                "extras": 0,
                "total": 0
              }
            },
            {
              "batter": "Rahel Khan",
              "bowler": "Amjad Sher",
              "non_striker": "A Venkatesh",
              "runs": {
                "batter": 0,
                "extras": 0,
                "total": 0
              }
            },
            {
              "batter": "Rahel Khan",
              "bowler": "Amjad Sher",
              "non_striker": "A Venkatesh",
              "runs": {
                "batter": 0,
                "extras": 0,
                "total": 0
              }
            },
            {
              "batter": "Rahel Khan",
              "bowler": "Amjad Sher",
              "non_striker": "A Venkatesh",
              "runs": {
                "batter": 0,
                "extras": 0,
                "total": 0
              }
            }
          ]
        },
        {
          "over": 3,
          "deliveries": [
            {
              "batter": "A Venkatesh",
              "bowler": "Naveed Shahid",
              "non_striker": "Rahel Khan",
              "runs": {
                "batter": 1,
                "extras": 0,
                "total": 1
              }
            },
            {
              "batter": "Rahel Khan",
              "bowler": "Naveed Shahid",
              "non_striker": "A Venkatesh",
              "runs": {
                "batter": 4,
                "extras": 0,
                "total": 4
              }
            },
            {
              "batter": "Rahel Khan",
              "bowler": "Naveed Shahid",
              "non_striker": "A Venkatesh",
              "runs": {
                "batter": 0,
                "extras": 0,
                "total": 0
              },
              "wickets": [
                {
                  "player_out": "Rahel Khan",
                  "fielders": [
                    {
                      "name": "NG Collins"
                    }
                  ],
                  "kind": "caught"
                }
              ]
            },
            {
              "batter": "A Venkatesh",
              "bowler": "Naveed Shahid",
              "non_striker": "W Boshoff",
              "runs": {
                "batter": 1,
                "extras": 0,
                "total": 1
              }
            },
            {
              "batter": "W Boshoff",
              "bowler": "Naveed Shahid",
              "non_striker": "A Venkatesh",
              "runs": {
                "batter": 1,
                "extras": 0,
                "total": 1
              }
            },
            {
              "batter": "A Venkatesh",
              "bowler": "Naveed Shahid",
              "non_striker": "W Boshoff",
              "runs": {
                "batter": 0,
                "extras": 0,
                "total": 0
              }
            }
          ]
        },
        {
          "over": 4,
          "deliveries": [
            {
              "batter": "W Boshoff",
              "bowler": "Amjad Sher",
              "non_striker": "A Venkatesh",
              "runs": {
                "batter": 0,
                "extras": 0,
                "total": 0
              }
            },
            {
              "batter": "W Boshoff",
              "bowler": "Amjad Sher",
              "non_striker": "A Venkatesh",
              "runs": {
                "batter": 0,
                "extras": 0,
                "total": 0
              }
            },
            {
              "batter": "W Boshoff",
              "bowler": "Amjad Sher",
              "non_striker": "A Venkatesh",
              "runs": {
                "batter": 0,
                "extras": 0,
                "total": 0
              }
            },
            {
              "batter": "W Boshoff",
              "bowler": "Amjad Sher",
              "non_striker": "A Venkatesh",
              "runs": {
                "batter": 0,
                "extras": 0,
                "total": 0
              }
            },
            {
              "batter": "W Boshoff",
              "bowler": "Amjad Sher",
              "non_striker": "A Venkatesh",
              "runs": {
                "batter": 0,
                "extras": 0,
                "total": 0
              }
            },
            {
              "batter": "W Boshoff",
              "bowler": "Amjad Sher",
              "non_striker": "A Venkatesh",
              "runs": {
                "batter": 0,
                "extras": 0,
                "total": 0
              }
            }
          ]
        },
        {
          "over": 5,
          "deliveries": [
            {
              "batter": "A Venkatesh",
              "bowler": "Naveed Shahid",
              "non_striker": "W Boshoff",
              "runs": {
                "batter": 4,
                "extras": 0,
                "total": 4
              }
            },
            {
              "batter": "A Venkatesh",
              "bowler": "Naveed Shahid",
              "non_striker": "W Boshoff",
              "runs": {
                "batter": 4,
                "extras": 0,
                "total": 4
              }
            },
            {
              "batter": "A Venkatesh",
              "bowler": "Naveed Shahid",
              "non_striker": "W Boshoff",
              "runs": {
                "batter": 0,
                "extras": 0,
                "total": 0
              }
            },
            {
              "batter": "A Venkatesh",
              "bowler": "Naveed Shahid",
              "non_striker": "W Boshoff",
              "runs": {
                "batter": 2,
                "extras": 0,
                "total": 2
              }
            },
            {
              "batter": "A Venkatesh",
              "bowler": "Naveed Shahid",
              "non_striker": "W Boshoff",
              "runs": {
                "batter": 0,
                "extras": 0,
                "total": 0
              }
            },
            {
              "batter": "A Venkatesh",
              "bowler": "Naveed Shahid",
              "non_striker": "W Boshoff",
              "runs": {
                "batter": 1,
                "extras": 0,
                "total": 1
              }
            }
          ]
        },
        {
          "over": 6,
          "deliveries": [
            {
              "batter": "A Venkatesh",
              "bowler": "Amjad Sher",
              "non_striker": "W Boshoff",
              "runs": {
                "batter": 1,
                "extras": 0,
                "total": 1
              }
            },
            {
              "batter": "W Boshoff",
              "bowler": "Amjad Sher",
              "non_striker": "A Venkatesh",
              "runs": {
                "batter": 1,
                "extras": 0,
                "total": 1
              }
            },
            {
              "batter": "A Venkatesh",
              "bowler": "Amjad Sher",
              "non_striker": "W Boshoff",
              "runs": {
                "batter": 1,
                "extras": 0,
                "total": 1
              }
            },
            {
              "batter": "W Boshoff",
              "bowler": "Amjad Sher",
              "non_striker": "A Venkatesh",
              "runs": {
                "batter": 0,
                "extras": 0,
                "total": 0
              }
            },
            {
              "batter": "W Boshoff",
              "bowler": "Amjad Sher",
              "non_striker": "A Venkatesh",
              "runs": {
                "batter": 0,
                "extras": 0,
                "total": 0
              }
            },
            {
              "batter": "W Boshoff",
              "bowler": "Amjad Sher",
              "non_striker": "A Venkatesh",
              "runs": {
                "batter": 0,
                "extras": 0,
                "total": 0
              },
              "wickets": [
                {
                  "player_out": "W Boshoff",
                  "fielders": [
                    {
                      "name": "JOP Scamans"
                    }
                  ],
                  "kind": "caught"
                }
              ]
            }
          ]
        },
        {
          "over": 7,
          "deliveries": [
            {
              "batter": "A Venkatesh",
              "bowler": "PF Gallagher",
              "non_striker": "R Gowthaman",
              "runs": {
                "batter": 0,
                "extras": 0,
                "total": 0
              }
            },
            {
              "batter": "A Venkatesh",
              "bowler": "PF Gallagher",
              "non_striker": "R Gowthaman",
              "runs": {
                "batter": 1,
                "extras": 0,
                "total": 1
              }
            },
            {
              "batter": "R Gowthaman",
              "bowler": "PF Gallagher",
              "non_striker": "A Venkatesh",
              "runs": {
                "batter": 1,
                "extras": 0,
                "total": 1
              }
            },
            {
              "batter": "A Venkatesh",
              "bowler": "PF Gallagher",
              "non_striker": "R Gowthaman",
              "runs": {
                "batter": 1,
                "extras": 0,
                "total": 1
              }
            },
            {
              "batter": "R Gowthaman",
              "bowler": "PF Gallagher",
              "non_striker": "A Venkatesh",
              "runs": {
                "batter": 1,
                "extras": 0,
                "total": 1
              }
            },
            {
              "batter": "A Venkatesh",
              "bowler": "PF Gallagher",
              "non_striker": "R Gowthaman",
              "runs": {
                "batter": 1,
                "extras": 0,
                "total": 1
              }
            }
          ]
        },
        {
          "over": 8,
          "deliveries": [
            {
              "batter": "A Venkatesh",
              "bowler": "Raaz Mohammad",
              "non_striker": "R Gowthaman",
              "runs": {
                "batter": 1,
                "extras": 0,
                "total": 1
              }
            },
            {
              "batter": "R Gowthaman",
              "bowler": "Raaz Mohammad",
              "non_striker": "A Venkatesh",
              "runs": {
                "batter": 4,
                "extras": 0,
                "total": 4
              }
            },
            {
              "batter": "R Gowthaman",
              "bowler": "Raaz Mohammad",
              "non_striker": "A Venkatesh",
              "runs": {
                "batter": 1,
                "extras": 0,
                "total": 1
              }
            },
            {
              "batter": "A Venkatesh",
              "bowler": "Raaz Mohammad",
              "extras": {
                "wides": 3
              },
              "non_striker": "R Gowthaman",
              "runs": {
                "batter": 0,
                "extras": 3,
                "total": 3
              }
            },
            {
              "batter": "A Venkatesh",
              "bowler": "Raaz Mohammad",
              "non_striker": "R Gowthaman",
              "runs": {
                "batter": 1,
                "extras": 0,
                "total": 1
              }
            },
            {
              "batter": "R Gowthaman",
              "bowler": "Raaz Mohammad",
              "non_striker": "A Venkatesh",
              "runs": {
                "batter": 0,
                "extras": 0,
                "total": 0
              }
            },
            {
              "batter": "R Gowthaman",
              "bowler": "Raaz Mohammad",
              "non_striker": "A Venkatesh",
              "runs": {
                "batter": 0,
                "extras": 0,
                "total": 0
              }
            }
          ]
        },
        {
          "over": 9,
          "deliveries": [
            {
              "batter": "A Venkatesh",
              "bowler": "PF Gallagher",
              "non_striker": "R Gowthaman",
              "runs": {
                "batter": 1,
                "extras": 0,
                "total": 1
              }
            },
            {
              "batter": "R Gowthaman",
              "bowler": "PF Gallagher",
              "non_striker": "A Venkatesh",
              "runs": {
                "batter": 0,
                "extras": 0,
                "total": 0
              }
            },
            {
              "batter": "R Gowthaman",
              "bowler": "PF Gallagher",
              "non_striker": "A Venkatesh",
              "runs": {
                "batter": 1,
                "extras": 0,
                "total": 1
              }
            },
            {
              "batter": "A Venkatesh",
              "bowler": "PF Gallagher",
              "non_striker": "R Gowthaman",
              "runs": {
                "batter": 1,
                "extras": 0,
                "total": 1
              }
            },
            {
              "batter": "R Gowthaman",
              "bowler": "PF Gallagher",
              "non_striker": "A Venkatesh",
              "runs": {
                "batter": 1,
                "extras": 0,
                "total": 1
              }
            },
            {
              "batter": "A Venkatesh",
              "bowler": "PF Gallagher",
              "non_striker": "R Gowthaman",
              "runs": {
                "batter": 1,
                "extras": 0,
                "total": 1
              }
            }
          ]
        },
        {
          "over": 10,
          "deliveries": [
            {
              "batter": "A Venkatesh",
              "bowler": "H Dandapani",
              "non_striker": "R Gowthaman",
              "runs": {
                "batter": 1,
                "extras": 0,
                "total": 1
              }
            },
            {
              "batter": "R Gowthaman",
              "bowler": "H Dandapani",
              "non_striker": "A Venkatesh",
              "runs": {
                "batter": 1,
                "extras": 0,
                "total": 1
              }
            },
            {
              "batter": "A Venkatesh",
              "bowler": "H Dandapani",
              "non_striker": "R Gowthaman",
              "runs": {
                "batter": 1,
                "extras": 0,
                "total": 1
              }
            },
            {
              "batter": "R Gowthaman",
              "bowler": "H Dandapani",
              "non_striker": "A Venkatesh",
              "runs": {
                "batter": 1,
                "extras": 0,
                "total": 1
              }
            },
            {
              "batter": "A Venkatesh",
              "bowler": "H Dandapani",
              "non_striker": "R Gowthaman",
              "runs": {
                "batter": 1,
                "extras": 0,
                "total": 1
              }
            },
            {
              "batter": "R Gowthaman",
              "bowler": "H Dandapani",
              "non_striker": "A Venkatesh",
              "runs": {
                "batter": 2,
                "extras": 0,
                "total": 2
              }
            }
          ]
        },
        {
          "over": 11,
          "deliveries": [
            {
              "batter": "A Venkatesh",
              "bowler": "PF Gallagher",
              "non_striker": "R Gowthaman",
              "runs": {
                "batter": 2,
                "extras": 0,
                "total": 2
              }
            },
            {
              "batter": "A Venkatesh",
              "bowler": "PF Gallagher",
              "non_striker": "R Gowthaman",
              "runs": {
                "batter": 1,
                "extras": 0,
                "total": 1
              }
            },
            {
              "batter": "R Gowthaman",
              "bowler": "PF Gallagher",
              "non_striker": "A Venkatesh",
              "runs": {
                "batter": 1,
                "extras": 0,
                "total": 1
              }
            },
            {
              "batter": "A Venkatesh",
              "bowler": "PF Gallagher",
              "non_striker": "R Gowthaman",
              "runs": {
                "batter": 1,
                "extras": 0,
                "total": 1
              }
            },
            {
              "batter": "R Gowthaman",
              "bowler": "PF Gallagher",
              "non_striker": "A Venkatesh",
              "runs": {
                "batter": 0,
                "extras": 0,
                "total": 0
              }
            },
            {
              "batter": "R Gowthaman",
              "bowler": "PF Gallagher",
              "non_striker": "A Venkatesh",
              "runs": {
                "batter": 0,
                "extras": 0,
                "total": 0
              }
            }
          ]
        },
        {
          "over": 12,
          "deliveries": [
            {
              "batter": "A Venkatesh",
              "bowler": "H Dandapani",
              "non_striker": "R Gowthaman",
              "runs": {
                "batter": 4,
                "extras": 0,
                "total": 4
              }
            },
            {
              "batter": "A Venkatesh",
              "bowler": "H Dandapani",
              "extras": {
                "wides": 1
              },
              "non_striker": "R Gowthaman",
              "runs": {
                "batter": 0,
                "extras": 1,
                "total": 1
              }
            },
            {
              "batter": "A Venkatesh",
              "bowler": "H Dandapani",
              "non_striker": "R Gowthaman",
              "runs": {
                "batter": 1,
                "extras": 0,
                "total": 1
              }
            },
            {
              "batter": "R Gowthaman",
              "bowler": "H Dandapani",
              "non_striker": "A Venkatesh",
              "runs": {
                "batter": 1,
                "extras": 0,
                "total": 1
              }
            },
            {
              "batter": "A Venkatesh",
              "bowler": "H Dandapani",
              "extras": {
                "wides": 1
              },
              "non_striker": "R Gowthaman",
              "runs": {
                "batter": 0,
                "extras": 1,
                "total": 1
              }
            },
            {
              "batter": "A Venkatesh",
              "bowler": "H Dandapani",
              "non_striker": "R Gowthaman",
              "runs": {
                "batter": 0,
                "extras": 0,
                "total": 0
              }
            },
            {
              "batter": "A Venkatesh",
              "bowler": "H Dandapani",
              "extras": {
                "wides": 1
              },
              "non_striker": "R Gowthaman",
              "runs": {
                "batter": 0,
                "extras": 1,
                "total": 1
              }
            },
            {
              "batter": "A Venkatesh",
              "bowler": "H Dandapani",
              "non_striker": "R Gowthaman",
              "runs": {
                "batter": 2,
                "extras": 0,
                "total": 2
              }
            },
            {
              "batter": "A Venkatesh",
              "bowler": "H Dandapani",
              "non_striker": "R Gowthaman",
              "runs": {
                "batter": 1,
                "extras": 0,
                "total": 1
              }
            }
          ]
        },
        {
          "over": 13,
          "deliveries": [
            {
              "batter": "A Venkatesh",
              "bowler": "PF Gallagher",
              "non_striker": "R Gowthaman",
              "runs": {
                "batter": 4,
                "extras": 0,
                "total": 4
              }
            },
            {
              "batter": "A Venkatesh",
              "bowler": "PF Gallagher",
              "non_striker": "R Gowthaman",
              "runs": {
                "batter": 1,
                "extras": 0,
                "total": 1
              }
            },
            {
              "batter": "R Gowthaman",
              "bowler": "PF Gallagher",
              "non_striker": "A Venkatesh",
              "runs": {
                "batter": 1,
                "extras": 0,
                "total": 1
              }
            },
            {
              "batter": "A Venkatesh",
              "bowler": "PF Gallagher",
              "non_striker": "R Gowthaman",
              "runs": {
                "batter": 2,
                "extras": 0,
                "total": 2
              }
            },
            {
              "batter": "A Venkatesh",
              "bowler": "PF Gallagher",
              "non_striker": "R Gowthaman",
              "runs": {
                "batter": 1,
                "extras": 0,
                "total": 1
              }
            },
            {
              "batter": "R Gowthaman",
              "bowler": "PF Gallagher",
              "non_striker": "A Venkatesh",
              "runs": {
                "batter": 0,
                "extras": 0,
                "total": 0
              },
              "wickets": [
                {
                  "player_out": "A Venkatesh",
                  "kind": "run out"
                }
              ]
            }
          ]
        },
        {
          "over": 14,
          "deliveries": [
            {
              "batter": "Dipanjan Dey",
              "bowler": "MB Tambe",
              "non_striker": "R Gowthaman",
              "runs": {
                "batter": 0,
                "extras": 0,
                "total": 0
              }
            },
            {
              "batter": "Dipanjan Dey",
              "bowler": "MB Tambe",
              "non_striker": "R Gowthaman",
              "runs": {
                "batter": 1,
                "extras": 0,
                "total": 1
              }
            },
            {
              "batter": "R Gowthaman",
              "bowler": "MB Tambe",
              "non_striker": "Dipanjan Dey",
              "runs": {
                "batter": 0,
                "extras": 0,
                "total": 0
              }
            },
            {
              "batter": "R Gowthaman",
              "bowler": "MB Tambe",
              "non_striker": "Dipanjan Dey",
              "runs": {
                "batter": 1,
                "extras": 0,
                "total": 1
              }
            },
            {
              "batter": "Dipanjan Dey",
              "bowler": "MB Tambe",
              "non_striker": "R Gowthaman",
              "runs": {
                "batter": 2,
                "extras": 0,
                "total": 2
              }
            },
            {
              "batter": "Dipanjan Dey",
              "bowler": "MB Tambe",
              "non_striker": "R Gowthaman",
              "runs": {
                "batter": 1,
                "extras": 0,
                "total": 1
              }
            }
          ]
        },
        {
          "over": 15,
          "deliveries": [
            {
              "batter": "Dipanjan Dey",
              "bowler": "H Dandapani",
              "non_striker": "R Gowthaman",
              "runs": {
                "batter": 1,
                "extras": 0,
                "total": 1
              }
            },
            {
              "batter": "R Gowthaman",
              "bowler": "H Dandapani",
              "non_striker": "Dipanjan Dey",
              "runs": {
                "batter": 1,
                "extras": 0,
                "total": 1
              }
            },
            {
              "batter": "Dipanjan Dey",
              "bowler": "H Dandapani",
              "non_striker": "R Gowthaman",
              "runs": {
                "batter": 2,
                "extras": 0,
                "total": 2
              }
            },
            {
              "batter": "Dipanjan Dey",
              "bowler": "H Dandapani",
              "non_striker": "R Gowthaman",
              "runs": {
                "batter": 2,
                "extras": 0,
                "total": 2
              }
            },
            {
              "batter": "Dipanjan Dey",
              "bowler": "H Dandapani",
              "non_striker": "R Gowthaman",
              "runs": {
                "batter": 6,
                "extras": 0,
                "total": 6
              }
            },
            {
              "batter": "Dipanjan Dey",
              "bowler": "H Dandapani",
              "non_striker": "R Gowthaman",
              "runs": {
                "batter": 0,
                "extras": 0,
                "total": 0
              },
              "wickets": [
                {
                  "player_out": "Dipanjan Dey",
                  "fielders": [
                    {
                      "name": "MB Tambe"
                    }
                  ],
                  "kind": "caught"
                }
              ]
            }
          ]
        },
        {
          "over": 16,
          "deliveries": [
            {
              "batter": "R Gowthaman",
              "bowler": "MB Tambe",
              "non_striker": "Hassan Mehmood",
              "runs": {
                "batter": 1,
                "extras": 0,
                "total": 1
              }
            },
            {
              "batter": "Hassan Mehmood",
              "bowler": "MB Tambe",
              "non_striker": "R Gowthaman",
              "runs": {
                "batter": 0,
                "extras": 0,
                "total": 0
              }
            },
            {
              "batter": "Hassan Mehmood",
              "bowler": "MB Tambe",
              "non_striker": "R Gowthaman",
              "runs": {
                "batter": 1,
                "extras": 0,
                "total": 1
              }
            },
            {
              "batter": "R Gowthaman",
              "bowler": "MB Tambe",
              "non_striker": "Hassan Mehmood",
              "runs": {
                "batter": 2,
                "extras": 0,
                "total": 2
              }
            },
            {
              "batter": "R Gowthaman",
              "bowler": "MB Tambe",
              "non_striker": "Hassan Mehmood",
              "runs": {
                "batter": 1,
                "extras": 0,
                "total": 1
              }
            },
            {
              "batter": "Hassan Mehmood",
              "bowler": "MB Tambe",
              "non_striker": "R Gowthaman",
              "runs": {
                "batter": 0,
                "extras": 0,
                "total": 0
              }
            }
          ]
        },
        {
          "over": 17,
          "deliveries": [
            {
              "batter": "R Gowthaman",
              "bowler": "Raaz Mohammad",
              "non_striker": "Hassan Mehmood",
              "runs": {
                "batter": 1,
                "extras": 0,
                "total": 1
              }
            },
            {
              "batter": "Hassan Mehmood",
              "bowler": "Raaz Mohammad",
              "extras": {
                "wides": 1
              },
              "non_striker": "R Gowthaman",
              "runs": {
                "batter": 0,
                "extras": 1,
                "total": 1
              }
            },
            {
              "batter": "Hassan Mehmood",
              "bowler": "Raaz Mohammad",
              "non_striker": "R Gowthaman",
              "runs": {
                "batter": 1,
                "extras": 0,
                "total": 1
              }
            },
            {
              "batter": "R Gowthaman",
              "bowler": "Raaz Mohammad",
              "non_striker": "Hassan Mehmood",
              "runs": {
                "batter": 2,
                "extras": 0,
                "total": 2
              }
            },
            {
              "batter": "R Gowthaman",
              "bowler": "Raaz Mohammad",
              "non_striker": "Hassan Mehmood",
              "runs": {
                "batter": 2,
                "extras": 0,
                "total": 2
              }
            },
            {
              "batter": "R Gowthaman",
              "bowler": "Raaz Mohammad",
              "non_striker": "Hassan Mehmood",
              "runs": {
                "batter": 0,
                "extras": 0,
                "total": 0
              }
            },
            {
              "batter": "R Gowthaman",
              "bowler": "Raaz Mohammad",
              "non_striker": "Hassan Mehmood",
              "runs": {
                "batter": 2,
                "extras": 0,
                "total": 2
              }
            }
          ]
        },
        {
          "over": 18,
          "deliveries": [
            {
              "batter": "Hassan Mehmood",
              "bowler": "MB Tambe",
              "non_striker": "R Gowthaman",
              "runs": {
                "batter": 0,
                "extras": 0,
                "total": 0
              }
            },
            {
              "batter": "Hassan Mehmood",
              "bowler": "MB Tambe",
              "extras": {
                "wides": 1
              },
              "non_striker": "R Gowthaman",
              "runs": {
                "batter": 0,
                "extras": 1,
                "total": 1
              },
              "wickets": [
                {
                  "player_out": "R Gowthaman",
                  "kind": "run out"
                }
              ]
            },
            {
              "batter": "Qudratullah Mir Afzail",
              "bowler": "MB Tambe",
              "non_striker": "Hassan Mehmood",
              "runs": {
                "batter": 1,
                "extras": 0,
                "total": 1
              }
            },
            {
              "batter": "Hassan Mehmood",
              "bowler": "MB Tambe",
              "non_striker": "Qudratullah Mir Afzail",
              "runs": {
                "batter": 2,
                "extras": 0,
                "total": 2
              }
            },
            {
              "batter": "Hassan Mehmood",
              "bowler": "MB Tambe",
              "non_striker": "Qudratullah Mir Afzail",
              "runs": {
                "batter": 1,
                "extras": 0,
                "total": 1
              }
            },
            {
              "batter": "Qudratullah Mir Afzail",
              "bowler": "MB Tambe",
              "non_striker": "Hassan Mehmood",
              "runs": {
                "batter": 4,
                "extras": 0,
                "total": 4
              }
            },
            {
              "batter": "Qudratullah Mir Afzail",
              "bowler": "MB Tambe",
              "extras": {
                "byes": 2
              },
              "non_striker": "Hassan Mehmood",
              "runs": {
                "batter": 0,
                "extras": 2,
                "total": 2
              }
            }
          ]
        }
      ],
      "powerplays": [
        {
          "from": 0.1,
          "to": 5.6,
          "type": "mandatory"
        }
      ]
    },
    {
      "team": "Finland",
      "overs": [
        {
          "over": 0,
          "deliveries": [
            {
              "batter": "NG Collins",
              "bowler": "Lemar Momand",
              "non_striker": "PF Gallagher",
              "runs": {
                "batter": 1,
                "extras": 0,
                "total": 1
              }
            },
            {
              "batter": "PF Gallagher",
              "bowler": "Lemar Momand",
              "extras": {
                "wides": 1
              },
              "non_striker": "NG Collins",
              "runs": {
                "batter": 0,
                "extras": 1,
                "total": 1
              }
            },
            {
              "batter": "PF Gallagher",
              "bowler": "Lemar Momand",
              "non_striker": "NG Collins",
              "runs": {
                "batter": 0,
                "extras": 0,
                "total": 0
              }
            },
            {
              "batter": "PF Gallagher",
              "bowler": "Lemar Momand",
              "non_striker": "NG Collins",
              "runs": {
                "batter": 1,
                "extras": 0,
                "total": 1
              }
            },
            {
              "batter": "NG Collins",
              "bowler": "Lemar Momand",
              "extras": {
                "wides": 1
              },
              "non_striker": "PF Gallagher",
              "runs": {
                "batter": 0,
                "extras": 1,
                "total": 1
              }
            },
            {
              "batter": "NG Collins",
              "bowler": "Lemar Momand",
              "extras": {
                "legbyes": 2
              },
              "non_striker": "PF Gallagher",
              "runs": {
                "batter": 0,
                "extras": 2,
                "total": 2
              }
            },
            {
              "batter": "NG Collins",
              "bowler": "Lemar Momand",
              "non_striker": "PF Gallagher",
              "runs": {
                "batter": 0,
                "extras": 0,
                "total": 0
              }
            },
            {
              "batter": "NG Collins",
              "bowler": "Lemar Momand",
              "non_striker": "PF Gallagher",
              "runs": {
                "batter": 4,
                "extras": 0,
                "total": 4
              }
            }
          ]
        },
        {
          "over": 1,
          "deliveries": [
            {
              "batter": "PF Gallagher",
              "bowler": "Khalid Zahid",
              "extras": {
                "wides": 2
              },
              "non_striker": "NG Collins",
              "runs": {
                "batter": 0,
                "extras": 2,
                "total": 2
              }
            },
            {
              "batter": "NG Collins",
              "bowler": "Khalid Zahid",
              "non_striker": "PF Gallagher",
              "runs": {
                "batter": 2,
                "extras": 0,
                "total": 2
              }
            },
            {
              "batter": "NG Collins",
              "bowler": "Khalid Zahid",
              "non_striker": "PF Gallagher",
              "runs": {
                "batter": 0,
                "extras": 0,
                "total": 0
              }
            },
            {
              "batter": "NG Collins",
              "bowler": "Khalid Zahid",
              "non_striker": "PF Gallagher",
              "runs": {
                "batter": 0,
                "extras": 0,
                "total": 0
              }
            },
            {
              "batter": "NG Collins",
              "bowler": "Khalid Zahid",
              "non_striker": "PF Gallagher",
              "runs": {
                "batter": 0,
                "extras": 0,
                "total": 0
              }
            },
            {
              "batter": "NG Collins",
              "bowler": "Khalid Zahid",
              "non_striker": "PF Gallagher",
              "runs": {
                "batter": 2,
                "extras": 0,
                "total": 2
              }
            },
            {
              "batter": "NG Collins",
              "bowler": "Khalid Zahid",
              "non_striker": "PF Gallagher",
              "runs": {
                "batter": 0,
                "extras": 0,
                "total": 0
              }
            }
          ]
        },
        {
          "over": 2,
          "deliveries": [
            {
              "batter": "PF Gallagher",
              "bowler": "Qudratullah Mir Afzail",
              "non_striker": "NG Collins",
              "runs": {
                "batter": 0,
                "extras": 0,
                "total": 0
              }
            },
            {
              "batter": "PF Gallagher",
              "bowler": "Qudratullah Mir Afzail",
              "non_striker": "NG Collins",
              "runs": {
                "batter": 0,
                "extras": 0,
                "total": 0
              }
            },
            {
              "batter": "PF Gallagher",
              "bowler": "Qudratullah Mir Afzail",
              "non_striker": "NG Collins",
              "runs": {
                "batter": 0,
                "extras": 0,
                "total": 0
              }
            },
            {
              "batter": "PF Gallagher",
              "bowler": "Qudratullah Mir Afzail",
              "non_striker": "NG Collins",
              "runs": {
                "batter": 0,
                "extras": 0,
                "total": 0
              }
            },
            {
              "batter": "PF Gallagher",
              "bowler": "Qudratullah Mir Afzail",
              "non_striker": "NG Collins",
              "runs": {
                "batter": 4,
                "extras": 0,
                "total": 4
              }
            },
            {
              "batter": "PF Gallagher",
              "bowler": "Qudratullah Mir Afzail",
              "non_striker": "NG Collins",
              "runs": {
                "batter": 4,
                "extras": 0,
                "total": 4
              }
            }
          ]
        },
        {
          "over": 3,
          "deliveries": [
            {
              "batter": "NG Collins",
              "bowler": "Khalid Zahid",
              "non_striker": "PF Gallagher",
              "runs": {
                "batter": 0,
                "extras": 0,
                "total": 0
              }
            },
            {
              "batter": "NG Collins",
              "bowler": "Khalid Zahid",
              "non_striker": "PF Gallagher",
              "runs": {
                "batter": 0,
                "extras": 0,
                "total": 0
              }
            },
            {
              "batter": "NG Collins",
              "bowler": "Khalid Zahid",
              "non_striker": "PF Gallagher",
              "runs": {
                "batter": 1,
                "extras": 0,
                "total": 1
              }
            },
            {
              "batter": "PF Gallagher",
              "bowler": "Khalid Zahid",
              "non_striker": "NG Collins",
              "runs": {
                "batter": 1,
                "extras": 0,
                "total": 1
              }
            },
            {
              "batter": "NG Collins",
              "bowler": "Khalid Zahid",
              "non_striker": "PF Gallagher",
              "runs": {
                "batter": 1,
                "extras": 0,
                "total": 1
              }
            },
            {
              "batter": "PF Gallagher",
              "bowler": "Khalid Zahid",
              "extras": {
                "wides": 1
              },
              "non_striker": "NG Collins",
              "runs": {
                "batter": 0,
                "extras": 1,
                "total": 1
              }
            },
            {
              "batter": "PF Gallagher",
              "bowler": "Khalid Zahid",
              "non_striker": "NG Collins",
              "runs": {
                "batter": 0,
                "extras": 0,
                "total": 0
              }
            }
          ]
        },
        {
          "over": 4,
          "deliveries": [
            {
              "batter": "NG Collins",
              "bowler": "L Karlsson",
              "non_striker": "PF Gallagher",
              "runs": {
                "batter": 2,
                "extras": 0,
                "total": 2
              }
            },
            {
              "batter": "NG Collins",
              "bowler": "L Karlsson",
              "non_striker": "PF Gallagher",
              "runs": {
                "batter": 1,
                "extras": 0,
                "total": 1
              }
            },
            {
              "batter": "PF Gallagher",
              "bowler": "L Karlsson",
              "non_striker": "NG Collins",
              "runs": {
                "batter": 0,
                "extras": 0,
                "total": 0
              }
            },
            {
              "batter": "PF Gallagher",
              "bowler": "L Karlsson",
              "non_striker": "NG Collins",
              "runs": {
                "batter": 0,
                "extras": 0,
                "total": 0
              }
            },
            {
              "batter": "PF Gallagher",
              "bowler": "L Karlsson",
              "non_striker": "NG Collins",
              "runs": {
                "batter": 6,
                "extras": 0,
                "total": 6
              }
            },
            {
              "batter": "PF Gallagher",
              "bowler": "L Karlsson",
              "non_striker": "NG Collins",
              "runs": {
                "batter": 0,
                "extras": 0,
                "total": 0
              }
            }
          ]
        },
        {
          "over": 5,
          "deliveries": [
            {
              "batter": "NG Collins",
              "bowler": "Hassan Mehmood",
              "non_striker": "PF Gallagher",
              "runs": {
                "batter": 4,
                "extras": 0,
                "total": 4
              }
            },
            {
              "batter": "NG Collins",
              "bowler": "Hassan Mehmood",
              "non_striker": "PF Gallagher",
              "runs": {
                "batter": 6,
                "extras": 0,
                "total": 6
              }
            },
            {
              "batter": "NG Collins",
              "bowler": "Hassan Mehmood",
              "extras": {
                "wides": 1
              },
              "non_striker": "PF Gallagher",
              "runs": {
                "batter": 0,
                "extras": 1,
                "total": 1
              }
            },
            {
              "batter": "NG Collins",
              "bowler": "Hassan Mehmood",
              "non_striker": "PF Gallagher",
              "runs": {
                "batter": 1,
                "extras": 0,
                "total": 1
              }
            },
            {
              "batter": "PF Gallagher",
              "bowler": "Hassan Mehmood",
              "non_striker": "NG Collins",
              "runs": {
                "batter": 0,
                "extras": 0,
                "total": 0
              }
            },
            {
              "batter": "PF Gallagher",
              "bowler": "Hassan Mehmood",
              "non_striker": "NG Collins",
              "runs": {
                "batter": 0,
                "extras": 0,
                "total": 0
              },
              "wickets": [
                {
                  "player_out": "PF Gallagher",
                  "fielders": [
                    {
                      "name": "Lemar Momand"
                    }
                  ],
                  "kind": "caught"
                }
              ]
            },
            {
              "batter": "NG Collins",
              "bowler": "Hassan Mehmood",
              "non_striker": "A Pusthay",
              "runs": {
                "batter": 1,
                "extras": 0,
                "total": 1
              }
            }
          ]
        },
        {
          "over": 6,
          "deliveries": [
            {
              "batter": "NG Collins",
              "bowler": "Rahel Khan",
              "non_striker": "A Pusthay",
              "runs": {
                "batter": 3,
                "extras": 0,
                "total": 3
              }
            },
            {
              "batter": "A Pusthay",
              "bowler": "Rahel Khan",
              "non_striker": "NG Collins",
              "runs": {
                "batter": 0,
                "extras": 0,
                "total": 0
              }
            },
            {
              "batter": "A Pusthay",
              "bowler": "Rahel Khan",
              "non_striker": "NG Collins",
              "runs": {
                "batter": 0,
                "extras": 0,
                "total": 0
              },
              "wickets": [
                {
                  "player_out": "A Pusthay",
                  "fielders": [
                    {
                      "name": "Qudratullah Mir Afzail"
                    }
                  ],
                  "kind": "caught"
                }
              ]
            },
            {
              "batter": "AK Mohan",
              "bowler": "Rahel Khan",
              "non_striker": "NG Collins",
              "runs": {
                "batter": 4,
                "extras": 0,
                "total": 4
              }
            },
            {
              "batter": "AK Mohan",
              "bowler": "Rahel Khan",
              "non_striker": "NG Collins",
              "runs": {
                "batter": 0,
                "extras": 0,
                "total": 0
              }
            },
            {
              "batter": "AK Mohan",
              "bowler": "Rahel Khan",
              "non_striker": "NG Collins",
              "runs": {
                "batter": 0,
                "extras": 0,
                "total": 0
              }
            }
          ]
        },
        {
          "over": 7,
          "deliveries": [
            {
              "batter": "NG Collins",
              "bowler": "O Gholami",
              "extras": {
                "wides": 1
              },
              "non_striker": "AK Mohan",
              "runs": {
                "batter": 0,
                "extras": 1,
                "total": 1
              }
            },
            {
              "batter": "NG Collins",
              "bowler": "O Gholami",
              "non_striker": "AK Mohan",
              "runs": {
                "batter": 1,
                "extras": 0,
                "total": 1
              }
            },
            {
              "batter": "AK Mohan",
              "bowler": "O Gholami",
              "non_striker": "NG Collins",
              "runs": {
                "batter": 0,
                "extras": 0,
                "total": 0
              }
            },
            {
              "batter": "AK Mohan",
              "bowler": "O Gholami",
              "non_striker": "NG Collins",
              "runs": {
                "batter": 4,
                "extras": 0,
                "total": 4
              }
            },
            {
              "batter": "AK Mohan",
              "bowler": "O Gholami",
              "non_striker": "NG Collins",
              "runs": {
                "batter": 4,
                "extras": 0,
                "total": 4
              }
            },
            {
              "batter": "AK Mohan",
              "bowler": "O Gholami",
              "non_striker": "NG Collins",
              "runs": {
                "batter": 0,
                "extras": 0,
                "total": 0
              }
            },
            {
              "batter": "AK Mohan",
              "bowler": "O Gholami",
              "non_striker": "NG Collins",
              "runs": {
                "batter": 0,
                "extras": 0,
                "total": 0
              }
            }
          ]
        },
        {
          "over": 8,
          "deliveries": [
            {
              "batter": "NG Collins",
              "bowler": "Rahel Khan",
              "non_striker": "AK Mohan",
              "runs": {
                "batter": 1,
                "extras": 0,
                "total": 1
              }
            },
            {
              "batter": "AK Mohan",
              "bowler": "Rahel Khan",
              "non_striker": "NG Collins",
              "runs": {
                "batter": 0,
                "extras": 0,
                "total": 0
              }
            },
            {
              "batter": "AK Mohan",
              "bowler": "Rahel Khan",
              "non_striker": "NG Collins",
              "runs": {
                "batter": 6,
                "extras": 0,
                "total": 6
              }
            },
            {
              "batter": "AK Mohan",
              "bowler": "Rahel Khan",
              "non_striker": "NG Collins",
              "runs": {
                "batter": 1,
                "extras": 0,
                "total": 1
              }
            },
            {
              "batter": "NG Collins",
              "bowler": "Rahel Khan",
              "non_striker": "AK Mohan",
              "runs": {
                "batter": 1,
                "extras": 0,
                "total": 1
              }
            },
            {
              "batter": "AK Mohan",
              "bowler": "Rahel Khan",
              "non_striker": "NG Collins",
              "runs": {
                "batter": 0,
                "extras": 0,
                "total": 0
              }
            }
          ]
        },
        {
          "over": 9,
          "deliveries": [
            {
              "batter": "NG Collins",
              "bowler": "Hassan Mehmood",
              "non_striker": "AK Mohan",
              "runs": {
                "batter": 0,
                "extras": 0,
                "total": 0
              }
            },
            {
              "batter": "NG Collins",
              "bowler": "Hassan Mehmood",
              "non_striker": "AK Mohan",
              "runs": {
                "batter": 0,
                "extras": 0,
                "total": 0
              }
            },
            {
              "batter": "NG Collins",
              "bowler": "Hassan Mehmood",
              "non_striker": "AK Mohan",
              "runs": {
                "batter": 4,
                "extras": 0,
                "total": 4
              }
            },
            {
              "batter": "NG Collins",
              "bowler": "Hassan Mehmood",
              "non_striker": "AK Mohan",
              "runs": {
                "batter": 1,
                "extras": 0,
                "total": 1
              }
            },
            {
              "batter": "AK Mohan",
              "bowler": "Hassan Mehmood",
              "non_striker": "NG Collins",
              "runs": {
                "batter": 0,
                "extras": 0,
                "total": 0
              }
            },
            {
              "batter": "AK Mohan",
              "bowler": "Hassan Mehmood",
              "non_striker": "NG Collins",
              "runs": {
                "batter": 1,
                "extras": 0,
                "total": 1
              }
            }
          ]
        },
        {
          "over": 10,
          "deliveries": [
            {
              "batter": "AK Mohan",
              "bowler": "L Karlsson",
              "non_striker": "NG Collins",
              "runs": {
                "batter": 1,
                "extras": 0,
                "total": 1
              }
            },
            {
              "batter": "NG Collins",
              "bowler": "L Karlsson",
              "non_striker": "AK Mohan",
              "runs": {
                "batter": 1,
                "extras": 0,
                "total": 1
              }
            },
            {
              "batter": "AK Mohan",
              "bowler": "L Karlsson",
              "non_striker": "NG Collins",
              "runs": {
                "batter": 1,
                "extras": 0,
                "total": 1
              }
            },
            {
              "batter": "NG Collins",
              "bowler": "L Karlsson",
              "non_striker": "AK Mohan",
              "runs": {
                "batter": 1,
                "extras": 0,
                "total": 1
              }
            },
            {
              "batter": "AK Mohan",
              "bowler": "L Karlsson",
              "non_striker": "NG Collins",
              "runs": {
                "batter": 1,
                "extras": 0,
                "total": 1
              }
            },
            {
              "batter": "NG Collins",
              "bowler": "L Karlsson",
              "non_striker": "AK Mohan",
              "runs": {
                "batter": 0,
                "extras": 0,
                "total": 0
              }
            }
          ]
        },
        {
          "over": 11,
          "deliveries": [
            {
              "batter": "AK Mohan",
              "bowler": "A Venkatesh",
              "non_striker": "NG Collins",
              "runs": {
                "batter": 1,
                "extras": 0,
                "total": 1
              }
            },
            {
              "batter": "NG Collins",
              "bowler": "A Venkatesh",
              "non_striker": "AK Mohan",
              "runs": {
                "batter": 1,
                "extras": 0,
                "total": 1
              }
            },
            {
              "batter": "AK Mohan",
              "bowler": "A Venkatesh",
              "non_striker": "NG Collins",
              "runs": {
                "batter": 0,
                "extras": 0,
                "total": 0
              }
            },
            {
              "batter": "AK Mohan",
              "bowler": "A Venkatesh",
              "non_striker": "NG Collins",
              "runs": {
                "batter": 0,
                "extras": 0,
                "total": 0
              }
            },
            {
              "batter": "AK Mohan",
              "bowler": "A Venkatesh",
              "non_striker": "NG Collins",
              "runs": {
                "batter": 0,
                "extras": 0,
                "total": 0
              },
              "wickets": [
                {
                  "player_out": "AK Mohan",
                  "fielders": [
                    {
                      "name": "Khalid Zahid"
                    }
                  ],
                  "kind": "caught"
                }
              ]
            },
            {
              "batter": "NG Collins",
              "bowler": "A Venkatesh",
              "non_striker": "VS Padhaal",
              "runs": {
                "batter": 1,
                "extras": 0,
                "total": 1
              }
            }
          ]
        },
        {
          "over": 12,
          "deliveries": [
            {
              "batter": "NG Collins",
              "bowler": "L Karlsson",
              "non_striker": "VS Padhaal",
              "runs": {
                "batter": 2,
                "extras": 0,
                "total": 2
              }
            },
            {
              "batter": "NG Collins",
              "bowler": "L Karlsson",
              "non_striker": "VS Padhaal",
              "runs": {
                "batter": 0,
                "extras": 0,
                "total": 0
              }
            },
            {
              "batter": "NG Collins",
              "bowler": "L Karlsson",
              "non_striker": "VS Padhaal",
              "runs": {
                "batter": 1,
                "extras": 0,
                "total": 1
              }
            },
            {
              "batter": "VS Padhaal",
              "bowler": "L Karlsson",
              "non_striker": "NG Collins",
              "runs": {
                "batter": 0,
                "extras": 0,
                "total": 0
              }
            },
            {
              "batter": "VS Padhaal",
              "bowler": "L Karlsson",
              "non_striker": "NG Collins",
              "runs": {
                "batter": 0,
                "extras": 0,
                "total": 0
              },
              "wickets": [
                {
                  "player_out": "VS Padhaal",
                  "fielders": [
                    {
                      "name": "Rahel Khan"
                    }
                  ],
                  "kind": "caught"
                }
              ]
            },
            {
              "batter": "Amjad Sher",
              "bowler": "L Karlsson",
              "non_striker": "NG Collins",
              "runs": {
                "batter": 1,
                "extras": 0,
                "total": 1
              }
            }
          ]
        },
        {
          "over": 13,
          "deliveries": [
            {
              "batter": "Amjad Sher",
              "bowler": "A Venkatesh",
              "non_striker": "NG Collins",
              "runs": {
                "batter": 2,
                "extras": 0,
                "total": 2
              }
            },
            {
              "batter": "Amjad Sher",
              "bowler": "A Venkatesh",
              "non_striker": "NG Collins",
              "runs": {
                "batter": 0,
                "extras": 0,
                "total": 0
              },
              "wickets": [
                {
                  "player_out": "Amjad Sher",
                  "fielders": [
                    {
                      "name": "Lemar Momand"
                    }
                  ],
                  "kind": "caught"
                }
              ]
            },
            {
              "batter": "NG Collins",
              "bowler": "A Venkatesh",
              "non_striker": "JOP Scamans",
              "runs": {
                "batter": 1,
                "extras": 0,
                "total": 1
              }
            },
            {
              "batter": "JOP Scamans",
              "bowler": "A Venkatesh",
              "non_striker": "NG Collins",
              "runs": {
                "batter": 0,
                "extras": 0,
                "total": 0
              }
            },
            {
              "batter": "JOP Scamans",
              "bowler": "A Venkatesh",
              "non_striker": "NG Collins",
              "runs": {
                "batter": 2,
                "extras": 0,
                "total": 2
              }
            },
            {
              "batter": "JOP Scamans",
              "bowler": "A Venkatesh",
              "non_striker": "NG Collins",
              "runs": {
                "batter": 1,
                "extras": 0,
                "total": 1
              }
            }
          ]
        },
        {
          "over": 14,
          "deliveries": [
            {
              "batter": "JOP Scamans",
              "bowler": "L Karlsson",
              "non_striker": "NG Collins",
              "runs": {
                "batter": 1,
                "extras": 0,
                "total": 1
              }
            },
            {
              "batter": "NG Collins",
              "bowler": "L Karlsson",
              "non_striker": "JOP Scamans",
              "runs": {
                "batter": 3,
                "extras": 0,
                "total": 3
              }
            },
            {
              "batter": "JOP Scamans",
              "bowler": "L Karlsson",
              "extras": {
                "legbyes": 2
              },
              "non_striker": "NG Collins",
              "runs": {
                "batter": 0,
                "extras": 2,
                "total": 2
              }
            },
            {
              "batter": "JOP Scamans",
              "bowler": "L Karlsson",
              "extras": {
                "legbyes": 1
              },
              "non_striker": "NG Collins",
              "runs": {
                "batter": 0,
                "extras": 1,
                "total": 1
              }
            },
            {
              "batter": "NG Collins",
              "bowler": "L Karlsson",
              "non_striker": "JOP Scamans",
              "runs": {
                "batter": 0,
                "extras": 0,
                "total": 0
              }
            },
            {
              "batter": "NG Collins",
              "bowler": "L Karlsson",
              "non_striker": "JOP Scamans",
              "runs": {
                "batter": 4,
                "extras": 0,
                "total": 4
              }
            }
          ]
        },
        {
          "over": 15,
          "deliveries": [
            {
              "batter": "JOP Scamans",
              "bowler": "Hassan Mehmood",
              "non_striker": "NG Collins",
              "runs": {
                "batter": 2,
                "extras": 0,
                "total": 2
              }
            },
            {
              "batter": "JOP Scamans",
              "bowler": "Hassan Mehmood",
              "non_striker": "NG Collins",
              "runs": {
                "batter": 0,
                "extras": 0,
                "total": 0
              }
            },
            {
              "batter": "JOP Scamans",
              "bowler": "Hassan Mehmood",
              "non_striker": "NG Collins",
              "runs": {
                "batter": 2,
                "extras": 0,
                "total": 2
              }
            },
            {
              "batter": "JOP Scamans",
              "bowler": "Hassan Mehmood",
              "non_striker": "NG Collins",
              "runs": {
                "batter": 4,
                "extras": 0,
                "total": 4
              }
            },
            {
              "batter": "JOP Scamans",
              "bowler": "Hassan Mehmood",
              "non_striker": "NG Collins",
              "runs": {
                "batter": 1,
                "extras": 0,
                "total": 1
              }
            },
            {
              "batter": "NG Collins",
              "bowler": "Hassan Mehmood",
              "non_striker": "JOP Scamans",
              "runs": {
                "batter": 4,
                "extras": 0,
                "total": 4
              }
            }
          ]
        },
        {
          "over": 16,
          "deliveries": [
            {
              "batter": "JOP Scamans",
              "bowler": "A Venkatesh",
              "non_striker": "NG Collins",
              "runs": {
                "batter": 0,
                "extras": 0,
                "total": 0
              },
              "wickets": [
                {
                  "player_out": "JOP Scamans",
                  "kind": "bowled"
                }
              ]
            },
            {
              "batter": "MB Tambe",
              "bowler": "A Venkatesh",
              "non_striker": "NG Collins",
              "runs": {
                "batter": 0,
                "extras": 0,
                "total": 0
              }
            },
            {
              "batter": "MB Tambe",
              "bowler": "A Venkatesh",
              "non_striker": "NG Collins",
              "runs": {
                "batter": 2,
                "extras": 0,
                "total": 2
              }
            },
            {
              "batter": "MB Tambe",
              "bowler": "A Venkatesh",
              "non_striker": "NG Collins",
              "runs": {
                "batter": 0,
                "extras": 0,
                "total": 0
              }
            },
            {
              "batter": "MB Tambe",
              "bowler": "A Venkatesh",
              "non_striker": "NG Collins",
              "runs": {
                "batter": 1,
                "extras": 0,
                "total": 1
              }
            },
            {
              "batter": "NG Collins",
              "bowler": "A Venkatesh",
              "non_striker": "MB Tambe",
              "runs": {
                "batter": 1,
                "extras": 0,
                "total": 1
              }
            }
          ]
        },
        {
          "over": 17,
          "deliveries": [
            {
              "batter": "NG Collins",
              "bowler": "Khalid Zahid",
              "non_striker": "MB Tambe",
              "runs": {
                "batter": 2,
                "extras": 0,
                "total": 2
              }
            },
            {
              "batter": "NG Collins",
              "bowler": "Khalid Zahid",
              "non_striker": "MB Tambe",
              "runs": {
                "batter": 1,
                "extras": 0,
                "total": 1
              }
            },
            {
              "batter": "MB Tambe",
              "bowler": "Khalid Zahid",
              "extras": {
                "wides": 1
              },
              "non_striker": "NG Collins",
              "runs": {
                "batter": 0,
                "extras": 1,
                "total": 1
              }
            },
            {
              "batter": "MB Tambe",
              "bowler": "Khalid Zahid",
              "non_striker": "NG Collins",
              "runs": {
                "batter": 2,
                "extras": 0,
                "total": 2
              }
            },
            {
              "batter": "MB Tambe",
              "bowler": "Khalid Zahid",
              "non_striker": "NG Collins",
              "runs": {
                "batter": 1,
                "extras": 0,
                "total": 1
              }
            },
            {
              "batter": "NG Collins",
              "bowler": "Khalid Zahid",
              "non_striker": "MB Tambe",
              "runs": {
                "batter": 4,
                "extras": 0,
                "total": 4
              }
            }
          ]
        }
      ],
      "powerplays": [
        {
          "from": 0.1,
          "to": 5.7,
          "type": "mandatory"
        }
      ],
      "target": {
        "overs": 19,
        "runs": 136
      }
    }
  ]
}