{
  "meta": {
    "data_version": "1.0.0",
    "created": "2021-09-05",
    "revision": 1
  },
  "info": {
    "balls_per_over": 6,
    "city": "Ilfov County",
    "dates": [
      "2021-09-05"
    ],
    "event": {
      "name": "Continental Cup",
      "stage": "Final"
    },
    "gender": "male",
    "match_type": "T20",
    "match_type_number": 1257,
    "missing": [
      "umpires"
    ],
    "outcome": {
      "winner": "Romania",
      "by": {
        "runs": 33
      }
    },
    "overs": 20,
    "player_of_match": [
      "Asif Bevinje"
    ],
    "players": {
      "Romania": [
        "Taranjeet Singh",
        "G Manan",
        "R Satheesan",
        "Asif Bevinje",
        "S Nadigotla",
        "S Periyalwar",
        "Sami Ullah",
        "V Saini",
        "S Vashisht",
        "Aftab Kayani",
        "P Florin"
      ],
      "Luxembourg": [
        "TC Barker",
        "WJ Cope",
        "T Whiteman",
        "V Vijh",
        "A Halbhavi",
        "J Mees",
        "J Barker",
        "A Manepalli",
        "M Cope",
        "A Nanda",
        "A Dhingra"
      ]
    },
    "registry": {
      "people": {
        "A Dhingra": "753ada66",
        "A Halbhavi": "df1b4c8f",
        "A Manepalli": "36101309",
        "A Nanda": "704e0160",
        "Aftab Kayani": "4d83491d",
        "Asif Bevinje": "9865ed99",
        "G Manan": "d7265622",
        "J Barker": "c18cecbe",
        "J Mees": "ab1445ea",
        "M Cope": "c83c594d",
        "P Florin": "c9c356e2",
        "R Satheesan": "1125ebe4",
        "S Nadigotla": "b78b3ffd",
        "S Periyalwar": "d207e4fb",
        "S Vashisht": "20ac8219",
        "Sami Ullah": "ad05692c",
        "T Whiteman": "472455a3",
        "TC Barker": "c31adb5c",
        "Taranjeet Singh": "ec483176",
        "V Saini": "0fa81719",
        "V Vijh": "b857468a",
        "WJ Cope": "fb34b0ec"
      }
    },
    "season": "2021",
    "team_type": "international",
    "teams": [
      "Romania",
      "Luxembourg"
    ],
    "toss": {
      "decision": "bat",
      "winner": "Romania"
    },
    "venue": "Moara Vlasiei Cricket Ground, Ilfov County"
  },
  "innings": [
    {
      "team": "Romania",
      "overs": [
        {
          "over": 0,
          "deliveries": [
            {
              "batter": "Taranjeet Singh",
              "bowler": "WJ Cope",
              "non_striker": "G Manan",
              "runs": {
                "batter": 0,
                "extras": 0,
                "total": 0
              }
            },
            {
              "batter": "Taranjeet Singh",
              "bowler": "WJ Cope",
              "non_striker": "G Manan",
              "runs": {
                "batter": 0,
                "extras": 0,
                "total": 0
              }
            },
            {
              "batter": "Taranjeet Singh",
              "bowler": "WJ Cope",
              "non_striker": "G Manan",
              "runs": {
                "batter": 0,
                "extras": 0,
                "total": 0
              }
            },
            {
              "batter": "Taranjeet Singh",
              "bowler": "WJ Cope",
              "non_striker": "G Manan",
              "runs": {
                "batter": 1,
                "extras": 0,
                "total": 1
              }
            },
            {
              "batter": "G Manan",
              "bowler": "WJ Cope",
              "non_striker": "Taranjeet Singh",
              "runs": {
                "batter": 0,
                "extras": 0,
                "total": 0
              }
            },
            {
              "batter": "G Manan",
              "bowler": "WJ Cope",
              "non_striker": "Taranjeet Singh",
              "runs": {
                "batter": 4,
                "extras": 0,
                "total": 4
              }
            }
          ]
        },
        {
          "over": 1,
          "deliveries": [
            {
              "batter": "Taranjeet Singh",
              "bowler": "A Nanda",
              "non_striker": "G Manan",
              "runs": {
                "batter": 0,
                "extras": 0,
                "total": 0
              }
            },
            {
              "batter": "Taranjeet Singh",
              "bowler": "A Nanda",
              "non_striker": "G Manan",
              "runs": {
                "batter": 0,
                "extras": 0,
                "total": 0
              }
            },
            {
              "batter": "Taranjeet Singh",
              "bowler": "A Nanda",
              "non_striker": "G Manan",
              "runs": {
                "batter": 4,
                "extras": 0,
                "total": 4
              }
            },
            {
              "batter": "Taranjeet Singh",
              "bowler": "A Nanda",
              "non_striker": "G Manan",
              "runs": {
                "batter": 0,
                "extras": 0,
                "total": 0
              },
              "wickets": [
                {
                  "player_out": "Taranjeet Singh",
                  "fielders": [
                    {
                      "name": "M Cope"
                    }
                  ],
                  "kind": "caught"
                }
              ]
            },
            {
              "batter": "G Manan",
              "bowler": "A Nanda",
              "non_striker": "R Satheesan",
              "runs": {
                "batter": 6,
                "extras": 0,
                "total": 6
              }
            },
            {
              "batter": "G Manan",
              "bowler": "A Nanda",
              "non_striker": "R Satheesan",
              "runs": {
                "batter": 0,
                "extras": 0,
                "total": 0
              }
            }
          ]
        },
        {
          "over": 2,
          "deliveries": [
            {
              "batter": "R Satheesan",
              "bowler": "WJ Cope",
              "non_striker": "G Manan",
              "runs": {
                "batter": 0,
                "extras": 0,
                "total": 0
              },
              "wickets": [
                {
                  "player_out": "R Satheesan",
                  "fielders": [
                    {
                      "name": "A Manepalli"
                    }
                  ],
                  "kind": "caught"
                }
              ]
            },
            {
              "batter": "Asif Bevinje",
              "bowler": "WJ Cope",
              "non_striker": "G Manan",
              "runs": {
                "batter": 0,
                "extras": 0,
                "total": 0
              }
            },
            {
              "batter": "Asif Bevinje",
              "bowler": "WJ Cope",
              "non_striker": "G Manan",
              "runs": {
                "batter": 1,
                "extras": 0,
                "total": 1
              }
            },
            {
              "batter": "G Manan",
              "bowler": "WJ Cope",
              "non_striker": "Asif Bevinje",
              "runs": {
                "batter": 4,
                "extras": 0,
                "total": 4
              }
            },
            {
              "batter": "G Manan",
              "bowler": "WJ Cope",
              "non_striker": "Asif Bevinje",
              "runs": {
                "batter": 4,
                "extras": 0,
                "total": 4
              }
            },
            {
              "batter": "G Manan",
              "bowler": "WJ Cope",
              "non_striker": "Asif Bevinje",
              "runs": {
                "batter": 0,
                "extras": 0,
                "total": 0
              }
            }
          ]
        },
        {
          "over": 3,
          "deliveries": [
            {
              "batter": "Asif Bevinje",
              "bowler": "A Nanda",
              "extras": {
                "wides": 1
              },
              "non_striker": "G Manan",
              "runs": {
                "batter": 0,
                "extras": 1,
                "total": 1
              }
            },
            {
              "batter": "Asif Bevinje",
              "bowler": "A Nanda",
              "non_striker": "G Manan",
              "runs": {
                "batter": 2,
                "extras": 0,
                "total": 2
              }
            },
            {
              "batter": "Asif Bevinje",
              "bowler": "A Nanda",
              "non_striker": "G Manan",
              "runs": {
                "batter": 0,
                "extras": 0,
                "total": 0
              }
            },
            {
              "batter": "Asif Bevinje",
              "bowler": "A Nanda",
              "non_striker": "G Manan",
              "runs": {
                "batter": 0,
                "extras": 0,
                "total": 0
              }
            },
            {
              "batter": "Asif Bevinje",
              "bowler": "A Nanda",
              "non_striker": "G Manan",
              "runs": {
                "batter": 0,
                "extras": 0,
                "total": 0
              }
            },
            {
              "batter": "Asif Bevinje",
              "bowler": "A Nanda",
              "non_striker": "G Manan",
              "runs": {
                "batter": 1,
                "extras": 0,
                "total": 1
              }
            },
            {
              "batter": "G Manan",
              "bowler": "A Nanda",
              "non_striker": "Asif Bevinje",
              "runs": {
                "batter": 0,
                "extras": 0,
                "total": 0
              }
            }
          ]
        },
        {
          "over": 4,
          "deliveries": [
            {
              "batter": "Asif Bevinje",
              "bowler": "A Dhingra",
              "non_striker": "G Manan",
              "runs": {
                "batter": 0,
                "extras": 0,
                "total": 0
              }
            },
            {
              "batter": "Asif Bevinje",
              "bowler": "A Dhingra",
              "non_striker": "G Manan",
              "runs": {
                "batter": 6,
                "extras": 0,
                "total": 6
              }
            },
            {
              "batter": "Asif Bevinje",
              "bowler": "A Dhingra",
              "non_striker": "G Manan",
              "runs": {
                "batter": 1,
                "extras": 0,
                "total": 1
              }
            },
            {
              "batter": "G Manan",
              "bowler": "A Dhingra",
              "non_striker": "Asif Bevinje",
              "runs": {
                "batter": 0,
                "extras": 0,
                "total": 0
              }
            },
            {
              "batter": "G Manan",
              "bowler": "A Dhingra",
              "non_striker": "Asif Bevinje",
              "runs": {
                "batter": 6,
                "extras": 0,
                "total": 6
              }
            },
            {
              "batter": "G Manan",
              "bowler": "A Dhingra",
              "non_striker": "Asif Bevinje",
              "runs": {
                "batter": 0,
                "extras": 0,
                "total": 0
              },
              "wickets": [
                {
                  "player_out": "G Manan",
                  "kind": "caught and bowled"
                }
              ]
            }
          ]
        },
        {
          "over": 5,
          "deliveries": [
            {
              "batter": "Asif Bevinje",
              "bowler": "A Nanda",
              "non_striker": "S Nadigotla",
              "runs": {
                "batter": 1,
                "extras": 0,
                "total": 1
              }
            },
            {
              "batter": "S Nadigotla",
              "bowler": "A Nanda",
              "non_striker": "Asif Bevinje",
              "runs": {
                "batter": 1,
                "extras": 0,
                "total": 1
              }
            },
            {
              "batter": "Asif Bevinje",
              "bowler": "A Nanda",
              "non_striker": "S Nadigotla",
              "runs": {
                "batter": 0,
                "extras": 0,
                "total": 0
              }
            },
            {
              "batter": "Asif Bevinje",
              "bowler": "A Nanda",
              "non_striker": "S Nadigotla",
              "runs": {
                "batter": 6,
                "extras": 0,
                "total": 6
              }
            },
            {
              "batter": "Asif Bevinje",
              "bowler": "A Nanda",
              "non_striker": "S Nadigotla",
              "runs": {
                "batter": 0,
                "extras": 0,
                "total": 0
              }
            },
            {
              "batter": "Asif Bevinje",
              "bowler": "A Nanda",
              "non_striker": "S Nadigotla",
              "runs": {
                "batter": 0,
                "extras": 0,
                "total": 0
              }
            }
          ]
        },
        {
          "over": 6,
          "deliveries": [
            {
              "batter": "S Nadigotla",
              "bowler": "A Dhingra",
              "non_striker": "Asif Bevinje",
              "runs": {
                "batter": 1,
                "extras": 0,
                "total": 1
              }
            },
            {
              "batter": "Asif Bevinje",
              "bowler": "A Dhingra",
              "non_striker": "S Nadigotla",
              "runs": {
                "batter": 4,
                "extras": 0,
                "total": 4
              }
            },
            {
              "batter": "Asif Bevinje",
              "bowler": "A Dhingra",
              "non_striker": "S Nadigotla",
              "runs": {
                "batter": 0,
                "extras": 0,
                "total": 0
              }
            },
            {
              "batter": "Asif Bevinje",
              "bowler": "A Dhingra",
              "non_striker": "S Nadigotla",
              "runs": {
                "batter": 1,
                "extras": 0,
                "total": 1
              }
            },
            {
              "batter": "S Nadigotla",
              "bowler": "A Dhingra",
              "non_striker": "Asif Bevinje",
              "runs": {
                "batter": 0,
                "extras": 0,
                "total": 0
              }
            },
            {
              "batter": "S Nadigotla",
              "bowler": "A Dhingra",
              "non_striker": "Asif Bevinje",
              "runs": {
                "batter": 0,
                "extras": 0,
                "total": 0
              }
            }
          ]
        },
        {
          "over": 7,
          "deliveries": [
            {
              "batter": "Asif Bevinje",
              "bowler": "M Cope",
              "non_striker": "S Nadigotla",
              "runs": {
                "batter": 0,
                "extras": 0,
                "total": 0
              }
            },
            {
              "batter": "Asif Bevinje",
              "bowler": "M Cope",
              "non_striker": "S Nadigotla",
              "runs": {
                "batter": 1,
                "extras": 0,
                "total": 1
              }
            },
            {
              "batter": "S Nadigotla",
              "bowler": "M Cope",
              "non_striker": "Asif Bevinje",
              "runs": {
                "batter": 1,
                "extras": 0,
                "total": 1
              }
            },
            {
              "batter": "Asif Bevinje",
              "bowler": "M Cope",
              "non_striker": "S Nadigotla",
              "runs": {
                "batter": 1,
                "extras": 0,
                "total": 1
              }
            },
            {
              "batter": "S Nadigotla",
              "bowler": "M Cope",
              "non_striker": "Asif Bevinje",
              "runs": {
                "batter": 0,
                "extras": 0,
                "total": 0
              }
            },
            {
              "batter": "S Nadigotla",
              "bowler": "M Cope",
              "non_striker": "Asif Bevinje",
              "runs": {
                "batter": 6,
                "extras": 0,
                "total": 6
              }
            }
          ]
        },
        {
          "over": 8,
          "deliveries": [
            {
              "batter": "Asif Bevinje",
              "bowler": "A Dhingra",
              "non_striker": "S Nadigotla",
              "runs": {
                "batter": 0,
                "extras": 0,
                "total": 0
              }
            },
            {
              "batter": "Asif Bevinje",
              "bowler": "A Dhingra",
              "non_striker": "S Nadigotla",
              "runs": {
                "batter": 4,
                "extras": 0,
                "total": 4
              }
            },
            {
              "batter": "Asif Bevinje",
              "bowler": "A Dhingra",
              "non_striker": "S Nadigotla",
              "runs": {
                "batter": 1,
                "extras": 0,
                "total": 1
              }
            },
            {
              "batter": "S Nadigotla",
              "bowler": "A Dhingra",
              "non_striker": "Asif Bevinje",
              "runs": {
                "batter": 0,
                "extras": 0,
                "total": 0
              }
            },
            {
              "batter": "S Nadigotla",
              "bowler": "A Dhingra",
              "non_striker": "Asif Bevinje",
              "runs": {
                "batter": 1,
                "extras": 0,
                "total": 1
              }
            },
            {
              "batter": "Asif Bevinje",
              "bowler": "A Dhingra",
              "non_striker": "S Nadigotla",
              "runs": {
                "batter": 1,
                "extras": 0,
                "total": 1
              }
            }
          ]
        },
        {
          "over": 9,
          "deliveries": [
            {
              "batter": "Asif Bevinje",
              "bowler": "M Cope",
              "non_striker": "S Nadigotla",
              "runs": {
                "batter": 0,
                "extras": 0,
                "total": 0
              }
            },
            {
              "batter": "Asif Bevinje",
              "bowler": "M Cope",
              "non_striker": "S Nadigotla",
              "runs": {
                "batter": 4,
                "extras": 0,
                "total": 4
              }
            },
            {
              "batter": "Asif Bevinje",
              "bowler": "M Cope",
              "non_striker": "S Nadigotla",
              "runs": {
                "batter": 0,
                "extras": 0,
                "total": 0
              }
            },
            {
              "batter": "Asif Bevinje",
              "bowler": "M Cope",
              "non_striker": "S Nadigotla",
              "runs": {
                "batter": 0,
                "extras": 0,
                "total": 0
              },
              "wickets": [
                {
                  "player_out": "Asif Bevinje",
                  "kind": "caught and bowled"
                }
              ]
            },
            {
              "batter": "S Periyalwar",
              "bowler": "M Cope",
              "non_striker": "S Nadigotla",
              "runs": {
                "batter": 4,
                "extras": 0,
                "total": 4
              }
            },
            {
              "batter": "S Periyalwar",
              "bowler": "M Cope",
              "non_striker": "S Nadigotla",
              "runs": {
                "batter": 1,
                "extras": 0,
                "total": 1
              }
            }
          ]
        },
        {
          "over": 10,
          "deliveries": [
            {
              "batter": "S Periyalwar",
              "bowler": "V Vijh",
              "extras": {
                "legbyes": 1
              },
              "non_striker": "S Nadigotla",
              "runs": {
                "batter": 0,
                "extras": 1,
                "total": 1
              }
            },
            {
              "batter": "S Nadigotla",
              "bowler": "V Vijh",
              "non_striker": "S Periyalwar",
              "runs": {
                "batter": 1,
                "extras": 0,
                "total": 1
              }
            },
            {
              "batter": "S Periyalwar",
              "bowler": "V Vijh",
              "non_striker": "S Nadigotla",
              "runs": {
                "batter": 1,
                "extras": 0,
                "total": 1
              }
            },
            {
              "batter": "S Nadigotla",
              "bowler": "V Vijh",
              "non_striker": "S Periyalwar",
              "runs": {
                "batter": 1,
                "extras": 0,
                "total": 1
              }
            },
            {
              "batter": "S Periyalwar",
              "bowler": "V Vijh",
              "non_striker": "S Nadigotla",
              "runs": {
                "batter": 1,
                "extras": 0,
                "total": 1
              }
            },
            {
              "batter": "S Nadigotla",
              "bowler": "V Vijh",
              "non_striker": "S Periyalwar",
              "runs": {
                "batter": 1,
                "extras": 0,
                "total": 1
              }
            }
          ]
        },
        {
          "over": 11,
          "deliveries": [
            {
              "batter": "S Nadigotla",
              "bowler": "WJ Cope",
              "non_striker": "S Periyalwar",
              "runs": {
                "batter": 1,
                "extras": 0,
                "total": 1
              }
            },
            {
              "batter": "S Periyalwar",
              "bowler": "WJ Cope",
              "non_striker": "S Nadigotla",
              "runs": {
                "batter": 1,
                "extras": 0,
                "total": 1
              }
            },
            {
              "batter": "S Nadigotla",
              "bowler": "WJ Cope",
              "non_striker": "S Periyalwar",
              "runs": {
                "batter": 1,
                "extras": 0,
                "total": 1
              }
            },
            {
              "batter": "S Periyalwar",
              "bowler": "WJ Cope",
              "extras": {
                "wides": 1
              },
              "non_striker": "S Nadigotla",
              "runs": {
                "batter": 0,
                "extras": 1,
                "total": 1
              }
            },
            {
              "batter": "S Periyalwar",
              "bowler": "WJ Cope",
              "non_striker": "S Nadigotla",
              "runs": {
                "batter": 0,
                "extras": 0,
                "total": 0
              }
            },
            {
              "batter": "S Periyalwar",
              "bowler": "WJ Cope",
              "non_striker": "S Nadigotla",
              "runs": {
                "batter": 0,
                "extras": 0,
                "total": 0
              }
            },
            {
              "batter": "S Periyalwar",
              "bowler": "WJ Cope",
              "non_striker": "S Nadigotla",
              "runs": {
                "batter": 0,
                "extras": 0,
                "total": 0
              }
            }
          ]
        },
        {
          "over": 12,
          "deliveries": [
            {
              "batter": "S Nadigotla",
              "bowler": "M Cope",
              "non_striker": "S Periyalwar",
              "runs": {
                "batter": 2,
                "extras": 0,
                "total": 2
              }
            },
            {
              "batter": "S Nadigotla",
              "bowler": "M Cope",
              "non_striker": "S Periyalwar",
              "runs": {
                "batter": 4,
                "extras": 0,
                "total": 4
              }
            },
            {
              "batter": "S Nadigotla",
              "bowler": "M Cope",
              "non_striker": "S Periyalwar",
              "runs": {
                "batter": 0,
                "extras": 0,
                "total": 0
              }
            },
            {
              "batter": "S Nadigotla",
              "bowler": "M Cope",
              "non_striker": "S Periyalwar",
              "runs": {
                "batter": 2,
                "extras": 0,
                "total": 2
              }
            },
            {
              "batter": "S Nadigotla",
              "bowler": "M Cope",
              "non_striker": "S Periyalwar",
              "runs": {
                "batter": 1,
                "extras": 0,
                "total": 1
              }
            },
            {
              "batter": "S Periyalwar",
              "bowler": "M Cope",
              "non_striker": "S Nadigotla",
              "runs": {
                "batter": 0,
                "extras": 0,
                "total": 0
              }
            }
          ]
        },
        {
          "over": 13,
          "deliveries": [
            {
              "batter": "S Nadigotla",
              "bowler": "V Vijh",
              "extras": {
                "wides": 1
              },
              "non_striker": "S Periyalwar",
              "runs": {
                "batter": 0,
                "extras": 1,
                "total": 1
              }
            },
            {
              "batter": "S Nadigotla",
              "bowler": "V Vijh",
              "non_striker": "S Periyalwar",
              "runs": {
                "batter": 0,
                "extras": 0,
                "total": 0
              }
            },
            {
              "batter": "S Nadigotla",
              "bowler": "V Vijh",
              "non_striker": "S Periyalwar",
              "runs": {
                "batter": 4,
                "extras": 0,
                "total": 4
              }
            },
            {
              "batter": "S Nadigotla",
              "bowler": "V Vijh",
              "non_striker": "S Periyalwar",
              "runs": {
                "batter": 0,
                "extras": 0,
                "total": 0
              }
            },
            {
              "batter": "S Nadigotla",
              "bowler": "V Vijh",
              "non_striker": "S Periyalwar",
              "runs": {
                "batter": 4,
                "extras": 0,
                "total": 4
              }
            },
            {
              "batter": "S Nadigotla",
              "bowler": "V Vijh",
              "non_striker": "S Periyalwar",
              "runs": {
                "batter": 1,
                "extras": 0,
                "total": 1
              }
            },
            {
              "batter": "S Periyalwar",
              "bowler": "V Vijh",
              "non_striker": "S Nadigotla",
              "runs": {
                "batter": 0,
                "extras": 0,
                "total": 0
              }
            }
          ]
        },
        {
          "over": 14,
          "deliveries": [
            {
              "batter": "S Nadigotla",
              "bowler": "M Cope",
              "non_striker": "S Periyalwar",
              "runs": {
                "batter": 6,
                "extras": 0,
                "total": 6
              }
            },
            {
              "batter": "S Nadigotla",
              "bowler": "M Cope",
              "extras": {
                "byes": 2
              },
              "non_striker": "S Periyalwar",
              "runs": {
                "batter": 0,
                "extras": 2,
                "total": 2
              }
            },
            {
              "batter": "S Nadigotla",
              "bowler": "M Cope",
              "non_striker": "S Periyalwar",
              "runs": {
                "batter": 2,
                "extras": 0,
                "total": 2
              }
            },
            {
              "batter": "S Nadigotla",
              "bowler": "M Cope",
              "non_striker": "S Periyalwar",
              "runs": {
                "batter": 1,
                "extras": 0,
                "total": 1
              }
            },
            {
              "batter": "S Periyalwar",
              "bowler": "M Cope",
              "non_striker": "S Nadigotla",
              "runs": {
                "batter": 3,
                "extras": 0,
                "total": 3
              }
            },
            {
              "batter": "S Nadigotla",
              "bowler": "M Cope",
              "non_striker": "S Periyalwar",
              "runs": {
                "batter": 2,
                "extras": 0,
                "total": 2
              },
              "wickets": [
                {
                  "player_out": "S Periyalwar",
                  "kind": "retired not out"
                }
              ]
            }
          ]
        },
        {
          "over": 15,
          "deliveries": [
            {
              "batter": "Sami Ullah",
              "bowler": "A Nanda",
              "extras": {
                "wides": 1
              },
              "non_striker": "S Nadigotla",
              "runs": {
                "batter": 0,
                "extras": 1,
                "total": 1
              }
            },
            {
              "batter": "Sami Ullah",
              "bowler": "A Nanda",
              "non_striker": "S Nadigotla",
              "runs": {
                "batter": 0,
                "extras": 0,
                "total": 0
              }
            },
            {
              "batter": "Sami Ullah",
              "bowler": "A Nanda",
              "non_striker": "S Nadigotla",
              "runs": {
                "batter": 1,
                "extras": 0,
                "total": 1
              }
            },
            {
              "batter": "S Nadigotla",
              "bowler": "A Nanda",
              "non_striker": "Sami Ullah",
              "runs": {
                "batter": 1,
                "extras": 0,
                "total": 1
              }
            },
            {
              "batter": "Sami Ullah",
              "bowler": "A Nanda",
              "non_striker": "S Nadigotla",
              "runs": {
                "batter": 0,
                "extras": 0,
                "total": 0
              }
            },
            {
              "batter": "Sami Ullah",
              "bowler": "A Nanda",
              "non_striker": "S Nadigotla",
              "runs": {
                "batter": 0,
                "extras": 0,
                "total": 0
              }
            },
            {
              "batter": "Sami Ullah",
              "bowler": "A Nanda",
              "non_striker": "S Nadigotla",
              "runs": {
                "batter": 1,
                "extras": 0,
                "total": 1
              }
            }
          ]
        },
        {
          "over": 16,
          "deliveries": [
            {
              "batter": "Sami Ullah",
              "bowler": "WJ Cope",
              "non_striker": "S Nadigotla",
              "runs": {
                "batter": 4,
                "extras": 0,
                "total": 4
              }
            },
            {
              "batter": "Sami Ullah",
              "bowler": "WJ Cope",
              "non_striker": "S Nadigotla",
              "runs": {
                "batter": 1,
                "extras": 0,
                "total": 1
              }
            },
            {
              "batter": "S Nadigotla",
              "bowler": "WJ Cope",
              "non_striker": "Sami Ullah",
              "runs": {
                "batter": 1,
                "extras": 0,
                "total": 1
              }
            },
            {
              "batter": "Sami Ullah",
              "bowler": "WJ Cope",
              "non_striker": "S Nadigotla",
              "runs": {
                "batter": 1,
                "extras": 0,
                "total": 1
              }
            },
            {
              "batter": "S Nadigotla",
              "bowler": "WJ Cope",
              "non_striker": "Sami Ullah",
              "runs": {
                "batter": 6,
                "extras": 0,
                "total": 6
              }
            },
            {
              "batter": "S Nadigotla",
              "bowler": "WJ Cope",
              "non_striker": "Sami Ullah",
              "runs": {
                "batter": 1,
                "extras": 0,
                "total": 1
              }
            }
          ]
        },
        {
          "over": 17,
          "deliveries": [
            {
              "batter": "S Nadigotla",
              "bowler": "V Vijh",
              "non_striker": "Sami Ullah",
              "runs": {
                "batter": 0,
                "extras": 0,
                "total": 0
              }
            },
            {
              "batter": "S Nadigotla",
              "bowler": "V Vijh",
              "non_striker": "Sami Ullah",
              "runs": {
                "batter": 0,
                "extras": 0,
                "total": 0
              }
            },
            {
              "batter": "S Nadigotla",
              "bowler": "V Vijh",
              "non_striker": "Sami Ullah",
              "runs": {
                "batter": 0,
                "extras": 0,
                "total": 0
              }
            },
            {
              "batter": "S Nadigotla",
              "bowler": "V Vijh",
              "non_striker": "Sami Ullah",
              "runs": {
                "batter": 2,
                "extras": 0,
                "total": 2
              }
            },
            {
              "batter": "S Nadigotla",
              "bowler": "V Vijh",
              "extras": {
                "wides": 1
              },
              "non_striker": "Sami Ullah",
              "runs": {
                "batter": 0,
                "extras": 1,
                "total": 1
              }
            },
            {
              "batter": "S Nadigotla",
              "bowler": "V Vijh",
              "non_striker": "Sami Ullah",
              "runs": {
                "batter": 0,
                "extras": 0,
                "total": 0
              },
              "wickets": [
                {
                  "player_out": "S Nadigotla",
                  "fielders": [
                    {
                      "name": "J Barker"
                    }
                  ],
                  "kind": "caught"
                }
              ]
            },
            {
              "batter": "Sami Ullah",
              "bowler": "V Vijh",
              "extras": {
                "wides": 1
              },
              "non_striker": "V Saini",
              "runs": {
                "batter": 0,
                "extras": 1,
                "total": 1
              }
            },
            {
              "batter": "Sami Ullah",
              "bowler": "V Vijh",
              "non_striker": "V Saini",
              "runs": {
                "batter": 1,
                "extras": 0,
                "total": 1
              }
            }
          ]
        },
        {
          "over": 18,
          "deliveries": [
            {
              "batter": "Sami Ullah",
              "bowler": "A Dhingra",
              "non_striker": "V Saini",
              "runs": {
                "batter": 0,
                "extras": 0,
                "total": 0
              },
              "wickets": [
                {
                  "player_out": "Sami Ullah",
                  "kind": "bowled"
                }
              ]
            },
            {
              "batter": "S Vashisht",
              "bowler": "A Dhingra",
              "extras": {
                "legbyes": 2
              },
              "non_striker": "V Saini",
              "runs": {
                "batter": 0,
                "extras": 2,
                "total": 2
              }
            },
            {
              "batter": "S Vashisht",
              "bowler": "A Dhingra",
              "non_striker": "V Saini",
              "runs": {
                "batter": 1,
                "extras": 0,
                "total": 1
              }
            },
            {
              "batter": "V Saini",
              "bowler": "A Dhingra",
              "non_striker": "S Vashisht",
              "runs": {
                "batter": 1,
                "extras": 0,
                "total": 1
              },
              "wickets": [
                {
                  "player_out": "S Vashisht",
                  "kind": "run out"
                }
              ]
            },
            {
              "batter": "Aftab Kayani",
              "bowler": "A Dhingra",
              "non_striker": "V Saini",
              "runs": {
                "batter": 0,
                "extras": 0,
                "total": 0
              }
            },
            {
              "batter": "Aftab Kayani",
              "bowler": "A Dhingra",
              "non_striker": "V Saini",
              "runs": {
                "batter": 0,
                "extras": 0,
                "total": 0
              }
            }
          ]
        },
        {
          "over": 19,
          "deliveries": [
            {
              "batter": "V Saini",
              "bowler": "V Vijh",
              "non_striker": "Aftab Kayani",
              "runs": {
                "batter": 0,
                "extras": 0,
                "total": 0
              },
              "wickets": [
                {
                  "player_out": "V Saini",
                  "fielders": [
                    {
                      "name": "TC Barker"
                    }
                  ],
                  "kind": "caught"
                }
              ]
            },
            {
              "batter": "P Florin",
              "bowler": "V Vijh",
              "non_striker": "Aftab Kayani",
              "runs": {
                "batter": 1,
                "extras": 0,
                "total": 1
              }
            },
            {
              "batter": "Aftab Kayani",
              "bowler": "V Vijh",
              "non_striker": "P Florin",
              "runs": {
                "batter": 2,
                "extras": 0,
                "total": 2
              }
            },
            {
              "batter": "Aftab Kayani",
              "bowler": "V Vijh",
              "non_striker": "P Florin",
              "runs": {
                "batter": 0,
                "extras": 0,
                "total": 0
              }
            },
            {
              "batter": "Aftab Kayani",
              "bowler": "V Vijh",
              "non_striker": "P Florin",
              "runs": {
                "batter": 0,
                "extras": 0,
                "total": 0
              }
            },
            {
              "batter": "Aftab Kayani",
              "bowler": "V Vijh",
              "extras": {
                "wides": 1
              },
              "non_striker": "P Florin",
              "runs": {
                "batter": 0,
                "extras": 1,
                "total": 1
              },
              "wickets": [
                {
                  "player_out": "Aftab Kayani",
                  "kind": "run out"
                }
              ]
            }
          ]
        }
      ],
      "powerplays": [
        {
          "from": 0.1,
          "to": 5.6,
          "type": "mandatory"
        }
      ]
    },
    {
      "team": "Luxembourg",
      "overs": [
        {
          "over": 0,
          "deliveries": [
            {
              "batter": "TC Barker",
              "bowler": "S Vashisht",
              "non_striker": "WJ Cope",
              "runs": {
                "batter": 1,
                "extras": 0,
                "total": 1
              }
            },
            {
              "batter": "WJ Cope",
              "bowler": "S Vashisht",
              "non_striker": "TC Barker",
              "runs": {
                "batter": 1,
                "extras": 0,
                "total": 1
              }
            },
            {
              "batter": "TC Barker",
              "bowler": "S Vashisht",
              "non_striker": "WJ Cope",
              "runs": {
                "batter": 6,
                "extras": 0,
                "total": 6
              }
            },
            {
              "batter": "TC Barker",
              "bowler": "S Vashisht",
              "extras": {
                "wides": 1
              },
              "non_striker": "WJ Cope",
              "runs": {
                "batter": 0,
                "extras": 1,
                "total": 1
              }
            },
            {
              "batter": "TC Barker",
              "bowler": "S Vashisht",
              "non_striker": "WJ Cope",
              "runs": {
                "batter": 2,
                "extras": 0,
                "total": 2
              }
            },
            {
              "batter": "TC Barker",
              "bowler": "S Vashisht",
              "non_striker": "WJ Cope",
              "runs": {
                "batter": 0,
                "extras": 0,
                "total": 0
              }
            },
            {
              "batter": "TC Barker",
              "bowler": "S Vashisht",
              "non_striker": "WJ Cope",
              "runs": {
                "batter": 1,
                "extras": 0,
                "total": 1
              }
            }
          ]
        },
        {
          "over": 1,
          "deliveries": [
            {
              "batter": "TC Barker",
              "bowler": "Asif Bevinje",
              "non_striker": "WJ Cope",
              "runs": {
                "batter": 0,
                "extras": 0,
                "total": 0
              }
            },
            {
              "batter": "TC Barker",
              "bowler": "Asif Bevinje",
              "non_striker": "WJ Cope",
              "runs": {
                "batter": 0,
                "extras": 0,
                "total": 0
              },
              "wickets": [
                {
                  "player_out": "TC Barker",
                  "fielders": [
                    {
                      "name": "S Nadigotla"
                    }
                  ],
                  "kind": "caught"
                }
              ]
            },
            {
              "batter": "T Whiteman",
              "bowler": "Asif Bevinje",
              "non_striker": "WJ Cope",
              "runs": {
                "batter": 0,
                "extras": 0,
                "total": 0
              }
            },
            {
              "batter": "T Whiteman",
              "bowler": "Asif Bevinje",
              "non_striker": "WJ Cope",
              "runs": {
                "batter": 0,
                "extras": 0,
                "total": 0
              }
            },
            {
              "batter": "T Whiteman",
              "bowler": "Asif Bevinje",
              "non_striker": "WJ Cope",
              "runs": {
                "batter": 0,
                "extras": 0,
                "total": 0
              }
            },
            {
              "batter": "T Whiteman",
              "bowler": "Asif Bevinje",
              "non_striker": "WJ Cope",
              "runs": {
                "batter": 1,
                "extras": 0,
                "total": 1
              }
            }
          ]
        },
        {
          "over": 2,
          "deliveries": [
            {
              "batter": "T Whiteman",
              "bowler": "S Vashisht",
              "extras": {
                "legbyes": 1
              },
              "non_striker": "WJ Cope",
              "runs": {
                "batter": 0,
                "extras": 1,
                "total": 1
              }
            },
            {
              "batter": "WJ Cope",
              "bowler": "S Vashisht",
              "non_striker": "T Whiteman",
              "runs": {
                "batter": 0,
                "extras": 0,
                "total": 0
              }
            },
            {
              "batter": "WJ Cope",
              "bowler": "S Vashisht",
              "non_striker": "T Whiteman",
              "runs": {
                "batter": 0,
                "extras": 0,
                "total": 0
              }
            },
            {
              "batter": "WJ Cope",
              "bowler": "S Vashisht",
              "non_striker": "T Whiteman",
              "runs": {
                "batter": 1,
                "extras": 0,
                "total": 1
              }
            },
            {
              "batter": "T Whiteman",
              "bowler": "S Vashisht",
              "non_striker": "WJ Cope",
              "runs": {
                "batter": 1,
                "extras": 0,
                "total": 1
              }
            },
            {
              "batter": "WJ Cope",
              "bowler": "S Vashisht",
              "non_striker": "T Whiteman",
              "runs": {
                "batter": 0,
                "extras": 0,
                "total": 0
              }
            }
          ]
        },
        {
          "over": 3,
          "deliveries": [
            {
              "batter": "T Whiteman",
              "bowler": "Asif Bevinje",
              "non_striker": "WJ Cope",
              "runs": {
                "batter": 4,
                "extras": 0,
                "total": 4
              }
            },
            {
              "batter": "T Whiteman",
              "bowler": "Asif Bevinje",
              "non_striker": "WJ Cope",
              "runs": {
                "batter": 1,
                "extras": 0,
                "total": 1
              }
            },
            {
              "batter": "WJ Cope",
              "bowler": "Asif Bevinje",
              "non_striker": "T Whiteman",
              "runs": {
                "batter": 0,
                "extras": 0,
                "total": 0
              }
            },
            {
              "batter": "WJ Cope",
              "bowler": "Asif Bevinje",
              "non_striker": "T Whiteman",
              "runs": {
                "batter": 0,
                "extras": 0,
                "total": 0
              }
            },
            {
              "batter": "WJ Cope",
              "bowler": "Asif Bevinje",
              "non_striker": "T Whiteman",
              "runs": {
                "batter": 0,
                "extras": 0,
                "total": 0
              },
              "wickets": [
                {
                  "player_out": "WJ Cope",
                  "fielders": [
                    {
                      "name": "S Vashisht"
                    }
                  ],
                  "kind": "caught"
                }
              ]
            },
            {
              "batter": "T Whiteman",
              "bowler": "Asif Bevinje",
              "non_striker": "V Vijh",
              "runs": {
                "batter": 0,
                "extras": 0,
                "total": 0
              }
            }
          ]
        },
        {
          "over": 4,
          "deliveries": [
            {
              "batter": "V Vijh",
              "bowler": "S Vashisht",
              "non_striker": "T Whiteman",
              "runs": {
                "batter": 0,
                "extras": 0,
                "total": 0
              }
            },
            {
              "batter": "V Vijh",
              "bowler": "S Vashisht",
              "non_striker": "T Whiteman",
              "runs": {
                "batter": 1,
                "extras": 0,
                "total": 1
              }
            },
            {
              "batter": "T Whiteman",
              "bowler": "S Vashisht",
              "non_striker": "V Vijh",
              "runs": {
                "batter": 0,
                "extras": 0,
                "total": 0
              },
              "wickets": [
                {
                  "player_out": "T Whiteman",
                  "kind": "bowled"
                }
              ]
            },
            {
              "batter": "A Halbhavi",
              "bowler": "S Vashisht",
              "non_striker": "V Vijh",
              "runs": {
                "batter": 0,
                "extras": 0,
                "total": 0
              }
            },
            {
              "batter": "A Halbhavi",
              "bowler": "S Vashisht",
              "extras": {
                "wides": 1
              },
              "non_striker": "V Vijh",
              "runs": {
                "batter": 0,
                "extras": 1,
                "total": 1
              }
            },
            {
              "batter": "A Halbhavi",
              "bowler": "S Vashisht",
              "non_striker": "V Vijh",
              "runs": {
                "batter": 0,
                "extras": 0,
                "total": 0
              }
            },
            {
              "batter": "A Halbhavi",
              "bowler": "S Vashisht",
              "non_striker": "V Vijh",
              "runs": {
                "batter": 0,
                "extras": 0,
                "total": 0
              }
            }
          ]
        },
        {
          "over": 5,
          "deliveries": [
            {
              "batter": "V Vijh",
              "bowler": "Asif Bevinje",
              "non_striker": "A Halbhavi",
              "runs": {
                "batter": 0,
                "extras": 0,
                "total": 0
              }
            },
            {
              "batter": "V Vijh",
              "bowler": "Asif Bevinje",
              "non_striker": "A Halbhavi",
              "runs": {
                "batter": 1,
                "extras": 0,
                "total": 1
              }
            },
            {
              "batter": "A Halbhavi",
              "bowler": "Asif Bevinje",
              "non_striker": "V Vijh",
              "runs": {
                "batter": 4,
                "extras": 0,
                "total": 4
              }
            },
            {
              "batter": "A Halbhavi",
              "bowler": "Asif Bevinje",
              "non_striker": "V Vijh",
              "runs": {
                "batter": 4,
                "extras": 0,
                "total": 4
              }
            },
            {
              "batter": "A Halbhavi",
              "bowler": "Asif Bevinje",
              "extras": {
                "wides": 1
              },
              "non_striker": "V Vijh",
              "runs": {
                "batter": 0,
                "extras": 1,
                "total": 1
              }
            },
            {
              "batter": "A Halbhavi",
              "bowler": "Asif Bevinje",
              "non_striker": "V Vijh",
              "runs": {
                "batter": 1,
                "extras": 0,
                "total": 1
              }
            },
            {
              "batter": "V Vijh",
              "bowler": "Asif Bevinje",
              "non_striker": "A Halbhavi",
              "runs": {
                "batter": 0,
                "extras": 0,
                "total": 0
              }
            }
          ]
        },
        {
          "over": 6,
          "deliveries": [
            {
              "batter": "A Halbhavi",
              "bowler": "S Vashisht",
              "non_striker": "V Vijh",
              "runs": {
                "batter": 4,
                "extras": 0,
                "total": 4
              }
            },
            {
              "batter": "A Halbhavi",
              "bowler": "S Vashisht",
              "non_striker": "V Vijh",
              "runs": {
                "batter": 0,
                "extras": 0,
                "total": 0
              }
            },
            {
              "batter": "A Halbhavi",
              "bowler": "S Vashisht",
              "extras": {
                "wides": 1
              },
              "non_striker": "V Vijh",
              "runs": {
                "batter": 0,
                "extras": 1,
                "total": 1
              }
            },
            {
              "batter": "A Halbhavi",
              "bowler": "S Vashisht",
              "non_striker": "V Vijh",
              "runs": {
                "batter": 0,
                "extras": 0,
                "total": 0
              }
            },
            {
              "batter": "A Halbhavi",
              "bowler": "S Vashisht",
              "non_striker": "V Vijh",
              "runs": {
                "batter": 0,
                "extras": 0,
                "total": 0
              }
            },
            {
              "batter": "A Halbhavi",
              "bowler": "S Vashisht",
              "non_striker": "V Vijh",
              "runs": {
                "batter": 0,
                "extras": 0,
                "total": 0
              }
            },
            {
              "batter": "A Halbhavi",
              "bowler": "S Vashisht",
              "non_striker": "V Vijh",
              "runs": {
                "batter": 2,
                "extras": 0,
                "total": 2
              }
            }
          ]
        },
        {
          "over": 7,
          "deliveries": [
            {
              "batter": "V Vijh",
              "bowler": "Sami Ullah",
              "non_striker": "A Halbhavi",
              "runs": {
                "batter": 1,
                "extras": 0,
                "total": 1
              }
            },
            {
              "batter": "A Halbhavi",
              "bowler": "Sami Ullah",
              "extras": {
                "wides": 1
              },
              "non_striker": "V Vijh",
              "runs": {
                "batter": 0,
                "extras": 1,
                "total": 1
              }
            },
            {
              "batter": "A Halbhavi",
              "bowler": "Sami Ullah",
              "non_striker": "V Vijh",
              "runs": {
                "batter": 0,
                "extras": 0,
                "total": 0
              }
            },
            {
              "batter": "A Halbhavi",
              "bowler": "Sami Ullah",
              "non_striker": "V Vijh",
              "runs": {
                "batter": 1,
                "extras": 0,
                "total": 1
              }
            },
            {
              "batter": "V Vijh",
              "bowler": "Sami Ullah",
              "non_striker": "A Halbhavi",
              "runs": {
                "batter": 0,
                "extras": 0,
                "total": 0
              }
            },
            {
              "batter": "V Vijh",
              "bowler": "Sami Ullah",
              "non_striker": "A Halbhavi",
              "runs": {
                "batter": 1,
                "extras": 0,
                "total": 1
              }
            },
            {
              "batter": "A Halbhavi",
              "bowler": "Sami Ullah",
              "non_striker": "V Vijh",
              "runs": {
                "batter": 0,
                "extras": 0,
                "total": 0
              }
            }
          ]
        },
        {
          "over": 8,
          "deliveries": [
            {
              "batter": "V Vijh",
              "bowler": "V Saini",
              "extras": {
                "wides": 1
              },
              "non_striker": "A Halbhavi",
              "runs": {
                "batter": 0,
                "extras": 1,
                "total": 1
              }
            },
            {
              "batter": "V Vijh",
              "bowler": "V Saini",
              "extras": {
                "wides": 1
              },
              "non_striker": "A Halbhavi",
              "runs": {
                "batter": 0,
                "extras": 1,
                "total": 1
              }
            },
            {
              "batter": "V Vijh",
              "bowler": "V Saini",
              "non_striker": "A Halbhavi",
              "runs": {
                "batter": 1,
                "extras": 0,
                "total": 1
              }
            },
            {
              "batter": "A Halbhavi",
              "bowler": "V Saini",
              "extras": {
                "wides": 1
              },
              "non_striker": "V Vijh",
              "runs": {
                "batter": 0,
                "extras": 1,
                "total": 1
              }
            },
            {
              "batter": "A Halbhavi",
              "bowler": "V Saini",
              "non_striker": "V Vijh",
              "runs": {
                "batter": 0,
                "extras": 0,
                "total": 0
              }
            },
            {
              "batter": "A Halbhavi",
              "bowler": "V Saini",
              "non_striker": "V Vijh",
              "runs": {
                "batter": 0,
                "extras": 0,
                "total": 0
              }
            },
            {
              "batter": "A Halbhavi",
              "bowler": "V Saini",
              "non_striker": "V Vijh",
              "runs": {
                "batter": 1,
                "extras": 0,
                "total": 1
              }
            },
            {
              "batter": "V Vijh",
              "bowler": "V Saini",
              "non_striker": "A Halbhavi",
              "runs": {
                "batter": 0,
                "extras": 0,
                "total": 0
              }
            },
            {
              "batter": "V Vijh",
              "bowler": "V Saini",
              "extras": {
                "wides": 1
              },
              "non_striker": "A Halbhavi",
              "runs": {
                "batter": 0,
                "extras": 1,
                "total": 1
              }
            },
            {
              "batter": "V Vijh",
              "bowler": "V Saini",
              "non_striker": "A Halbhavi",
              "runs": {
                "batter": 0,
                "extras": 0,
                "total": 0
              },
              "wickets": [
                {
                  "player_out": "V Vijh",
                  "fielders": [
                    {
                      "name": "R Satheesan"
                    }
                  ],
                  "kind": "caught"
                }
              ]
            }
          ]
        },
        {
          "over": 9,
          "deliveries": [
            {
              "batter": "A Halbhavi",
              "bowler": "Sami Ullah",
              "non_striker": "J Mees",
              "runs": {
                "batter": 1,
                "extras": 0,
                "total": 1
              }
            },
            {
              "batter": "J Mees",
              "bowler": "Sami Ullah",
              "extras": {
                "wides": 1
              },
              "non_striker": "A Halbhavi",
              "runs": {
                "batter": 0,
                "extras": 1,
                "total": 1
              }
            },
            {
              "batter": "J Mees",
              "bowler": "Sami Ullah",
              "non_striker": "A Halbhavi",
              "runs": {
                "batter": 0,
                "extras": 0,
                "total": 0
              }
            },
            {
              "batter": "J Mees",
              "bowler": "Sami Ullah",
              "non_striker": "A Halbhavi",
              "runs": {
                "batter": 4,
                "extras": 0,
                "total": 4
              }
            },
            {
              "batter": "J Mees",
              "bowler": "Sami Ullah",
              "non_striker": "A Halbhavi",
              "runs": {
                "batter": 0,
                "extras": 0,
                "total": 0
              }
            },
            {
              "batter": "J Mees",
              "bowler": "Sami Ullah",
              "non_striker": "A Halbhavi",
              "runs": {
                "batter": 0,
                "extras": 0,
                "total": 0
              }
            },
            {
              "batter": "J Mees",
              "bowler": "Sami Ullah",
              "extras": {
                "wides": 1
              },
              "non_striker": "A Halbhavi",
              "runs": {
                "batter": 0,
                "extras": 1,
                "total": 1
              }
            },
            {
              "batter": "J Mees",
              "bowler": "Sami Ullah",
              "non_striker": "A Halbhavi",
              "runs": {
                "batter": 0,
                "extras": 0,
                "total": 0
              }
            }
          ]
        },
        {
          "over": 10,
          "deliveries": [
            {
              "batter": "A Halbhavi",
              "bowler": "V Saini",
              "non_striker": "J Mees",
              "runs": {
                "batter": 0,
                "extras": 0,
                "total": 0
              }
            },
            {
              "batter": "A Halbhavi",
              "bowler": "V Saini",
              "non_striker": "J Mees",
              "runs": {
                "batter": 1,
                "extras": 0,
                "total": 1
              }
            },
            {
              "batter": "J Mees",
              "bowler": "V Saini",
              "non_striker": "A Halbhavi",
              "runs": {
                "batter": 1,
                "extras": 0,
                "total": 1
              }
            },
            {
              "batter": "A Halbhavi",
              "bowler": "V Saini",
              "non_striker": "J Mees",
              "runs": {
                "batter": 0,
                "extras": 0,
                "total": 0
              }
            },
            {
              "batter": "A Halbhavi",
              "bowler": "V Saini",
              "extras": {
                "wides": 1
              },
              "non_striker": "J Mees",
              "runs": {
                "batter": 0,
                "extras": 1,
                "total": 1
              }
            },
            {
              "batter": "A Halbhavi",
              "bowler": "V Saini",
              "non_striker": "J Mees",
              "runs": {
                "batter": 1,
                "extras": 0,
                "total": 1
              }
            },
            {
              "batter": "J Mees",
              "bowler": "V Saini",
              "extras": {
                "wides": 1
              },
              "non_striker": "A Halbhavi",
              "runs": {
                "batter": 0,
                "extras": 1,
                "total": 1
              }
            },
            {
              "batter": "J Mees",
              "bowler": "V Saini",
              "non_striker": "A Halbhavi",
              "runs": {
                "batter": 0,
                "extras": 0,
                "total": 0
              }
            }
          ]
        },
        {
          "over": 11,
          "deliveries": [
            {
              "batter": "A Halbhavi",
              "bowler": "Taranjeet Singh",
              "non_striker": "J Mees",
              "runs": {
                "batter": 0,
                "extras": 0,
                "total": 0
              }
            },
            {
              "batter": "A Halbhavi",
              "bowler": "Taranjeet Singh",
              "non_striker": "J Mees",
              "runs": {
                "batter": 1,
                "extras": 0,
                "total": 1
              }
            },
            {
              "batter": "J Mees",
              "bowler": "Taranjeet Singh",
              "non_striker": "A Halbhavi",
              "runs": {
                "batter": 4,
                "extras": 0,
                "total": 4
              }
            },
            {
              "batter": "J Mees",
              "bowler": "Taranjeet Singh",
              "non_striker": "A Halbhavi",
              "runs": {
                "batter": 0,
                "extras": 0,
                "total": 0
              }
            },
            {
              "batter": "J Mees",
              "bowler": "Taranjeet Singh",
              "non_striker": "A Halbhavi",
              "runs": {
                "batter": 0,
                "extras": 0,
                "total": 0
              },
              "wickets": [
                {
                  "player_out": "J Mees",
                  "kind": "bowled"
                }
              ]
            },
            {
              "batter": "J Barker",
              "bowler": "Taranjeet Singh",
              "non_striker": "A Halbhavi",
              "runs": {
                "batter": 0,
                "extras": 0,
                "total": 0
              }
            }
          ]
        },
        {
          "over": 12,
          "deliveries": [
            {
              "batter": "A Halbhavi",
              "bowler": "Aftab Kayani",
              "non_striker": "J Barker",
              "runs": {
                "batter": 0,
                "extras": 0,
                "total": 0
              },
              "wickets": [
                {
                  "player_out": "A Halbhavi",
                  "kind": "caught and bowled"
                }
              ]
            },
            {
              "batter": "J Barker",
              "bowler": "Aftab Kayani",
              "non_striker": "A Manepalli",
              "runs": {
                "batter": 0,
                "extras": 0,
                "total": 0
              }
            },
            {
              "batter": "J Barker",
              "bowler": "Aftab Kayani",
              "non_striker": "A Manepalli",
              "runs": {
                "batter": 1,
                "extras": 0,
                "total": 1
              }
            },
            {
              "batter": "A Manepalli",
              "bowler": "Aftab Kayani",
              "non_striker": "J Barker",
              "runs": {
                "batter": 1,
                "extras": 0,
                "total": 1
              }
            },
            {
              "batter": "J Barker",
              "bowler": "Aftab Kayani",
              "extras": {
                "wides": 1
              },
              "non_striker": "A Manepalli",
              "runs": {
                "batter": 0,
                "extras": 1,
                "total": 1
              }
            },
            {
              "batter": "J Barker",
              "bowler": "Aftab Kayani",
              "non_striker": "A Manepalli",
              "runs": {
                "batter": 1,
                "extras": 0,
                "total": 1
              }
            },
            {
              "batter": "A Manepalli",
              "bowler": "Aftab Kayani",
              "non_striker": "J Barker",
              "runs": {
                "batter": 0,
                "extras": 0,
                "total": 0
              }
            }
          ]
        },
        {
          "over": 13,
          "deliveries": [
            {
              "batter": "J Barker",
              "bowler": "Taranjeet Singh",
              "non_striker": "A Manepalli",
              "runs": {
                "batter": 0,
                "extras": 0,
                "total": 0
              }
            },
            {
              "batter": "J Barker",
              "bowler": "Taranjeet Singh",
              "non_striker": "A Manepalli",
              "runs": {
                "batter": 0,
                "extras": 0,
                "total": 0
              }
            },
            {
              "batter": "J Barker",
              "bowler": "Taranjeet Singh",
              "non_striker": "A Manepalli",
              "runs": {
                "batter": 0,
                "extras": 0,
                "total": 0
              },
              "wickets": [
                {
                  "player_out": "J Barker",
                  "kind": "bowled"
                }
              ]
            },
            {
              "batter": "M Cope",
              "bowler": "Taranjeet Singh",
              "non_striker": "A Manepalli",
              "runs": {
                "batter": 0,
                "extras": 0,
                "total": 0
              }
            },
            {
              "batter": "M Cope",
              "bowler": "Taranjeet Singh",
              "non_striker": "A Manepalli",
              "runs": {
                "batter": 3,
                "extras": 0,
                "total": 3
              }
            },
            {
              "batter": "A Manepalli",
              "bowler": "Taranjeet Singh",
              "non_striker": "M Cope",
              "runs": {
                "batter": 0,
                "extras": 0,
                "total": 0
              }
            }
          ]
        },
        {
          "over": 14,
          "deliveries": [
            {
              "batter": "M Cope",
              "bowler": "Aftab Kayani",
              "non_striker": "A Manepalli",
              "runs": {
                "batter": 1,
                "extras": 0,
                "total": 1
              }
            },
            {
              "batter": "A Manepalli",
              "bowler": "Aftab Kayani",
              "non_striker": "M Cope",
              "runs": {
                "batter": 1,
                "extras": 0,
                "total": 1
              }
            },
            {
              "batter": "M Cope",
              "bowler": "Aftab Kayani",
              "non_striker": "A Manepalli",
              "runs": {
                "batter": 0,
                "extras": 0,
                "total": 0
              },
              "wickets": [
                {
                  "player_out": "M Cope",
                  "fielders": [
                    {
                      "name": "V Saini"
                    }
                  ],
                  "kind": "caught"
                }
              ]
            },
            {
              "batter": "A Manepalli",
              "bowler": "Aftab Kayani",
              "non_striker": "A Nanda",
              "runs": {
                "batter": 1,
                "extras": 0,
                "total": 1
              }
            },
            {
              "batter": "A Nanda",
              "bowler": "Aftab Kayani",
              "non_striker": "A Manepalli",
              "runs": {
                "batter": 0,
                "extras": 0,
                "total": 0
              }
            },
            {
              "batter": "A Nanda",
              "bowler": "Aftab Kayani",
              "non_striker": "A Manepalli",
              "runs": {
                "batter": 0,
                "extras": 0,
                "total": 0
              }
            }
          ]
        },
        {
          "over": 15,
          "deliveries": [
            {
              "batter": "A Manepalli",
              "bowler": "Taranjeet Singh",
              "non_striker": "A Nanda",
              "runs": {
                "batter": 1,
                "extras": 0,
                "total": 1
              }
            },
            {
              "batter": "A Nanda",
              "bowler": "Taranjeet Singh",
              "non_striker": "A Manepalli",
              "runs": {
                "batter": 0,
                "extras": 0,
                "total": 0
              }
            },
            {
              "batter": "A Nanda",
              "bowler": "Taranjeet Singh",
              "non_striker": "A Manepalli",
              "runs": {
                "batter": 0,
                "extras": 0,
                "total": 0
              }
            },
            {
              "batter": "A Nanda",
              "bowler": "Taranjeet Singh",
              "non_striker": "A Manepalli",
              "runs": {
                "batter": 6,
                "extras": 0,
                "total": 6
              }
            },
            {
              "batter": "A Nanda",
              "bowler": "Taranjeet Singh",
              "non_striker": "A Manepalli",
              "runs": {
                "batter": 1,
                "extras": 0,
                "total": 1
              }
            },
            {
              "batter": "A Manepalli",
              "bowler": "Taranjeet Singh",
              "non_striker": "A Nanda",
              "runs": {
                "batter": 0,
                "extras": 0,
                "total": 0
              }
            }
          ]
        },
        {
          "over": 16,
          "deliveries": [
            {
              "batter": "A Nanda",
              "bowler": "P Florin",
              "non_striker": "A Manepalli",
              "runs": {
                "batter": 1,
                "extras": 0,
                "total": 1
              }
            },
            {
              "batter": "A Manepalli",
              "bowler": "P Florin",
              "non_striker": "A Nanda",
              "runs": {
                "batter": 1,
                "extras": 0,
                "total": 1
              }
            },
            {
              "batter": "A Nanda",
              "bowler": "P Florin",
              "non_striker": "A Manepalli",
              "runs": {
                "batter": 1,
                "extras": 0,
                "total": 1
              }
            },
            {
              "batter": "A Manepalli",
              "bowler": "P Florin",
              "non_striker": "A Nanda",
              "runs": {
                "batter": 1,
                "extras": 0,
                "total": 1
              }
            },
            {
              "batter": "A Nanda",
              "bowler": "P Florin",
              "non_striker": "A Manepalli",
              "runs": {
                "batter": 1,
                "extras": 0,
                "total": 1
              }
            },
            {
              "batter": "A Manepalli",
              "bowler": "P Florin",
              "extras": {
                "wides": 1
              },
              "non_striker": "A Nanda",
              "runs": {
                "batter": 0,
                "extras": 1,
                "total": 1
              }
            },
            {
              "batter": "A Manepalli",
              "bowler": "P Florin",
              "non_striker": "A Nanda",
              "runs": {
                "batter": 0,
                "extras": 0,
                "total": 0
              }
            }
          ]
        },
        {
          "over": 17,
          "deliveries": [
            {
              "batter": "A Nanda",
              "bowler": "Asif Bevinje",
              "non_striker": "A Manepalli",
              "runs": {
                "batter": 2,
                "extras": 0,
                "total": 2
              }
            },
            {
              "batter": "A Nanda",
              "bowler": "Asif Bevinje",
              "non_striker": "A Manepalli",
              "runs": {
                "batter": 0,
                "extras": 0,
                "total": 0
              }
            },
            {
              "batter": "A Nanda",
              "bowler": "Asif Bevinje",
              "non_striker": "A Manepalli",
              "runs": {
                "batter": 1,
                "extras": 0,
                "total": 1
              }
            },
            {
              "batter": "A Manepalli",
              "bowler": "Asif Bevinje",
              "non_striker": "A Nanda",
              "runs": {
                "batter": 2,
                "extras": 0,
                "total": 2
              }
            },
            {
              "batter": "A Manepalli",
              "bowler": "Asif Bevinje",
              "non_striker": "A Nanda",
              "runs": {
                "batter": 4,
                "extras": 0,
                "total": 4
              }
            },
            {
              "batter": "A Manepalli",
              "bowler": "Asif Bevinje",
              "non_striker": "A Nanda",
              "runs": {
                "batter": 1,
                "extras": 0,
                "total": 1
              }
            }
          ]
        },
        {
          "over": 18,
          "deliveries": [
            {
              "batter": "A Manepalli",
              "bowler": "P Florin",
              "non_striker": "A Nanda",
              "runs": {
                "batter": 6,
                "extras": 0,
                "total": 6
              }
            },
            {
              "batter": "A Manepalli",
              "bowler": "P Florin",
              "extras": {
                "noballs": 1
              },
              "non_striker": "A Nanda",
              "runs": {
                "batter": 0,
                "extras": 1,
                "total": 1
              }
            },
            {
              "batter": "A Manepalli",
              "bowler": "P Florin",
              "non_striker": "A Nanda",
              "runs": {
                "batter": 1,
                "extras": 0,
                "total": 1
              }
            },
            {
              "batter": "A Nanda",
              "bowler": "P Florin",
              "extras": {
                "wides": 1
              },
              "non_striker": "A Manepalli",
              "runs": {
                "batter": 0,
                "extras": 1,
                "total": 1
              }
            },
            {
              "batter": "A Nanda",
              "bowler": "P Florin",
              "non_striker": "A Manepalli",
              "runs": {
                "batter": 1,
                "extras": 0,
                "total": 1
              }
            },
            {
              "batter": "A Manepalli",
              "bowler": "P Florin",
              "non_striker": "A Nanda",
              "runs": {
                "batter": 1,
                "extras": 0,
                "total": 1
              }
            },
            {
              "batter": "A Nanda",
              "bowler": "P Florin",
              "non_striker": "A Manepalli",
              "runs": {
                "batter": 1,
                "extras": 0,
                "total": 1
              }
            },
            {
              "batter": "A Manepalli",
              "bowler": "P Florin",
              "extras": {
                "wides": 1
              },
              "non_striker": "A Nanda",
              "runs": {
                "batter": 0,
                "extras": 1,
                "total": 1
              }
            },
            {
              "batter": "A Manepalli",
              "bowler": "P Florin",
              "extras": {
                "wides": 1
              },
              "non_striker": "A Nanda",
              "runs": {
                "batter": 0,
                "extras": 1,
                "total": 1
              }
            },
            {
              "batter": "A Manepalli",
              "bowler": "P Florin",
              "non_striker": "A Nanda",
              "runs": {
                "batter": 1,
                "extras": 0,
                "total": 1
              }
            }
          ]
        },
        {
          "over": 19,
          "deliveries": [
            {
              "batter": "A Manepalli",
              "bowler": "Sami Ullah",
              "non_striker": "A Nanda",
              "runs": {
                "batter": 0,
                "extras": 0,
                "total": 0
              },
              "wickets": [
                {
                  "player_out": "A Manepalli",
                  "fielders": [
                    {
                      "name": "S Vashisht"
                    }
                  ],
                  "kind": "caught"
                }
              ]
            },
            {
              "batter": "A Nanda",
              "bowler": "Sami Ullah",
              "non_striker": "A Dhingra",
              "runs": {
                "batter": 0,
                "extras": 0,
                "total": 0
              }
            },
            {
              "batter": "A Nanda",
              "bowler": "Sami Ullah",
              "non_striker": "A Dhingra",
              "runs": {
                "batter": 0,
                "extras": 0,
                "total": 0
              }
            },
            {
              "batter": "A Nanda",
              "bowler": "Sami Ullah",
              "non_striker": "A Dhingra",
              "runs": {
                "batter": 2,
                "extras": 0,
                "total": 2
              }
            },
            {
              "batter": "A Nanda",
              "bowler": "Sami Ullah",
              "non_striker": "A Dhingra",
              "runs": {
                "batter": 2,
                "extras": 0,
                "total": 2
              }
            },
            {
              "batter": "A Nanda",
              "bowler": "Sami Ullah",
              "non_striker": "A Dhingra",
              "runs": {
                "batter": 2,
                "extras": 0,
                "total": 2
              }
            }
          ]
        }
      ],
      "powerplays": [
        {
          "from": 0.1,
          "to": 5.7,
          "type": "mandatory"
        }
      ],
      "target": {
        "overs": 20,
        "runs": 157
      }
    }
  ]
}