Row Labels,Count of Date of Birth
'05 Jun 1988,64
'05 Jun 1989,63
'02 Jun 1988,62
'05 Jun 1990,60
'10 May 1989,53
'15 Jun 1990,53
'03 Jun 1989,52
'03 Jun 1988,51
'02 Jun 1989,51
'10 Jun 1989,50
'01 Jun 1988,49
'15 May 1989,49
'10 May 1988,48
'04 Jun 1991,48
'01 Jun 1990,48
'10 May 1990,47
'25 May 1989,47
'10 Jun 1988,46
'15 May 1986,45
'20 May 1988,45
'05 Jun 1991,45
'10 Jun 1987,44
'01 Jun 1989,44
'15 May 1987,44
'05 May 1988,44
'05 Jun 1986,42
'07 Jun 1989,42
'12 May 1989,42
'30 May 1991,42
'25 May 1987,42
'30 May 1987,42
'06 Jun 1989,42
'04 Jun 1986,41
'02 Jun 1991,41
'01 Jun 1987,41
'15 Jun 1988,41
'15 May 1988,41
'15 May 1991,41
'09 Jun 1988,41
'02 Jun 1987,40
'02 Jun 1986,40
'20 May 1990,40
'05 Jun 1987,40
'10 Apr 1989,40
'03 Jun 1987,39
'15 Jun 1991,39
'15 Jun 1989,39
'01 Jun 1991,39
'03 Jun 1991,39
'10 May 1987,38
'25 May 1988,38
'04 Jun 1989,38
'10 Jun 1991,38
'25 May 1991,37
'07 Jun 1990,37
'28 May 1989,37
'10 Jun 1990,37
'06 May 1988,37
'30 May 1990,37
'10 Jun 1986,37
'20 Jun 1987,36
'02 Jun 1990,36
'07 Jun 1988,36
'04 Jun 1988,36
'29 May 1989,36
'05 May 1989,35
'04 Jun 1990,35
'17 May 1988,35
'27 May 1987,35
'05 Jun 1985,34
'06 May 1990,34
'20 May 1989,34
'30 May 1989,34
'05 May 1991,34
'05 May 1990,34
'01 May 1989,34
'03 Jun 1990,33
'25 May 1990,33
'12 Jun 1990,33
'20 Jun 1989,33
'15 Apr 1990,33
'20 Jun 1990,33
'16 May 1990,32
'05 May 1987,32
'01 Jan 1990,32
'12 Jun 1991,32
'15 Apr 1989,32
'20 Apr 1987,32
'01 Jun 1986,32
'27 May 1989,32
'20 Jun 1991,32
'10 May 1986,32
'21 May 1989,31
'31 Jul 1990,31
'12 Jun 1987,31
'09 May 1988,31
'07 Jun 1987,31
'01 May 1988,31
'05 Mar 1990,31
'26 May 1987,30
'10 May 1991,30
'15 Jun 1986,30
'14 Jun 1989,30
'15 Jun 1987,30
'15 May 1990,30
'30 Jul 1989,30
'01 May 1991,30
'04 Jun 1987,30
'06 Apr 1988,30
'23 May 1988,29
'17 Jun 1989,29
'07 Jun 1986,29
'09 Jun 1989,29
'10 Apr 1990,29
'16 May 1991,29
'25 Jun 1988,29
'07 May 1988,29
'11 Jun 1990,29
'07 May 1990,29
'11 May 1989,29
'06 Jun 1986,29
'26 Jun 1991,29
'20 Apr 1988,29
'26 May 1989,29
'12 May 1988,29
'27 May 1990,29
'10 Mar 1990,29
'03 Jun 1986,29
'13 Jun 1989,29
'15 Mar 1990,29
'05 Apr 1989,29
'20 Jul 1988,29
'31 Jul 1988,29
'05 Jul 1990,28
'29 May 1988,28
'28 May 1988,28
'16 May 1989,28
'06 Jun 1990,28
'01 May 1990,28
'13 Jun 1991,28
'07 Apr 1990,28
'02 Apr 1989,28
'26 May 1988,28
'25 Mar 1988,28
'03 May 1986,28
'08 May 1991,28
'22 May 1990,28
'12 May 1990,28
'12 Jun 1989,28
'07 Jun 1991,28
'20 May 1987,28
'12 Jun 1988,28
'24 May 1991,27
'31 May 1991,27
'08 Jun 1990,27
'10 Apr 1988,27
'07 May 1989,27
'06 Jun 1991,27
'12 May 1987,27
'10 Feb 1989,27
'27 May 1988,27
'10 Jul 1988,27
'06 Jun 1988,27
'06 May 1987,27
'24 May 1990,27
'10 Mar 1989,27
'03 May 1988,27
'18 May 1988,27
'08 Jun 1989,27
'19 May 1990,27
'26 Dec 1989,27
'20 Apr 1989,27
'31 May 1990,27
'20 Jul 1990,27
'15 Apr 1987,27
'21 Jun 1991,27
'02 May 1989,27
'03 May 1987,27
'15 Jul 1987,27
'13 Jul 1987,26
'30 Apr 1990,26
'13 May 1989,26
'03 Jul 1988,26
'26 Jul 1989,26
'20 May 1986,26
'03 May 1989,26
'06 May 1989,26
'28 May 1990,26
'01 Jul 1987,26
'19 May 1989,26
'23 Jun 1989,26
'08 Jun 1991,26
'23 Nov 1988,26
'27 May 1986,26
'24 Jul 1987,26
'28 May 1987,26
'16 Jun 1987,26
'15 May 1985,26
'25 Jul 1991,26
'28 May 1991,26
'25 Jun 1986,26
'30 Jul 1988,26
'25 Jun 1987,26
'30 Jun 1987,26
'10 Mar 1991,26
'07 Jul 1989,26
'07 Feb 1990,25
'10 Apr 1991,25
'07 May 1991,25
'17 Jun 1991,25
'16 Apr 1991,25
'15 Feb 1990,25
'14 Jun 1991,25
'31 Jul 1989,25
'30 Jul 1991,25
'20 Apr 1990,25
'01 Apr 1990,25
'27 Apr 1987,25
'07 May 1987,25
'27 Jul 1987,25
'04 Apr 1988,25
'21 May 1987,25
'25 Jun 1990,25
'11 May 1988,25
'15 Mar 1991,25
'17 May 1991,25
'10 Apr 1987,25
'13 Mar 1990,25
'30 May 1988,25
'16 Jun 1988,25
'05 May 1986,25
'11 Jul 1989,25
'22 May 1991,25
'23 May 1989,25
'09 May 1990,25
'13 Jun 1986,24
'30 Jan 1990,24
'10 Nov 1990,24
'03 Mar 1991,24
'13 Apr 1989,24
'11 Jul 1988,24
'04 May 1990,24
'08 Apr 1989,24
'25 Jun 1989,24
'08 Jul 1987,24
'04 May 1986,24
'05 Mar 1987,24
'18 Jul 1987,24
'11 Jun 1988,24
'04 May 1988,24
'24 Aug 1990,24
'27 Jun 1990,24
'03 Dec 1987,24
'11 Apr 1991,24
'30 Apr 1988,24
'09 Jun 1987,24
'24 May 1988,24
'23 May 1991,24
'13 May 1991,24
'26 Jun 1988,23
'22 Oct 1988,23
'30 Jun 1988,23
'02 May 1990,23
'25 Jul 1988,23
'02 May 1991,23
'12 Apr 1991,23
'14 May 1989,23
'22 Aug 1989,23
'15 Apr 1988,23
'10 Jul 1986,23
'15 Apr 1991,23
'06 Jul 1989,23
'15 Jul 1988,23
'27 Jun 1987,23
'03 Feb 1990,23
'06 Oct 1990,23
'15 Mar 1989,23
'12 May 1991,23
'08 Dec 1989,23
'22 May 1988,23
'08 May 1990,23
'23 Apr 1989,23
'09 Apr 1990,23
'24 May 1987,23
'18 Jun 1987,23
'03 May 1990,23
'18 May 1989,23
'26 Apr 1989,23
'18 Nov 1989,23
'06 Jun 1987,23
'18 Oct 1990,23
'27 May 1985,23
'19 May 1991,23
'12 Jul 1990,23
'09 Jun 1990,23
'06 Sep 1987,23
'09 Jun 1991,23
'30 May 1986,23
'31 May 1988,23
'21 May 1991,23
'09 Sep 1989,23
'09 Jul 1989,22
'03 Jan 1991,22
'28 May 1986,22
'09 Mar 1988,22
'13 Jul 1989,22
'09 May 1986,22
'18 May 1990,22
'01 Sep 1990,22
'07 Mar 1990,22
'20 May 1985,22
'07 Aug 1989,22
'15 Jul 1989,22
'26 Jun 1989,22
'01 Mar 1989,22
'27 Jul 1990,22
'31 May 1989,22
'11 Jun 1991,22
'20 May 1991,22
'14 Jan 1988,22
'21 Jan 1988,22
'19 May 1987,22
'21 Jul 1988,22
'30 May 1985,22
'14 Jun 1987,22
'14 Jul 1991,22
'07 Nov 1990,22
'04 May 1989,22
'14 Jun 1988,22
'26 Mar 1991,22
'04 May 1987,22
'26 May 1990,22
'22 Oct 1990,22
'15 Apr 1986,22
'08 Jul 1989,22
'04 Apr 1991,22
'05 Jul 1987,22
'28 Jun 1988,22
'24 Apr 1990,22
'04 Jul 1990,22
'24 Apr 1991,22
'29 May 1990,22
'08 May 1989,22
'19 Jun 1990,22
'25 Aug 1990,22
'07 Apr 1989,22
'14 May 1988,22
'30 Jun 1989,22
'01 May 1987,22
'14 Jul 1987,22
'01 Jul 1988,22
'15 Jan 1987,22
'05 Jul 1989,22
'17 May 1987,22
'02 Apr 1991,22
'08 Jul 1990,21
'23 May 1987,21
'22 May 1989,21
'24 Dec 1988,21
'01 Oct 1990,21
'20 Jul 1987,21
'22 Jul 1986,21
'05 Mar 1991,21
'07 Mar 1989,21
'24 May 1989,21
'31 Mar 1989,21
'02 Jan 1991,21
'21 May 1988,21
'15 Jul 1990,21
'08 Jul 1991,21
'09 Mar 1990,21
'08 Jun 1988,21
'25 Jul 1989,21
'07 Apr 1988,21
'25 Jul 1990,21
'30 Jun 1991,21
'20 Jul 1991,21
'23 Nov 1989,21
'15 Jun 1985,21
'04 Mar 1987,21
'17 Jun 1988,21
'04 Jan 1989,21
'06 Apr 1989,21
'27 May 1991,21
'09 May 1989,21
'22 Apr 1989,21
'03 Jul 1989,21
'29 Jun 1988,21
'09 Apr 1989,21
'22 Jun 1987,21
'04 May 1991,21
'01 Nov 1988,21
'10 Apr 1986,21
'22 Nov 1990,21
'13 Nov 1990,21
'16 Jul 1989,21
'11 Apr 1990,21
'05 Jul 1988,21
'07 Mar 1991,21
'23 Aug 1990,21
'27 Apr 1990,21
'03 Jul 1987,21
'07 Jul 1988,21
'01 Nov 1990,21
'21 Apr 1990,21
'16 Jun 1990,21
'27 Jun 1988,21
'13 May 1986,21
'02 Jan 1989,21
'16 Apr 1990,20
'21 Jun 1990,20
'03 Jul 1991,20
'13 Feb 1988,20
'31 Mar 1990,20
'17 May 1989,20
'04 Dec 1989,20
'17 May 1990,20
'29 May 1985,20
'09 Dec 1989,20
'17 Jul 1990,20
'10 Jan 1991,20
'16 Apr 1989,20
'18 Jun 1988,20
'04 Apr 1989,20
'10 Jul 1989,20
'28 Mar 1989,20
'18 May 1987,20
'11 Sep 1990,20
'15 Mar 1988,20
'21 Jul 1990,20
'10 Jul 1991,20
'30 Jun 1990,20
'07 Jul 1990,20
'12 Sep 1989,20
'05 May 1985,20
'26 Mar 1988,20
'05 Dec 1990,20
'26 May 1991,20
'14 Apr 1988,20
'14 Mar 1990,20
'09 Jun 1986,20
'27 Mar 1991,20
'15 Dec 1989,20
'28 Aug 1990,20
'02 Jul 1987,20
'11 May 1987,20
'07 May 1986,20
'11 May 1991,20
'10 Mar 1988,20
'29 Mar 1988,20
'25 May 1986,20
'12 Dec 1989,20
'05 Oct 1988,20
'30 Jul 1990,20
'25 Sep 1987,20
'02 Dec 1989,20
'08 Jun 1987,20
'21 May 1990,20
'06 Jul 1991,20
'05 Apr 1987,20
'03 May 1991,20
'05 Apr 1988,20
'03 Apr 1991,20
'14 Jul 1989,20
'10 Nov 1987,20
'27 Aug 1990,20
'07 Apr 1991,19
'30 Jul 1985,19
'19 Oct 1989,19
'16 Apr 1988,19
'10 Jul 1990,19
'10 Oct 1988,19
'15 Oct 1987,19
'10 Jan 1990,19
'30 Apr 1986,19
'20 Jul 1989,19
'05 Jul 1991,19
'08 Jul 1988,19
'10 Dec 1987,19
'01 Jan 1988,19
'03 Apr 1987,19
'25 Dec 1987,19
'20 Feb 1988,19
'22 Mar 1991,19
'29 May 1991,19
'11 Dec 1990,19
'07 Feb 1991,19
'05 Jan 1991,19
'17 Apr 1990,19
'20 Jun 1986,19
'30 Jun 1986,19
'10 Jul 1987,19
'18 Jun 1986,19
'23 May 1990,19
'12 Mar 1991,19
'02 Jan 1990,19
'07 Aug 1990,19
'14 May 1987,19
'08 Oct 1988,19
'14 Dec 1989,19
'05 Apr 1991,19
'09 Jul 1987,19
'15 Jul 1991,19
'11 Jun 1989,19
'13 Jul 1990,19
'16 Jun 1989,19
'29 Nov 1989,19
'20 Mar 1989,19
'12 Jan 1991,19
'14 Feb 1990,19
'16 Oct 1990,19
'28 Apr 1989,19
'30 Jul 1987,19
'28 Aug 1987,19
'20 Apr 1986,19
'02 Jul 1990,19
'21 Jun 1989,19
'16 Mar 1987,19
'06 Jul 1990,19
'28 Jun 1989,19
'13 Apr 1990,19
'28 Jun 1990,19
'17 Feb 1988,19
'18 Mar 1988,19
'23 Jun 1987,19
'16 May 1986,19
'02 Mar 1987,19
'10 Jun 1992,19
'26 Jul 1987,19
'23 Nov 1990,19
'30 Oct 1990,19
'01 Apr 1988,19
'08 Apr 1991,19
'01 Apr 1987,19
'31 Jul 1991,19
'19 Nov 1987,19
'05 Mar 1988,19
'16 May 1987,19
'22 Jun 1990,19
'18 Mar 1989,19
'18 Jul 1991,19
'14 Sep 1989,19
'22 Nov 1987,18
'04 Apr 1986,18
'25 Dec 1990,18
'14 Jul 1988,18
'13 Jan 1988,18
'14 Jul 1990,18
'11 Dec 1989,18
'02 May 1988,18
'11 Oct 1989,18
'01 Jul 1989,18
'27 Oct 1990,18
'01 Nov 1987,18
'14 Dec 1986,18
'01 Jul 1990,18
'24 Apr 1988,18
'14 May 1990,18
'01 Apr 1989,18
'15 Feb 1989,18
'25 Mar 1989,18
'08 Apr 1990,18
'26 Apr 1988,18
'02 Oct 1989,18
'12 Mar 1989,18
'04 Nov 1987,18
'29 Jun 1990,18
'08 Feb 1991,18
'13 Jun 1990,18
'04 Oct 1989,18
'22 Jul 1990,18
'08 Jun 1986,18
'23 Jun 1991,18
'08 May 1985,18
'03 May 1985,18
'08 May 1988,18
'24 Jun 1989,18
'15 Sep 1990,18
'24 Nov 1987,18
'08 Nov 1989,18
'11 Mar 1990,18
'16 Aug 1989,18
'25 Mar 1991,18
'16 Jul 1987,18
'25 Sep 1988,18
'09 Apr 1986,18
'12 Apr 1989,18
'09 Apr 1988,18
'04 Apr 1987,18
'03 Apr 1989,18
'12 May 1986,18
'16 May 1988,18
'28 Mar 1991,18
'17 Apr 1986,18
'29 Mar 1990,18
'17 Dec 1990,18
'13 Jul 1988,18
'09 Feb 1991,18
'30 Sep 1989,18
'17 Jul 1991,18
'31 May 1986,18
'17 Mar 1991,18
'22 May 1987,18
'09 Jul 1991,18
'22 Nov 1988,18
'05 Jan 1989,18
'10 Oct 1990,18
'18 Aug 1986,18
'24 Apr 1989,18
'03 Apr 1990,18
'24 Dec 1987,18
'05 Jul 1986,18
'24 Jul 1989,18
'18 Jun 1990,18
'24 Mar 1989,18
'18 Jun 1991,18
'11 Jul 1990,18
'18 Mar 1991,18
'25 Apr 1988,18
'09 May 1987,18
'01 Apr 1991,18
'03 Dec 1990,18
'11 May 1990,18
'09 May 1991,18
'25 Mar 1990,18
'19 Aug 1987,18
'25 May 1985,18
'19 Jul 1990,18
'11 Oct 1990,18
'19 Jun 1987,18
'25 Sep 1990,18
'19 Jun 1988,18
'12 Apr 1988,18
'19 Jun 1989,18
'12 Feb 1991,18
'09 Oct 1990,18
'12 Jul 1987,18
'19 Sep 1985,18
'01 Mar 1991,18
'20 Feb 1989,18
'12 Mar 1990,18
'20 Jul 1986,18
'27 Nov 1990,18
'10 Feb 1991,18
'28 Jan 1989,18
'20 Mar 1990,18
'29 Jul 1991,18
'10 Jan 1988,18
'29 Mar 1989,18
'21 Apr 1988,18
'29 May 1987,18
'03 Jul 1990,18
'13 Jan 1991,18
'21 Jul 1987,18
'13 Jun 1988,18
'02 Aug 1988,18
'13 May 1988,18
'21 Jun 1988,18
'31 Jul 1985,18
'10 Jun 1985,18
'31 Mar 1988,18
'22 Dec 1987,18
'22 Jul 1987,18
'22 Jun 1989,18
'16 Jan 1989,17
'31 May 1987,17
'28 Apr 1991,17
'17 Jul 1989,17
'24 Jul 1988,17
'07 Oct 1988,17
'12 Dec 1988,17
'09 Jan 1990,17
'29 Sep 1988,17
'07 Sep 1988,17
'11 Apr 1989,17
'09 Jul 1990,17
'04 Mar 1986,17
'18 Apr 1991,17
'26 Apr 1991,17
'01 Oct 1986,17
'27 Jul 1991,17
'03 Dec 1988,17
'04 Jan 1988,17
'18 May 1991,17
'13 Oct 1990,17
'15 Feb 1991,17
'03 Mar 1988,17
'18 Sep 1990,17
'15 Oct 1990,17
'15 Jul 1986,17
'24 Jun 1988,17
'14 Mar 1988,17
'24 Sep 1990,17
'09 Nov 1986,17
'25 Oct 1990,17
'19 Jun 1991,17
'08 Oct 1989,17
'19 Mar 1990,17
'27 Aug 1988,17
'19 May 1986,17
'16 Mar 1988,17
'19 May 1988,17
'12 Sep 1987,17
'09 Nov 1989,17
'16 Sep 1988,17
'03 Feb 1989,17
'13 Mar 1991,17
'19 Nov 1988,17
'14 Feb 1989,17
'09 Sep 1990,17
'23 Mar 1990,17
'01 Jun 1985,17
'10 Sep 1987,17
'20 Dec 1988,17
'11 Dec 1986,17
'20 Dec 1990,17
'17 Jan 1988,17
'20 Jan 1991,17
'31 Oct 1990,17
'04 Nov 1988,17
'24 Jun 1990,17
'10 Dec 1986,17
'24 May 1986,17
'20 Jun 1988,17
'11 Jun 1986,17
'02 Apr 1988,17
'11 Nov 1988,17
'21 Dec 1988,17
'16 Jul 1988,17
'21 Jan 1991,17
'03 Oct 1989,17
'15 Mar 1987,17
'03 Oct 1990,17
'05 Apr 1986,17
'08 Oct 1990,17
'21 Mar 1989,17
'27 Jul 1988,17
'06 Apr 1987,17
'27 Jun 1991,17
'21 Nov 1989,17
'05 Dec 1989,17
'21 Nov 1990,17
'12 Oct 1990,17
'21 Sep 1988,17
'04 Feb 1990,17
'22 Apr 1990,17
'13 Apr 1991,17
'22 Aug 1987,17
'16 Sep 1989,17
'22 Jul 1989,17
'13 Jul 1991,17
'02 Feb 1991,17
'30 Mar 1991,17
'10 May 1984,17
'13 Sep 1990,17
'22 Nov 1989,17
'31 Mar 1991,17
'10 May 1992,17
'02 Mar 1990,17
'23 Jul 1988,17
'24 Dec 1990,17
'26 Dec 1986,16
'29 Jan 1990,16
'19 Oct 1988,16
'05 Jun 1992,16
'02 Jun 1992,16
'02 Apr 1987,16
'27 Jul 1989,16
'14 Mar 1991,16
'13 Apr 1986,16
'10 Jan 1989,16
'03 Feb 1991,16
'18 Jul 1990,16
'02 Nov 1989,16
'20 Nov 1990,16
'26 Nov 1989,16
'21 Apr 1989,16
'27 Jun 1989,16
'21 Aug 1987,16
'14 Sep 1988,16
'21 Dec 1989,16
'28 Sep 1987,16
'21 Jan 1989,16
'29 Mar 1991,16
'15 Dec 1988,16
'30 Apr 1991,16
'03 Jun 1985,16
'20 Dec 1987,16
'03 Apr 1986,16
'14 Nov 1990,16
'18 Jun 1989,16
'12 Apr 1990,16
'21 May 1986,16
'12 Jul 1989,16
'15 Dec 1990,16
'08 Dec 1990,16
'09 Mar 1989,16
'17 Nov 1989,16
'07 May 1985,16
'07 Dec 1989,16
'10 Mar 1987,16
'28 Mar 1988,16
'22 Aug 1990,16
'19 Sep 1990,16
'01 Jul 1991,16
'29 Apr 1988,16
'07 Nov 1986,16
'10 Apr 1985,16
'10 May 1985,16
'07 Jan 1988,16
'06 Dec 1989,16
'29 Sep 1990,16
'03 Dec 1989,16
'16 Sep 1990,16
'06 Feb 1991,16
'20 Aug 1990,16
'05 Jun 1984,16
'09 Dec 1990,16
'23 Jul 1990,16
'14 Feb 1991,16
'23 Jun 1986,16
'11 Sep 1989,16
'23 Jun 1990,16
'19 Mar 1991,16
'03 Apr 1988,16
'05 Jan 1987,16
'17 Jun 1990,16
'27 Apr 1989,16
'23 Nov 1987,16
'09 Nov 1990,16
'18 Oct 1987,16
'12 Jun 1986,16
'18 Oct 1988,16
'16 Jun 1991,16
'23 Oct 1989,16
'01 May 1986,16
'23 Oct 1990,16
'01 Jan 1991,16
'23 Sep 1987,16
'27 Sep 1989,16
'19 Apr 1990,16
'28 Dec 1990,16
'15 Jan 1990,16
'28 Jul 1990,16
'19 Dec 1990,16
'09 Apr 1991,16
'19 Jul 1987,16
'13 Apr 1987,16
'24 Jun 1991,16
'28 Nov 1987,16
'19 Jul 1989,16
'28 Sep 1988,16
'24 Mar 1991,16
'29 Apr 1989,16
'17 Mar 1987,16
'09 Aug 1988,16
'01 Jan 1989,16
'13 Aug 1989,16
'16 Apr 1987,16
'16 Oct 1986,16
'24 Nov 1988,16
'05 Feb 1988,16
'24 Oct 1986,16
'29 Sep 1989,16
'24 Oct 1990,16
'07 Jul 1987,16
'08 Aug 1988,16
'30 Aug 1988,16
'25 Aug 1987,16
'07 Jul 1991,16
'25 Feb 1990,16
'30 Mar 1990,16
'25 Jan 1990,16
'13 Oct 1988,16
'25 Jan 1991,16
'14 Apr 1989,16
'06 Mar 1987,16
'14 Apr 1990,16
'16 Jan 1990,16
'09 Feb 1988,16
'25 Nov 1990,16
'11 Sep 1987,16
'25 Dec 1985,16
'22 Apr 1988,15
'14 Nov 1987,15
'29 Nov 1990,15
'01 Mar 1990,15
'07 Mar 1987,15
'16 Aug 1990,15
'10 Dec 1990,15
'16 Feb 1988,15
'17 Jul 1988,15
'03 Nov 1987,15
'30 Oct 1986,15
'11 Nov 1989,15
'05 Aug 1989,15
'02 Oct 1990,15
'29 Jul 1987,15
'16 Jan 1991,15
'11 Feb 1991,15
'20 Nov 1989,15
'08 Nov 1986,15
'05 Feb 1991,15
'07 Nov 1989,15
'06 Jul 1987,15
'04 Jun 1985,15
'23 Aug 1986,15
'18 Aug 1990,15
'23 Aug 1989,15
'15 Nov 1990,15
'19 Mar 1989,15
'28 Oct 1989,15
'03 Jul 1986,15
'24 Jun 1987,15
'26 Feb 1991,15
'22 Aug 1988,15
'23 Dec 1990,15
'21 Feb 1991,15
'23 Feb 1991,15
'07 Jul 1986,15
'07 Sep 1990,15
'29 Oct 1990,15
'26 Mar 1987,15
'03 Jan 1988,15
'12 Dec 1990,15
'04 Jan 1990,15
'05 Feb 1989,15
'20 Aug 1989,15
'12 Jan 1988,15
'25 Apr 1990,15
'12 Jan 1990,15
'25 Aug 1989,15
'23 Jul 1989,15
'31 Aug 1989,15
'26 Nov 1990,15
'17 Aug 1990,15
'20 Oct 1987,15
'22 Nov 1985,15
'27 Apr 1991,15
'19 Sep 1989,15
'05 Nov 1987,15
'15 Oct 1988,15
'09 Apr 1987,15
'09 Jul 1988,15
'06 Jul 1988,15
'10 Mar 1986,15
'23 Jun 1988,15
'22 Apr 1991,15
'10 Nov 1988,15
'15 Aug 1991,15
'02 Dec 1990,15
'29 Jun 1991,15
'05 Sep 1989,15
'16 Nov 1990,15
'05 Sep 1990,15
'10 Feb 1987,15
'03 Mar 1987,15
'11 Jul 1985,15
'10 Oct 1989,15
'22 Jan 1989,15
'04 Apr 1990,15
'29 Oct 1987,15
'02 Oct 1986,15
'05 Apr 1990,15
'04 Aug 1989,15
'08 Mar 1989,15
'01 Jul 1986,15
'24 Nov 1989,15
'05 Aug 1987,15
'30 Dec 1990,15
'14 Oct 1990,15
'02 Mar 1991,15
'20 Mar 1987,15
'06 Apr 1991,15
'28 Apr 1988,15
'04 Jul 1988,15
'07 Dec 1986,15
'13 May 1990,15
'07 Dec 1987,15
'25 Apr 1991,15
'18 Mar 1986,15
'10 Feb 1988,15
'21 Oct 1989,15
'15 Aug 1987,15
'21 Sep 1986,15
'08 Aug 1990,15
'20 Mar 1988,15
'31 Jan 1990,15
'28 Jun 1987,15
'14 Jun 1990,15
'12 Nov 1987,15
'05 May 1984,15
'23 Sep 1988,15
'03 Aug 1989,15
'23 Sep 1990,15
'06 Mar 1991,15
'24 Apr 1987,15
'11 May 1985,15
'01 Aug 1988,14
'17 Jul 1987,14
'06 Dec 1990,14
'17 Jun 1987,14
'24 Jan 1991,14
'12 Jul 1988,14
'16 Nov 1989,14
'02 Apr 1990,14
'02 Jan 1988,14
'08 Apr 1988,14
'06 Jan 1988,14
'01 Jun 1984,14
'17 Apr 1988,14
'21 Jul 1989,14
'14 Jan 1986,14
'23 Jul 1987,14
'17 Jan 1989,14
'20 May 1992,14
'29 Oct 1988,14
'16 Apr 1986,14
'01 Dec 1986,14
'21 Jul 1991,14
'26 Jan 1990,14
'27 Jun 1986,14
'26 Jul 1990,14
'06 Sep 1990,14
'14 Apr 1987,14
'20 Nov 1987,14
'24 Jul 1990,14
'10 Aug 1990,14
'03 Jan 1990,14
'02 Dec 1988,14
'16 Dec 1990,14
'01 Dec 1987,14
'18 Feb 1989,14
'27 Mar 1986,14
'11 Oct 1987,14
'24 Nov 1990,14
'08 May 1987,14
'02 Feb 1988,14
'03 Jan 1987,14
'14 Oct 1988,14
'01 Aug 1987,14
'17 Nov 1990,14
'01 Aug 1989,14
'21 Mar 1988,14
'04 Jul 1986,14
'12 May 1985,14
'07 Jun 1985,14
'16 Mar 1990,14
'17 Apr 1987,14
'18 May 1985,14
'26 Jun 1987,14
'25 Apr 1987,14
'12 Aug 1990,14
'23 Mar 1989,14
'09 Nov 1988,14
'05 Jan 1990,14
'31 Dec 1987,14
'10 Nov 1989,14
'14 Apr 1991,14
'25 Aug 1986,14
'18 Aug 1989,14
'17 Oct 1988,14
'08 Jul 1986,14
'04 Nov 1990,14
'27 Apr 1988,14
'10 Oct 1987,14
'10 Jan 1987,14
'28 Dec 1989,14
'17 Mar 1989,14
'18 Nov 1990,14
'13 Dec 1990,14
'28 Feb 1988,14
'10 Aug 1989,14
'28 Feb 1990,14
'07 Oct 1990,14
'05 Apr 1985,14
'10 Dec 1989,14
'28 Jan 1991,14
'15 Nov 1988,14
'01 Mar 1987,14
'07 Nov 1988,14
'25 Dec 1989,14
'16 Jul 1986,14
'07 Feb 1986,14
'26 Apr 1986,14
'08 Nov 1990,14
'19 Mar 1988,14
'12 Oct 1988,14
'14 Jun 1986,14
'28 Mar 1986,14
'30 Jan 1988,14
'25 Feb 1988,14
'26 Dec 1990,14
'02 May 1987,14
'18 Sep 1989,14
'04 Oct 1987,14
'13 Mar 1986,14
'19 Sep 1988,14
'26 Jan 1991,14
'07 Feb 1989,14
'13 May 1987,14
'22 Mar 1988,14
'16 Jun 1985,14
'06 Dec 1986,14
'26 Jul 1991,14
'25 Jul 1985,14
'04 Jul 1991,14
'05 Aug 1991,14
'01 Jan 1987,14
'02 Nov 1986,14
'06 Jan 1990,14
'06 Mar 1988,14
'02 Mar 1986,14
'14 Nov 1988,14
'26 Mar 1990,14
'11 Mar 1991,14
'06 May 1991,14
'18 Dec 1986,14
'22 Sep 1990,14
'06 Mar 1989,14
'23 Apr 1988,14
'29 Apr 1990,14
'21 Sep 1987,14
'29 Aug 1986,14
'08 Sep 1985,14
'23 Oct 1986,14
'26 Nov 1985,14
'29 Jul 1985,14
'15 Sep 1989,14
'23 Oct 1987,14
'20 Mar 1986,14
'23 Oct 1988,14
'14 Oct 1987,14
'16 Dec 1988,14
'09 Aug 1989,14
'15 Jan 1991,14
'30 Nov 1990,13
'12 Apr 1987,13
'17 May 1986,13
'15 May 1984,13
'06 May 1986,13
'12 Oct 1989,13
'28 Dec 1988,13
'04 Oct 1988,13
'22 Mar 1990,13
'19 Oct 1986,13
'08 Dec 1988,13
'15 May 1992,13
'01 Oct 1988,13
'15 Nov 1985,13
'31 Mar 1987,13
'25 Apr 1986,13
'28 Jul 1988,13
'15 Nov 1987,13
'22 Jun 1988,13
'07 Feb 1988,13
'28 Sep 1990,13
'04 Oct 1990,13
'29 May 1986,13
'13 Apr 1988,13
'29 Oct 1989,13
'02 Mar 1988,13
'12 Jan 1989,13
'13 Aug 1987,13
'18 Nov 1987,13
'20 Apr 1991,13
'07 Apr 1986,13
'20 Aug 1987,13
'04 Nov 1989,13
'25 Feb 1989,13
'22 Dec 1988,13
'25 Jan 1987,13
'28 Jul 1991,13
'05 Nov 1986,13
'22 Jun 1986,13
'04 Feb 1988,13
'08 Apr 1987,13
'05 Nov 1990,13
'02 Oct 1987,13
'09 Dec 1987,13
'22 Oct 1989,13
'16 Feb 1990,13
'18 Feb 1988,13
'13 Jun 1985,13
'18 Jul 1988,13
'05 Sep 1986,13
'23 Jan 1991,13
'02 Mar 1989,13
'23 Jul 1991,13
'20 Mar 1985,13
'15 Aug 1989,13
'25 Nov 1987,13
'23 May 1986,13
'25 Oct 1989,13
'06 Nov 1989,13
'09 Jan 1991,13
'23 Sep 1985,13
'06 Apr 1986,13
'30 Sep 1990,13
'20 Mar 1991,13
'08 Mar 1990,13
'26 Apr 1987,13
'24 Jun 1986,13
'13 Mar 1989,13
'03 Aug 1988,13
'01 Feb 1988,13
'02 Jul 1991,13
'26 Aug 1987,13
'22 Jan 1990,13
'26 Aug 1989,13
'28 Jul 1989,13
'11 Apr 1985,13
'05 Jul 1985,13
'11 Apr 1987,13
'09 Oct 1989,13
'11 Apr 1988,13
'02 Jun 1985,13
'07 Mar 1986,13
'09 Sep 1988,13
'01 Feb 1991,13
'02 Dec 1987,13
'20 Sep 1990,13
'28 Nov 1986,13
'13 Oct 1987,13
'14 May 1991,13
'26 Mar 1986,13
'17 Sep 1988,13
'16 Nov 1987,13
'29 Jun 1987,13
'21 Dec 1986,13
'05 Jun 1983,13
'16 Nov 1988,13
'23 Apr 1991,13
'21 Dec 1990,13
'18 Jan 1989,13
'21 Feb 1989,13
'18 Jul 1989,13
'13 Sep 1987,13
'23 Jan 1990,13
'13 Sep 1989,13
'18 Jun 1985,13
'16 Oct 1987,13
'06 Mar 1990,13
'06 Aug 1989,13
'03 Nov 1989,13
'26 Oct 1990,13
'04 Mar 1988,13
'11 Jan 1988,13
'23 Mar 1988,13
'11 Jan 1989,13
'23 Mar 1991,13
'27 Dec 1990,13
'04 Mar 1991,13
'11 Jul 1986,13
'23 Nov 1986,13
'17 Apr 1991,13
'18 Nov 1985,13
'17 Aug 1989,13
'12 Jul 1991,13
'17 Dec 1988,13
'18 Oct 1989,13
'03 Mar 1990,13
'01 Sep 1989,13
'17 Feb 1991,13
'31 Aug 1988,13
'21 Nov 1988,13
'07 Apr 1987,13
'21 Oct 1988,13
'19 Jun 1986,13
'04 Jul 1987,13
'05 Mar 1989,13
'05 Feb 1987,13
'01 Dec 1990,13
'08 Nov 1987,13
'04 Aug 1988,13
'01 Dec 1985,13
'28 Aug 1989,13
'27 Sep 1988,13
'02 Feb 1989,12
'05 Dec 1988,12
'08 Dec 1987,12
'27 Nov 1989,12
'01 Mar 1988,12
'02 Jul 1986,12
'02 Feb 1990,12
'22 Apr 1987,12
'21 Jul 1986,12
'27 Sep 1986,12
'09 Mar 1987,12
'13 Aug 1988,12
'08 Jun 1985,12
'07 May 1992,12
'12 Mar 1986,12
'04 Jul 1989,12
'21 Oct 1990,12
'17 Jun 1986,12
'29 Nov 1986,12
'28 Apr 1990,12
'10 Nov 1985,12
'16 Jul 1990,12
'16 Feb 1991,12
'02 Jul 1988,12
'27 Dec 1985,12
'16 Jul 1991,12
'18 Nov 1988,12
'01 Dec 1988,12
'01 Sep 1987,12
'25 Dec 1988,12
'31 Aug 1990,12
'09 Nov 1987,12
'17 Jan 1986,12
'24 Oct 1988,12
'06 Feb 1989,12
'28 Feb 1986,12
'24 Nov 1986,12
'03 Jan 1989,12
'25 Jun 1991,12
'28 Feb 1989,12
'26 Nov 1987,12
'07 Dec 1988,12
'26 Oct 1989,12
'28 Feb 1991,12
'10 Aug 1991,12
'17 Mar 1988,12
'04 Dec 1987,12
'07 Jan 1991,12
'18 Mar 1990,12
'28 Jul 1986,12
'15 Dec 1986,12
'28 Jul 1987,12
'15 Feb 1987,12
'04 Jan 1987,12
'27 Feb 1991,12
'26 Apr 1990,12
'13 Jun 1987,12
'22 Jul 1985,12
'31 Oct 1986,12
'24 Sep 1986,12
'17 Dec 1987,12
'28 Jun 1986,12
'11 Jul 1987,12
'13 Aug 1990,12
'31 Dec 1989,12
'09 Oct 1988,12
'19 Jul 1988,12
'22 Jul 1988,12
'31 Mar 1986,12
'07 Dec 1990,12
'17 Jan 1987,12
'10 Sep 1986,12
'25 Oct 1988,12
'28 Mar 1987,12
'14 Jul 1986,12
'22 Jun 1985,12
'09 Dec 1988,12
'05 Aug 1988,12
'16 Aug 1991,12
'25 Jan 1989,12
'04 Feb 1989,12
'28 May 1985,12
'05 Oct 1990,12
'25 Apr 1985,12
'10 Aug 1988,12
'12 Sep 1988,12
'01 Nov 1989,12
'16 May 1985,12
'12 Dec 1987,12
'20 Nov 1988,12
'26 Sep 1990,12
'19 Oct 1990,12
'06 Dec 1987,12
'17 Nov 1988,12
'10 Dec 1988,12
'13 Nov 1989,12
'30 Dec 1987,12
'03 Nov 1986,12
'21 Jun 1986,12
'28 Oct 1987,12
'30 Jul 1984,12
'25 Jul 1986,12
'17 Apr 1989,12
'28 Oct 1990,12
'04 Mar 1990,12
'17 Oct 1987,12
'27 Dec 1987,12
'20 Feb 1987,12
'12 Sep 1990,12
'13 Oct 1986,12
'27 Feb 1989,12
'29 Apr 1987,12
'19 Nov 1989,12
'05 Oct 1987,12
'10 Feb 1990,12
'17 Sep 1990,12
'18 Oct 1986,12
'18 Apr 1987,12
'09 Feb 1989,12
'18 Apr 1988,12
'14 Dec 1990,12
'29 Aug 1988,12
'21 May 1985,12
'04 Mar 1985,12
'06 Sep 1988,12
'03 Nov 1988,12
'04 Sep 1990,12
'12 Apr 1986,12
'19 Nov 1990,12
'29 Jul 1989,12
'19 Aug 1989,12
'29 Jul 1990,12
'31 Dec 1990,12
'06 Aug 1986,12
'04 Feb 1987,12
'16 Aug 1986,12
'05 Mar 1986,12
'20 Feb 1991,12
'21 Nov 1987,12
'22 Sep 1987,12
'25 Nov 1988,12
'20 Jan 1988,12
'01 Dec 1989,12
'29 Mar 1987,12
'24 Jul 1991,12
'23 Apr 1986,12
'04 Feb 1991,12
'23 Apr 1987,12
'19 Mar 1987,12
'20 Jan 1990,12
'12 Nov 1990,12
'14 Oct 1989,12
'11 Aug 1988,12
'15 Sep 1987,12
'27 Sep 1990,11
'25 May 1984,11
'30 Jun 1985,11
'08 May 1986,11
'27 Aug 1991,11
'19 Oct 1985,11
'29 Jan 1988,11
'19 Oct 1987,11
'31 Jul 1986,11
'19 Sep 1987,11
'11 Feb 1988,11
'08 Nov 1988,11
'27 Mar 1989,11
'13 Dec 1987,11
'04 Aug 1990,11
'20 Feb 1990,11
'08 Jan 1990,11
'20 Jul 1985,11
'30 May 1992,11
'13 Feb 1991,11
'16 Jan 1988,11
'13 Jan 1986,11
'16 Mar 1991,11
'01 Sep 1988,11
'26 Sep 1989,11
'06 Dec 1988,11
'11 Jun 1987,11
'09 Aug 1990,11
'11 May 1984,11
'13 May 1985,11
'28 Feb 1987,11
'20 Oct 1989,11
'28 Oct 1988,11
'21 Apr 1985,11
'03 Aug 1987,11
'06 Jan 1987,11
'30 Dec 1989,11
'21 Apr 1991,11
'30 Mar 1988,11
'13 Nov 1988,11
'19 Feb 1991,11
'21 Aug 1988,11
'31 May 1985,11
'21 Dec 1985,11
'25 Mar 1986,11
'21 Feb 1987,11
'25 Sep 1986,11
'21 Feb 1988,11
'11 Aug 1987,11
'13 Oct 1989,11
'11 Jan 1987,11
'21 Jan 1987,11
'07 Nov 1987,11
'09 Jan 1988,11
'27 Feb 1988,11
'21 Jan 1990,11
'27 Mar 1985,11
'13 Sep 1988,11
'27 Nov 1987,11
'06 Jan 1991,11
'17 Mar 1990,11
'21 Jun 1987,11
'07 Sep 1989,11
'09 Jul 1985,11
'17 Sep 1989,11
'09 Jul 1986,11
'18 Dec 1988,11
'21 Mar 1986,11
'29 Aug 1989,11
'21 Mar 1987,11
'29 Jun 1989,11
'14 Aug 1986,11
'18 May 1986,11
'21 Mar 1990,11
'30 Aug 1986,11
'21 Mar 1991,11
'05 Nov 1988,11
'21 May 1984,11
'01 Sep 1985,11
'06 Jul 1986,11
'01 Sep 1986,11
'09 Jun 1985,11
'30 Nov 1989,11
'04 Mar 1989,11
'31 Dec 1988,11
'14 Jan 1989,11
'12 Mar 1987,11
'22 Feb 1986,11
'31 Oct 1988,11
'22 Feb 1988,11
'16 Jul 1985,11
'03 Jun 1983,11
'10 Oct 1986,11
'02 Aug 1989,11
'16 Jun 1986,11
'14 Mar 1989,11
'16 Mar 1989,11
'22 Mar 1989,11
'03 Sep 1987,11
'22 Oct 1985,11
'11 Dec 1984,11
'14 Oct 1986,11
'26 May 1985,11
'22 Sep 1988,11
'17 Aug 1988,11
'03 Jun 1992,11
'27 Apr 1986,11
'23 Aug 1988,11
'27 Aug 1989,11
'09 Sep 1987,11
'02 Sep 1989,11
'06 Nov 1985,11
'07 Oct 1985,11
'06 Nov 1987,11
'17 Jun 1985,11
'23 Jun 1985,11
'27 Mar 1988,11
'06 Nov 1988,11
'27 May 1984,11
'15 Dec 1985,11
'07 Sep 1985,11
'23 Mar 1986,11
'27 Oct 1989,11
'06 Oct 1988,11
'17 May 1985,11
'06 Oct 1989,11
'28 Apr 1987,11
'15 Jan 1988,11
'28 Dec 1986,11
'15 Jan 1989,11
'28 Jan 1988,11
'06 Sep 1986,11
'11 Oct 1986,11
'01 Aug 1990,11
'18 Apr 1989,11
'24 Apr 1986,11
'28 Nov 1989,11
'15 Jun 1984,11
'12 Apr 1985,11
'01 Aug 1986,11
'29 Aug 1990,11
'24 Aug 1989,11
'29 Jul 1986,11
'10 Jan 1986,11
'04 Dec 1990,11
'24 Jul 1986,11
'12 Feb 1986,11
'03 May 1984,11
'01 Mar 1985,11
'24 Mar 1987,11
'30 Apr 1989,11
'24 Mar 1988,11
'30 Dec 1988,11
'24 May 1985,11
'30 Jan 1991,11
'02 Nov 1988,11
'19 Apr 1988,11
'15 Nov 1989,11
'19 Aug 1985,11
'07 Feb 1987,11
'19 Aug 1990,11
'24 Nov 1991,11
'19 Dec 1986,11
'24 Oct 1987,11
'19 Feb 1987,11
'15 Oct 1989,11
'30 Nov 1987,11
'24 Sep 1987,11
'30 Oct 1987,11
'07 Jan 1986,11
'31 Aug 1986,11
'02 Nov 1990,11
'31 Jan 1991,11
'25 Feb 1986,11
'31 Jul 1987,11
'25 Feb 1987,11
'01 Mar 1986,11
'25 Jan 1988,11
'05 Sep 1988,11
'16 Dec 1989,11
'25 Jul 1987,11
'08 Feb 1988,10
'08 Apr 1986,10
'19 Feb 1988,10
'13 Dec 1985,10
'28 Sep 1986,10
'24 Apr 1985,10
'03 Dec 1985,10
'09 Feb 1990,10
'03 Feb 1984,10
'07 Apr 1985,10
'04 Nov 1986,10
'03 Mar 1989,10
'22 Sep 1989,10
'03 Feb 1988,10
'08 Jan 1989,10
'24 Aug 1986,10
'19 Apr 1991,10
'24 Aug 1987,10
'31 Jan 1989,10
'13 Dec 1989,10
'09 Dec 1986,10
'24 Dec 1989,10
'17 Oct 1990,10
'15 Jun 1992,10
'14 Nov 1986,10
'24 Feb 1987,10
'06 Feb 1990,10
'24 Feb 1991,10
'09 Feb 1987,10
'24 Jan 1987,10
'29 Nov 1985,10
'15 Mar 1986,10
'30 Apr 1985,10
'12 Nov 1988,10
'30 Jul 1986,10
'24 Jun 1985,10
'15 Aug 1988,10
'15 May 1983,10
'30 Oct 1989,10
'10 Jul 1985,10
'10 Dec 1985,10
'24 Mar 1986,10
'03 Jun 1984,10
'20 Jan 1989,10
'22 Mar 1986,10
'10 Jun 1984,10
'11 Nov 1986,10
'02 Nov 1987,10
'11 Nov 1990,10
'20 Jul 1984,10
'11 Oct 1988,10
'13 Sep 1991,10
'28 Nov 1990,10
'15 Oct 1985,10
'09 Oct 1985,10
'15 Oct 1986,10
'29 Dec 1987,10
'14 Apr 1986,10
'08 Dec 1985,10
'24 Oct 1984,10
'14 Sep 1985,10
'21 Jun 1985,10
'09 Oct 1991,10
'05 Dec 1985,10
'29 Nov 1988,10
'24 Oct 1989,10
'14 Sep 1990,10
'13 Feb 1990,10
'23 Dec 1987,10
'24 Sep 1989,10
'18 Sep 1987,10
'10 Mar 1985,10
'19 Apr 1989,10
'15 Sep 1988,10
'20 Sep 1989,10
'16 Apr 1985,10
'21 Apr 1987,10
'25 Aug 1988,10
'15 Dec 1987,10
'03 Nov 1984,10
'31 Jan 1987,10
'02 Oct 1985,10
'19 Jul 1991,10
'02 Oct 1988,10
'21 Aug 1990,10
'25 Jun 1984,10
'27 Nov 1988,10
'03 Oct 1985,10
'27 Oct 1986,10
'25 Mar 1985,10
'02 Aug 1990,10
'09 Apr 1985,10
'22 Mar 1987,10
'03 Oct 1986,10
'20 Nov 1986,10
'03 Oct 1987,10
'17 Oct 1989,10
'14 Dec 1985,10
'17 Sep 1987,10
'02 Jan 1986,10
'22 May 1984,10
'25 May 1992,10
'02 May 1984,10
'07 Mar 1988,10
'08 Aug 1985,10
'19 Nov 1986,10
'01 Jan 1986,10
'25 Sep 1989,10
'11 Sep 1991,10
'07 May 1984,10
'18 Feb 1991,10
'09 Jun 1984,10
'18 Jul 1986,10
'11 Aug 1990,10
'02 Apr 1986,10
'26 Feb 1986,10
'29 Dec 1989,10
'26 Feb 1987,10
'29 Jul 1988,10
'01 Feb 1987,10
'12 Aug 1988,10
'26 Jan 1986,10
'12 Aug 1989,10
'26 Jan 1988,10
'04 Feb 1986,10
'26 Jul 1986,10
'23 Apr 1990,10
'11 Dec 1988,10
'12 Feb 1989,10
'26 Jul 1988,10
'20 Oct 1988,10
'26 Jun 1986,10
'29 Oct 1985,10
'16 Sep 1991,10
'18 Nov 1986,10
'26 Mar 1989,10
'08 Jan 1991,10
'21 Sep 1990,10
'30 Apr 1987,10
'01 Apr 1986,10
'30 Aug 1989,10
'26 Nov 1988,10
'23 Feb 1986,10
'26 Oct 1985,10
'18 Sep 1988,10
'14 Jan 1991,10
'23 Jan 1989,10
'06 Jun 1985,10
'05 Nov 1989,10
'17 Feb 1990,10
'20 Oct 1990,10
'22 Dec 1985,10
'30 Mar 1989,10
'27 Feb 1987,10
'19 Dec 1989,10
'09 Aug 1985,10
'15 Aug 1990,10
'27 Feb 1990,10
'30 Nov 1986,10
'11 Jul 1991,10
'30 Oct 1988,10
'27 Jan 1989,10
'19 Jan 1990,10
'27 Jan 1991,10
'31 Jan 1988,10
'27 Jul 1986,10
'04 Sep 1987,10
'17 Jan 1991,10
'21 Aug 1989,10
'27 Jun 1985,10
'05 Sep 1987,10
'22 Feb 1991,10
'19 May 1985,10
'22 Jan 1991,10
'03 Feb 1987,10
'15 Jul 1985,10
'24 Jan 1988,9
'02 Sep 1985,9
'14 Jun 1984,9
'06 Sep 1989,9
'23 Feb 1987,9
'23 Sep 1989,9
'15 Feb 1988,9
'13 Feb 1986,9
'09 Jan 1989,9
'01 Jun 1983,9
'17 Aug 1991,9
'27 Oct 1985,9
'27 Dec 1988,9
'14 Aug 1987,9
'08 Sep 1984,9
'27 Oct 1988,9
'04 Aug 1986,9
'09 Mar 1991,9
'07 Jan 1990,9
'07 Apr 1992,9
'26 May 1986,9
'03 Oct 1988,9
'16 Aug 1988,9
'20 Nov 1985,9
'04 May 1985,9
'14 Aug 1990,9
'16 Dec 1986,9
'07 Mar 1985,9
'02 Sep 1990,9
'05 Mar 1985,9
'16 Feb 1987,9
'10 Sep 1985,9
'08 Sep 1989,9
'28 Aug 1991,9
'20 Aug 1991,9
'07 Aug 1987,9
'24 Jan 1989,9
'11 Nov 1985,9
'08 Mar 1991,9
'21 Dec 1987,9
'12 Feb 1990,9
'11 Nov 1987,9
'08 Jan 1988,9
'14 May 1985,9
'25 Dec 1986,9
'24 Feb 1988,9
'06 Aug 1990,9
'14 May 1986,9
'01 Oct 1991,9
'25 Oct 1987,9
'21 Mar 1984,9
'28 Jan 1990,9
'18 Sep 1986,9
'24 Feb 1989,9
'06 Apr 1990,9
'11 Apr 1986,9
'22 Dec 1986,9
'25 Sep 1985,9
'15 Aug 1985,9
'14 Dec 1988,9
'20 Aug 1988,9
'18 Apr 1986,9
'01 Jun 1992,9
'12 Nov 1989,9
'01 Aug 1985,9
'24 Sep 1985,9
'10 Nov 1986,9
'22 Nov 1986,9
'19 Jan 1987,9
'18 Apr 1990,9
'22 Feb 1987,9
'04 Dec 1986,9
'20 May 1984,9
'18 Aug 1985,9
'22 Feb 1990,9
'01 Oct 1989,9
'20 Dec 1986,9
'28 Mar 1990,9
'08 Sep 1990,9
'18 Aug 1988,9
'27 Nov 1986,9
'01 Apr 1985,9
'21 Sep 1985,9
'08 Aug 1986,9
'24 May 1984,9
'18 Dec 1985,9
'11 Feb 1990,9
'08 Aug 1987,9
'13 Apr 1985,9
'05 Dec 1986,9
'11 Jan 1986,9
'18 Dec 1989,9
'29 Sep 1987,9
'18 Dec 1990,9
'12 Jul 1985,9
'28 Nov 1988,9
'18 Oct 1985,9
'21 Oct 1985,9
'13 Aug 1986,9
'26 Aug 1985,9
'30 Aug 1985,9
'02 Nov 1985,9
'01 Jul 1983,9
'08 Oct 1987,9
'23 Dec 1988,9
'18 Feb 1990,9
'18 Sep 1985,9
'26 Aug 1988,9
'06 Jun 1984,9
'03 Sep 1988,9
'27 Aug 1986,9
'29 Apr 1986,9
'23 Feb 1988,9
'26 Aug 1990,9
'25 Feb 1991,9
'18 Jan 1990,9
'06 May 1992,9
'29 Apr 1991,9
'27 Dec 1989,9
'24 Sep 1988,9
'02 Jul 1989,9
'24 Feb 1990,9
'30 Mar 1987,9
'02 Feb 1987,9
'08 Sep 1988,9
'29 Dec 1986,9
'19 Dec 1987,9
'26 Feb 1990,9
'14 Aug 1985,9
'13 Sep 1986,9
'20 Jun 1985,9
'05 Dec 1987,9
'16 Feb 1989,9
'29 Jan 1989,9
'13 Nov 1986,9
'04 Oct 1985,9
'13 Feb 1989,9
'08 Aug 1991,9
'10 Aug 1985,9
'26 Jan 1987,9
'19 Jan 1988,9
'02 Jun 1983,9
'19 Jan 1989,9
'12 Aug 1987,9
'19 Jan 1991,9
'03 Sep 1989,9
'19 Jul 1985,9
'16 Oct 1985,9
'07 Oct 1987,9
'05 Aug 1986,9
'20 Dec 1985,9
'07 Jan 1987,9
'06 Sep 1985,9
'12 Dec 1985,9
'19 Jun 1985,9
'06 Jan 1992,9
'31 Oct 1987,9
'18 Mar 1987,9
'14 Jun 1985,9
'02 Jul 1985,9
'11 Mar 1987,9
'14 Sep 1987,9
'27 Nov 1984,9
'16 Oct 1989,9
'26 Jun 1985,9
'04 Aug 1987,9
'03 Nov 1990,9
'19 Aug 1991,8
'29 Mar 1986,8
'12 Mar 1985,8
'10 Feb 1985,8
'23 Jan 1988,8
'11 Jan 1991,8
'13 Jan 1990,8
'13 Jul 1986,8
'31 May 1992,8
'26 Oct 1986,8
'29 Nov 1987,8
'26 Oct 1987,8
'25 Nov 1989,8
'26 Oct 1988,8
'26 Aug 1986,8
'07 Nov 1984,8
'10 Aug 1987,8
'27 Apr 1984,8
'14 Jul 1985,8
'05 Apr 1984,8
'29 Jun 1986,8
'02 Sep 1988,8
'23 Dec 1986,8
'27 Aug 1984,8
'06 Jul 1985,8
'27 Aug 1985,8
'04 Jan 1986,8
'24 Aug 1984,8
'18 Sep 1991,8
'24 Aug 1988,8
'03 Sep 1986,8
'17 Jan 1985,8
'30 Nov 1988,8
'24 Dec 1984,8
'06 Oct 1987,8
'27 Feb 1986,8
'21 Sep 1989,8
'24 Dec 1986,8
'03 Sep 1990,8
'22 Feb 1989,8
'08 Mar 1988,8
'13 Dec 1988,8
'31 Oct 1989,8
'01 Feb 1989,8
'03 Jan 1986,8
'27 Jan 1985,8
'07 Jun 1983,8
'27 Jan 1990,8
'25 Jun 1985,8
'22 Jan 1986,8
'29 Oct 1986,8
'22 Jan 1987,8
'29 Sep 1985,8
'24 Jan 1986,8
'03 Aug 1990,8
'07 Oct 1989,8
'10 Sep 1988,8
'27 Mar 1987,8
'12 Jun 1985,8
'24 Jul 1985,8
'20 Sep 1988,8
'09 May 1984,8
'30 Mar 1986,8
'11 Mar 1986,8
'14 Feb 1987,8
'03 May 1983,8
'30 Nov 1985,8
'11 Mar 1989,8
'19 Feb 1990,8
'17 Mar 1986,8
'30 Sep 1986,8
'09 Aug 1986,8
'26 Feb 1989,8
'22 Jul 1991,8
'05 Oct 1989,8
'07 Aug 1986,8
'12 Jun 1992,8
'14 Mar 1986,8
'04 Jul 1985,8
'14 Mar 1987,8
'12 Mar 1988,8
'07 Aug 1991,8
'31 May 1984,8
'28 Apr 1986,8
'11 Feb 1987,8
'05 Jun 1993,8
'04 Sep 1988,8
'22 Jun 1991,8
'08 Dec 1986,8
'28 Aug 1984,8
'19 Sep 1984,8
'28 Aug 1986,8
'16 Feb 1986,8
'17 Nov 1985,8
'23 Dec 1984,8
'24 Mar 1990,8
'12 Nov 1986,8
'21 Jul 1985,8
'14 Aug 1989,8
'06 Mar 1986,8
'12 Oct 1987,8
'06 Feb 1987,8
'03 Mar 1985,8
'01 Oct 1987,8
'18 May 1992,8
'06 Feb 1988,8
'14 Dec 1987,8
'15 Nov 1986,8
'23 Jan 1986,8
'17 Oct 1991,8
'21 May 1992,8
'17 Sep 1986,8
'20 Sep 1987,8
'17 Sep 1991,8
'25 Nov 1985,8
'08 Nov 1984,8
'10 Sep 1989,8
'13 Feb 1987,8
'10 Sep 1990,8
'02 May 1985,8
'06 Nov 1986,8
'01 Feb 1986,8
'16 Mar 1986,8
'24 Sep 1984,8
'21 Oct 1986,8
'06 May 1983,8
'30 Jun 1992,8
'04 Jun 1984,8
'16 May 1984,8
'18 Dec 1987,8
'21 Oct 1987,8
'22 Oct 1986,8
'19 Dec 1988,8
'22 Oct 1987,8
'13 Jan 1989,8
'28 May 1992,8
'06 Oct 1985,8
'14 Oct 1985,8
'19 Feb 1989,8
'25 Apr 1989,8
'26 Dec 1988,8
'28 Oct 1986,8
'11 Aug 1991,8
'22 Sep 1986,8
'30 Sep 1987,8
'28 Sep 1985,8
'20 Jun 1984,8
'09 Oct 1987,8
'10 Aug 1986,8
'06 Jul 1984,8
'01 May 1985,8
'28 Sep 1989,8
'14 Jan 1987,8
'11 Feb 1989,8
'02 Jul 1992,8
'25 Aug 1991,8
'31 Jul 1984,8
'18 Jan 1991,8
'14 Jan 1990,8
'16 Aug 1984,8
'06 Apr 1985,8
'04 Dec 1988,8
'31 Mar 1985,8
'29 Aug 1991,8
'05 Oct 1991,8
'29 Dec 1988,8
'12 May 1984,8
'20 Oct 1985,8
'15 Jul 1984,8
'29 Dec 1990,8
'16 Sep 1986,8
'20 Oct 1986,8
'26 Jun 1990,8
'08 Aug 1989,8
'22 Aug 1986,8
'06 Aug 1988,8
'17 Apr 1985,8
'09 Sep 1985,8
'16 Dec 1987,8
'07 Jul 1985,8
'09 Feb 1992,7
'01 Feb 1990,7
'18 Jan 1986,7
'29 Aug 1987,7
'21 Apr 1986,7
'11 Mar 1988,7
'18 Feb 1987,7
'04 Oct 1986,7
'28 Jan 1987,7
'06 Jan 1985,7
'13 Mar 1988,7
'02 Aug 1987,7
'28 Jun 1991,7
'05 Feb 1986,7
'14 Nov 1989,7
'20 Nov 1991,7
'24 Jan 1990,7
'17 Mar 1985,7
'31 Oct 1985,7
'15 Jul 1992,7
'02 Jan 1987,7
'07 Sep 1984,7
'24 Feb 1985,7
'27 May 1993,7
'15 Dec 1984,7
'01 Jul 1985,7
'11 Jun 1985,7
'02 Sep 1986,7
'22 Nov 1984,7
'02 Jul 1984,7
'17 Jul 1985,7
'16 Dec 1984,7
'04 Sep 1989,7
'22 Dec 1989,7
'10 Feb 1986,7
'17 Feb 1989,7
'08 Jun 1992,7
'14 Jun 1992,7
'11 Feb 1985,7
'26 Nov 1986,7
'29 Aug 1985,7
'12 Aug 1986,7
'19 Sep 1986,7
'22 Dec 1990,7
'23 Sep 1986,7
'23 Aug 1987,7
'30 Mar 1985,7
'13 Sep 1985,7
'05 Aug 1990,7
'07 Aug 1988,7
'04 Nov 1985,7
'05 Feb 1990,7
'11 Jul 1984,7
'02 May 1992,7
'23 Mar 1987,7
'08 Oct 1986,7
'17 Jan 1990,7
'14 Aug 1988,7
'28 Mar 1984,7
'13 Dec 1986,7
'04 Jun 1992,7
'27 Sep 1985,7
'26 Feb 1988,7
'23 Dec 1985,7
'13 May 1983,7
'07 Sep 1986,7
'09 Jan 1986,7
'24 Mar 1984,7
'08 Sep 1987,7
'11 May 1986,7
'13 Nov 1987,7
'18 May 1984,7
'06 Feb 1985,7
'12 Feb 1987,7
'07 Jan 1989,7
'24 Mar 1985,7
'08 Mar 1985,7
'16 Jan 1987,7
'17 Dec 1989,7
'21 Aug 1985,7
'18 Jan 1988,7
'29 May 1992,7
'17 Feb 1986,7
'05 Feb 1992,7
'15 Aug 1984,7
'05 Jan 1985,7
'15 Aug 1986,7
'06 Mar 1985,7
'14 Feb 1984,7
'23 Dec 1989,7
'06 Jan 1986,7
'12 Jan 1985,7
'17 Dec 1986,7
'07 Sep 1987,7
'30 Mar 1984,7
'25 Jun 1992,7
'27 Jan 1988,7
'09 Jun 1992,7
'03 Sep 1985,7
'20 Dec 1989,7
'19 Dec 1985,7
'20 Sep 1985,7
'22 May 1985,7
'22 Mar 1984,7
'11 Aug 1984,7
'02 Jun 1984,7
'19 Feb 1984,7
'03 Sep 1991,7
'18 Apr 1985,7
'29 Sep 1986,7
'26 Sep 1987,7
'03 Mar 1986,7
'09 Mar 1986,7
'05 Apr 1992,7
'16 Nov 1986,7
'23 Jan 1987,7
'30 Nov 1991,7
'12 Jul 1986,7
'26 Dec 1987,7
'30 Apr 1982,7
'02 May 1986,7
'25 May 1983,7
'14 Nov 1985,7
'27 Feb 1985,7
'30 Sep 1988,7
'07 Jun 1992,7
'09 Jul 1984,7
'08 Jul 1985,7
'31 Aug 1987,7
'17 Nov 1986,7
'23 May 1985,7
'16 Jun 1984,7
'19 Jul 1981,7
'17 Dec 1985,7
'17 Jul 1986,7
'21 Nov 1986,7
'03 Jan 1985,7
'09 Aug 1987,7
'02 Apr 1984,7
'28 Dec 1987,7
'01 Jan 1985,7
'05 Jul 1984,7
'09 Jan 1987,7
'30 Dec 1984,7
'06 Aug 1987,7
'23 Jul 1985,7
'05 Jun 1982,7
'23 Jul 1986,7
'22 Sep 1985,7
'17 Nov 1987,7
'12 Apr 1984,7
'19 Nov 1985,7
'08 Oct 1985,7
'10 Jan 1985,7
'13 Jul 1985,7
'30 Jan 1989,7
'24 Jul 1984,7
'26 May 1983,7
'08 Mar 1986,7
'01 Feb 1985,7
'18 Jan 1987,7
'25 Oct 1984,7
'20 Jan 1992,7
'17 Oct 1985,7
'11 Mar 1983,7
'25 Oct 1986,7
'17 Aug 1986,7
'21 Aug 1986,7
'17 Feb 1987,7
'01 Mar 1983,7
'20 Aug 1986,7
'15 Nov 1984,7
'15 Sep 1991,7
'27 Oct 1987,6
'25 Nov 1984,6
'30 Aug 1990,6
'08 Feb 1987,6
'07 Dec 1984,6
'08 Feb 1990,6
'18 Aug 1987,6
'20 Apr 1985,6
'25 Jan 1986,6
'12 Oct 1986,6
'26 Feb 1985,6
'12 Sep 1984,6
'27 Jul 1984,6
'13 Apr 1984,6
'02 Jul 1982,6
'20 Jun 1983,6
'29 Jun 1985,6
'20 Jun 1992,6
'12 Jan 1986,6
'20 May 1982,6
'10 Jun 1983,6
'20 May 1983,6
'01 May 1992,6
'05 Mar 1984,6
'26 Mar 1985,6
'05 May 1983,6
'27 Dec 1984,6
'13 Jan 1987,6
'27 May 1982,6
'08 Mar 1992,6
'28 Apr 1984,6
'20 Sep 1986,6
'28 Jul 1985,6
'20 Sep 1991,6
'05 Aug 1985,6
'01 Mar 1992,6
'18 Nov 1991,6
'21 Aug 1984,6
'19 Apr 1987,6
'13 Jun 1984,6
'31 Aug 1991,6
'21 Aug 1991,6
'06 Nov 1990,6
'13 Mar 1984,6
'25 May 1981,6
'13 Mar 1987,6
'16 Jul 1984,6
'21 Feb 1990,6
'26 Apr 1985,6
'21 Jan 1986,6
'03 Feb 1985,6
'05 Nov 1984,6
'16 Oct 1988,6
'02 Nov 1983,6
'17 Aug 1987,6
'21 Jan 1992,6
'27 Jan 1984,6
'21 Jul 1984,6
'27 Jun 1992,6
'13 May 1984,6
'17 Mar 1984,6
'21 Mar 1985,6
'04 Sep 1985,6
'13 Oct 1984,6
'04 Sep 1986,6
'13 Oct 1985,6
'11 Jun 1984,6
'05 Oct 1986,6
'03 Jul 1984,6
'04 Apr 1985,6
'18 Dec 1991,6
'08 Sep 1991,6
'29 Feb 1988,6
'13 Oct 1991,6
'07 Nov 1985,6
'21 Nov 1985,6
'30 Aug 1987,6
'02 Aug 1983,6
'30 Dec 1985,6
'02 Aug 1986,6
'12 Feb 1988,6
'14 Apr 1984,6
'30 Sep 1991,6
'14 Aug 1991,6
'19 Mar 1986,6
'22 Feb 1985,6
'16 Aug 1987,6
'22 Jan 1988,6
'25 Mar 1984,6
'14 Feb 1988,6
'06 Oct 1986,6
'09 Feb 1985,6
'03 Dec 1986,6
'22 Jun 1992,6
'25 Nov 1986,6
'14 Jul 1983,6
'06 Sep 1984,6
'22 May 1986,6
'04 Mar 1992,6
'14 Jul 1992,6
'07 Apr 1984,6
'09 Jan 1992,6
'26 Jan 1989,6
'04 Dec 1985,6
'16 May 1992,6
'14 May 1984,6
'10 Oct 1985,6
'09 Jun 1983,6
'26 Nov 1991,6
'23 Aug 1984,6
'26 Sep 1988,6
'06 Feb 1986,6
'27 Aug 1987,6
'14 May 1992,6
'11 Aug 1985,6
'23 Aug 1991,6
'11 Aug 1986,6
'02 Sep 1984,6
'17 Jul 1984,6
'04 Dec 1991,6
'27 Mar 1990,6
'14 Oct 1984,6
'07 Jan 1992,6
'23 Feb 1990,6
'27 Oct 1984,6
'02 Sep 1987,6
'07 Jul 1984,6
'23 Jan 1992,6
'27 Sep 1991,6
'23 Mar 1985,6
'11 Jan 1990,6
'09 May 1985,6
'28 Aug 1992,6
'09 Nov 1985,6
'17 Oct 1986,6
'15 Feb 1986,6
'04 Sep 1991,6
'24 Apr 1983,6
'17 Sep 1985,6
'24 Apr 1984,6
'11 Mar 1985,6
'03 Apr 1984,6
'05 Aug 1984,6
'24 Aug 1985,6
'18 Feb 1986,6
'24 Aug 1991,6
'29 Apr 1985,6
'15 Jan 1992,6
'11 Nov 1991,6
'15 Jul 1983,6
'11 Sep 1985,6
'09 Sep 1986,6
'05 Dec 1991,6
'15 Jun 1983,6
'05 Feb 1985,6
'15 Mar 1984,6
'12 Dec 1986,6
'10 Dec 1984,6
'30 Dec 1983,6
'10 Dec 1991,6
'30 Jan 1986,6
'06 May 1985,6
'30 Jun 1984,6
'03 Aug 1986,6
'07 Sep 1991,6
'15 Nov 1991,6
'30 Nov 1983,6
'24 Sep 1991,6
'31 Aug 1985,6
'15 Sep 1985,6
'31 Dec 1986,6
'15 Sep 1986,6
'02 Mar 1985,6
'10 Jul 1984,6
'16 Dec 1985,6
'11 Jul 1992,5
'12 Jul 1992,5
'29 Sep 1991,5
'04 Apr 1992,5
'04 Oct 1991,5
'05 Sep 1991,5
'29 Dec 1991,5
'22 Apr 1992,5
'30 May 1984,5
'22 Dec 1984,5
'01 Sep 1991,5
'20 Feb 1985,5
'28 Aug 1988,5
'20 Feb 1986,5
'28 May 1984,5
'08 Feb 1986,5
'18 Mar 1985,5
'14 Feb 1986,5
'30 Jul 1983,5
'22 Jul 1983,5
'05 Jan 1988,5
'12 Sep 1985,5
'08 Nov 1982,5
'12 Sep 1986,5
'27 Mar 1984,5
'22 Mar 1985,5
'27 Sep 1987,5
'01 May 1984,5
'17 Oct 1984,5
'20 Jan 1985,5
'05 Nov 1991,5
'02 Aug 1991,5
'29 Apr 1984,5
'04 Aug 1991,5
'11 Oct 1985,5
'06 Aug 1991,5
'29 Nov 1984,5
'06 Dec 1984,5
'01 Aug 1991,5
'22 Nov 1991,5
'12 Feb 1985,5
'22 Oct 1984,5
'05 Jan 1986,5
'14 Mar 1985,5
'08 Apr 1992,5
'09 Jul 1992,5
'11 Apr 1984,5
'22 Sep 1991,5
'07 Feb 1985,5
'13 Apr 1983,5
'27 Jun 1984,5
'06 Dec 1991,5
'07 Jan 1985,5
'02 Oct 1991,5
'20 Aug 1984,5
'02 Apr 1983,5
'12 Oct 1985,5
'02 Dec 1982,5
'28 Dec 1984,5
'09 Mar 1984,5
'28 Jan 1985,5
'23 Feb 1989,5
'04 Sep 1992,5
'15 Apr 1984,5
'08 Oct 1991,5
'15 Apr 1985,5
'18 Dec 1992,5
'02 Dec 1985,5
'11 May 1993,5
'02 Dec 1986,5
'01 Oct 1984,5
'23 May 1992,5
'29 Jun 1984,5
'23 Nov 1981,5
'29 May 1984,5
'23 Nov 1985,5
'12 Aug 1984,5
'08 Jun 1984,5
'18 Oct 1991,5
'23 Oct 1984,5
'19 Apr 1986,5
'23 Oct 1985,5
'19 Aug 1986,5
'04 Jan 1984,5
'19 Dec 1991,5
'04 Jan 1985,5
'12 Jan 1987,5
'23 Oct 1991,5
'19 Jan 1985,5
'09 Oct 1984,5
'30 Oct 1991,5
'23 Sep 1991,5
'21 Sep 1984,5
'20 Mar 1984,5
'19 Mar 1985,5
'15 Jan 1985,5
'03 Feb 1992,5
'15 Jan 1986,5
'27 Dec 1986,5
'24 Dec 1985,5
'08 Nov 1985,5
'24 Feb 1986,5
'27 Jul 1985,5
'04 Jan 1992,5
'13 Mar 1985,5
'10 Apr 1984,5
'11 Dec 1987,5
'15 Jun 1982,5
'11 Dec 1991,5
'20 May 1981,5
'11 Feb 1992,5
'15 Mar 1985,5
'04 Sep 1984,5
'24 May 1983,5
'17 May 1984,5
'12 May 1992,5
'11 Jan 1992,5
'24 Nov 1985,5
'08 Nov 1991,5
'06 May 1982,5
'07 Jul 1992,5
'15 May 1993,5
'28 Jan 1984,5
'03 Aug 1991,5
'28 Jan 1986,5
'06 Nov 1984,5
'21 Jul 1992,5
'08 Mar 1984,5
'28 Jul 1984,5
'16 Apr 1992,5
'28 Jun 1985,5
'25 Jul 1984,5
'28 May 1982,5
'25 Jun 1983,5
'01 Nov 1991,5
'04 Mar 1984,5
'28 Sep 1991,5
'13 Jan 1984,5
'21 Mar 1992,5
'25 May 1982,5
'18 Jul 1984,5
'16 Jan 1984,5
'29 Jan 1987,5
'16 Jan 1986,5
'29 Jul 1984,5
'12 Nov 1985,5
'01 Oct 1985,5
'25 Oct 1985,5
'20 Dec 1984,5
'20 Oct 1991,5
'29 Mar 1984,5
'25 Oct 1991,5
'01 Aug 1984,5
'20 Apr 1984,5
'07 Oct 1984,5
'10 Mar 1992,5
'01 Dec 1991,5
'26 Apr 1984,5
'12 Aug 1991,5
'10 May 1983,5
'18 Sep 1984,5
'04 May 1982,5
'19 Apr 1984,5
'06 Sep 1991,5
'21 Nov 1991,5
'26 Aug 1991,5
'19 Apr 1992,5
'26 Jan 1992,5
'19 Aug 1988,5
'26 Jun 1983,5
'05 Sep 1985,5
'16 Nov 1985,5
'30 Mar 1992,5
'03 Feb 1986,5
'19 Feb 1986,5
'16 Nov 1991,5
'01 Sep 1984,5
'16 Oct 1984,5
'01 Jan 1992,5
'08 Jan 1986,5
'19 Jan 1986,5
'26 May 1992,5
'30 Oct 1985,5
'16 Sep 1987,5
'30 Sep 1985,5
'08 May 1992,5
'19 Jul 1986,5
'19 May 1984,5
'14 Apr 1985,5
'26 Sep 1985,5
'12 Jun 1984,5
'26 Sep 1991,5
'19 Mar 1992,5
'10 Sep 1991,5
'02 Jan 1985,5
'25 Apr 1984,4
'09 Dec 1991,4
'02 Jun 1982,4
'06 Dec 1985,4
'30 Sep 1984,4
'26 Jul 1984,4
'13 Feb 1985,4
'26 Jul 1985,4
'07 Oct 1991,4
'03 Sep 1983,4
'19 Sep 1991,4
'14 Mar 1984,4
'10 Nov 1984,4
'22 Jul 1992,4
'29 Dec 1985,4
'04 Dec 1983,4
'02 Apr 1985,4
'08 Jan 1985,4
'18 Nov 1984,4
'09 Oct 1983,4
'08 Jan 1992,4
'16 Oct 1983,4
'25 May 1993,4
'04 Dec 1984,4
'25 Sep 1991,4
'15 Feb 1985,4
'12 Jun 1980,4
'04 May 1992,4
'01 Oct 1983,4
'01 Jul 1984,4
'20 Nov 1984,4
'26 Nov 1983,4
'31 Oct 1991,4
'12 Sep 1991,4
'07 May 1994,4
'04 Nov 1984,4
'04 Apr 1983,4
'05 Jun 1980,4
'07 Nov 1991,4
'26 Oct 1984,4
'12 Aug 1985,4
'10 Oct 1991,4
'12 Dec 1983,4
'14 Jan 1985,4
'30 Jan 1985,4
'01 Mar 1984,4
'30 Jun 1982,4
'08 Jan 1987,4
'12 Jan 1984,4
'05 Mar 1982,4
'23 May 1983,4
'26 Sep 1986,4
'10 May 1982,4
'07 Dec 1985,4
'16 Mar 1985,4
'01 Nov 1983,4
'31 Jan 1992,4
'01 Nov 1984,4
'28 Nov 1985,4
'15 Feb 1992,4
'05 Oct 1985,4
'15 Jan 1983,4
'10 Feb 1992,4
'27 Apr 1985,4
'11 Nov 1984,4
'13 Aug 1991,4
'09 Mar 1985,4
'09 Jun 1982,4
'25 Feb 1985,4
'27 Apr 1992,4
'25 Feb 1992,4
'06 Aug 1983,4
'11 Oct 1991,4
'17 Dec 1984,4
'25 Jan 1992,4
'06 Jun 1983,4
'06 Feb 1992,4
'23 Apr 1984,4
'29 Nov 1983,4
'17 Feb 1983,4
'18 Nov 1983,4
'17 Feb 1985,4
'19 Nov 1991,4
'04 Oct 1984,4
'10 Jul 1992,4
'13 Dec 1984,4
'25 Mar 1987,4
'24 Dec 1991,4
'12 Dec 1984,4
'03 Jan 1984,4
'14 Sep 1986,4
'17 Feb 1992,4
'02 Feb 1986,4
'27 Jul 1982,4
'19 Aug 1983,4
'21 Dec 1993,4
'05 Sep 1984,4
'01 Apr 1984,4
'20 Jan 1986,4
'01 Nov 1985,4
'08 Apr 1985,4
'11 Aug 1989,4
'13 Aug 1985,4
'01 Jun 1982,4
'20 Jan 1987,4
'23 Apr 1985,4
'13 Jan 1992,4
'11 Dec 1985,4
'22 Aug 1984,4
'17 Jan 1992,4
'23 Nov 1991,4
'21 Feb 1986,4
'26 Dec 1985,4
'04 Jan 1991,4
'10 May 1993,4
'06 Aug 1984,4
'31 Jul 1992,4
'24 Jan 1985,4
'28 Nov 1984,4
'10 Apr 1983,4
'18 Aug 1991,4
'01 Jan 1983,4
'28 Oct 1985,4
'22 Aug 1985,4
'08 Sep 1986,4
'05 May 1992,4
'02 Feb 1985,4
'12 Nov 1991,4
'10 Jan 1983,4
'11 Feb 1986,4
'18 Jan 1985,4
'15 Jun 1980,4
'03 Jul 1992,4
'27 May 1992,4
'03 Jun 1982,4
'27 Nov 1982,4
'18 Jul 1985,4
'20 Apr 1992,4
'14 Oct 1983,4
'17 Jun 1992,4
'29 Jan 1991,4
'20 Feb 1992,4
'11 Oct 1984,4
'27 Nov 1992,4
'20 Jul 1992,4
'11 Jan 1984,4
'22 Jan 1984,4
'11 Jan 1985,4
'04 Jun 1993,4
'20 Mar 1993,4
'29 Jun 1992,4
'04 Jul 1984,4
'01 Apr 1992,4
'27 Sep 1984,4
'02 Jun 1980,4
'06 Jun 1992,4
'12 Apr 1983,4
'12 Oct 1984,4
'06 Nov 1992,4
'24 Jul 1992,4
'16 Dec 1983,4
'24 Jun 1983,4
'02 Dec 1984,4
'20 Jul 1982,4
'29 Nov 1991,4
'28 Aug 1985,4
'12 Aug 1982,4
'11 Jul 1983,4
'29 Sep 1984,4
'23 Aug 1985,4
'03 May 1993,4
'17 Nov 1984,4
'16 Dec 1991,4
'15 Mar 1992,4
'08 Feb 1985,4
'23 Aug 1993,4
'20 Oct 1983,4
'28 Dec 1985,4
'30 Aug 1983,4
'03 Jan 1992,4
'23 Jul 1984,4
'03 Aug 1985,4
'30 Aug 1991,4
'28 Dec 1991,4
'19 Apr 1985,4
'28 Feb 1984,4
'23 Jul 1992,4
'23 Dec 1983,4
'01 Sep 1983,4
'02 Apr 1992,4
'16 Jan 1985,4
'06 Mar 1992,4
'09 Aug 1991,4
'24 May 1992,4
'30 Jun 1983,4
'24 Nov 1984,4
'13 Jan 1985,4
'09 Feb 1993,4
'05 Feb 1993,4
'06 May 1981,4
'20 Feb 1983,4
'01 May 1983,4
'06 Oct 1992,4
'06 May 1984,4
'19 Feb 1985,4
'06 Apr 1984,4
'25 Nov 1991,4
'17 Oct 1992,4
'22 May 1992,4
'17 Sep 1983,4
'06 Jul 1983,4
'13 Nov 1985,4
'20 Feb 1984,4
'05 Apr 1983,4
'22 Apr 1986,4
'28 Jun 1984,4
'12 Jul 1984,4
'24 Oct 1983,4
'19 Jul 1984,4
'24 Oct 1985,4
'30 Sep 1982,4
'11 Jun 1992,4
'14 Dec 1983,4
'28 Mar 1985,4
'26 Aug 1984,4
'01 Jan 1984,4
'22 Feb 1984,4
'28 Mar 1992,4
'09 Apr 1992,4
'12 Nov 1984,4
'31 Dec 1991,4
'24 Oct 1991,4
'26 Jan 1984,4
'18 Apr 1992,4
'26 Jan 1985,4
'20 Aug 1992,4
'19 May 1982,4
'13 Dec 1991,4
'11 Mar 1992,4
'19 Nov 1984,4
'07 Dec 1983,4
'16 Oct 1992,4
'15 Nov 1983,3
'09 May 1980,3
'07 Nov 1982,3
'15 Sep 1981,3
'02 Jan 1984,3
'15 Sep 1983,3
'02 Nov 1991,3
'07 Jan 1983,3
'18 Mar 1992,3
'15 Sep 1984,3
'22 Apr 1984,3
'27 Mar 1983,3
'24 May 1993,3
'20 May 1993,3
'15 Apr 1992,3
'22 Sep 1993,3
'31 May 1983,3
'07 Jan 1984,3
'11 Sep 1986,3
'23 Apr 1982,3
'06 Mar 1983,3
'25 Dec 1982,3
'10 Aug 1983,3
'09 Feb 1986,3
'03 Apr 1992,3
'16 Apr 1982,3
'30 Jul 1982,3
'27 May 1981,3
'04 Jun 1981,3
'09 Nov 1984,3
'08 Nov 1983,3
'17 Jun 1983,3
'15 Oct 1983,3
'17 Jun 1984,3
'02 Oct 1983,3
'25 Feb 1983,3
'12 Mar 1992,3
'22 Aug 1991,3
'15 Jul 1993,3
'10 Jan 1992,3
'08 Feb 1992,3
'04 Sep 1983,3
'09 Mar 1992,3
'27 Nov 1980,3
'22 Sep 1983,3
'10 Jul 1982,3
'15 Mar 1982,3
'22 Jun 1983,3
'30 Apr 1983,3
'27 Nov 1985,3
'16 Sep 1984,3
'23 Oct 1983,3
'30 Dec 1986,3
'17 Jun 1993,3
'15 Apr 1981,3
'05 May 1993,3
'12 Feb 1982,3
'25 Jan 1981,3
'23 Mar 1984,3
'25 Jan 1984,3
'17 Aug 1984,3
'21 Jan 1985,3
'17 Aug 1992,3
'25 Jan 1985,3
'11 Apr 1992,3
'19 Oct 1991,3
'30 Oct 1992,3
'14 Jun 1982,3
'02 Feb 1984,3
'20 Aug 1985,3
'25 Apr 1983,3
'16 Aug 1985,3
'01 Nov 1986,3
'06 Feb 1984,3
'15 Oct 1992,3
'05 Nov 1985,3
'21 Apr 1983,3
'04 Apr 1993,3
'11 Sep 1984,3
'17 May 1981,3
'19 Sep 1981,3
'12 Nov 1992,3
'11 Sep 1988,3
'02 Sep 1993,3
'29 May 1983,3
'28 Apr 1985,3
'12 Apr 1982,3
'17 May 1983,3
'04 Apr 1984,3
'25 Jul 1981,3
'16 Nov 1983,3
'21 Jul 1983,3
'29 Oct 1982,3
'25 Jul 1982,3
'07 Aug 1985,3
'03 Apr 1983,3
'02 Apr 1982,3
'28 Apr 1992,3
'10 Oct 1984,3
'28 Aug 1983,3
'10 Aug 1984,3
'11 Jul 1982,3
'30 Aug 1984,3
'04 Mar 1982,3
'21 Nov 1984,3
'01 Dec 1981,3
'13 Sep 1983,3
'06 Nov 1991,3
'19 Apr 1983,3
'17 Nov 1982,3
'02 Aug 1984,3
'22 Nov 1983,3
'01 Oct 1992,3
'16 Aug 1992,3
'06 Aug 1985,3
'28 Dec 1982,3
'12 Feb 1984,3
'28 Dec 1983,3
'21 Dec 1983,3
'23 Sep 1984,3
'19 Dec 1984,3
'06 Oct 1983,3
'14 Apr 1992,3
'08 Feb 1989,3
'06 Jan 1989,3
'25 Jul 1992,3
'14 Apr 1983,3
'01 May 1977,3
'02 Sep 1992,3
'20 Jul 1983,3
'10 Feb 1983,3
'15 Dec 1991,3
'05 Mar 1983,3
'28 Feb 1985,3
'11 Aug 1983,3
'07 Jun 1981,3
'27 Jan 1983,3
'17 Nov 1991,3
'27 Jan 1987,3
'17 Oct 1983,3
'19 Jun 1983,3
'10 Jun 1981,3
'27 Jul 1981,3
'10 Jun 1982,3
'09 Dec 1983,3
'02 Mar 1992,3
'08 Aug 1992,3
'03 Nov 1985,3
'11 Aug 1993,3
'25 Mar 1983,3
'07 Feb 1992,3
'01 Dec 1984,3
'31 Oct 1983,3
'02 Apr 1993,3
'29 Jun 1983,3
'16 Feb 1985,3
'20 Dec 1983,3
'09 Jul 1983,3
'16 May 1980,3
'28 Jan 1993,3
'16 May 1983,3
'14 Apr 1993,3
'10 May 1994,3
'06 Oct 1984,3
'29 Mar 1985,3
'14 Nov 1984,3
'22 Oct 1991,3
'20 Oct 1984,3
'14 Sep 1982,3
'25 May 1980,3
'29 Mar 1992,3
'06 Aug 1992,3
'14 Sep 1984,3
'28 Jul 1993,3
'18 May 1983,3
'28 Jun 1981,3
'26 Jul 1982,3
'09 Oct 1986,3
'06 Mar 1982,3
'03 Dec 1984,3
'03 Oct 1991,3
'06 Jul 1992,3
'16 Nov 1982,3
'03 Jul 1985,3
'07 Oct 1986,3
'14 Feb 1983,3
'16 Nov 1984,3
'18 Apr 1984,3
'29 Oct 1984,3
'28 Mar 1983,3
'10 Apr 1992,3
'15 Feb 1993,3
'29 Oct 1992,3
'11 Mar 1984,3
'09 May 1982,3
'05 Oct 1983,3
'22 Sep 1984,3
'24 Apr 1992,3
'01 Feb 1984,3
'07 Mar 1983,3
'26 May 1984,3
'13 Apr 1992,3
'01 Mar 1993,3
'06 Oct 1991,3
'01 Jul 1992,3
'08 Jul 1983,3
'02 Dec 1992,3
'14 Jan 1992,3
'02 Dec 1993,3
'18 Aug 1984,3
'04 Nov 1983,3
'01 Apr 1982,3
'12 Oct 1991,3
'14 Nov 1991,3
'30 Aug 1992,3
'22 Apr 1985,3
'12 Oct 1992,3
'19 Sep 1992,3
'18 Sep 1992,3
'28 Nov 1983,3
'23 Jun 1984,3
'13 Aug 1992,3
'15 Mar 1993,3
'25 Oct 1983,3
'30 Jan 1987,3
'10 Jun 1994,3
'09 Jan 1985,3
'18 Aug 1992,3
'17 Apr 1984,3
'09 Sep 1982,3
'04 Jul 1992,3
'14 Mar 1983,3
'14 Dec 1984,3
'05 Aug 1983,3
'26 Oct 1991,3
'13 Dec 1983,3
'23 Jun 1992,3
'07 Mar 1992,3
'23 Jun 1993,3
'28 Oct 1991,3
'23 Mar 1983,3
'25 Sep 1984,3
'05 Jan 1983,3
'01 Jun 1981,3
'13 Aug 1984,3
'18 Feb 1985,3
'12 Feb 1992,3
'13 Oct 1979,3
'17 Aug 1983,3
'20 Dec 1982,3
'21 Dec 1984,3
'20 Sep 1983,3
'30 May 1981,3
'14 Jul 1981,3
'14 Mar 1992,3
'20 Jun 1981,3
'04 Nov 1991,3
'11 May 1992,3
'12 Nov 1983,3
'24 Feb 1984,3
'19 Jan 1984,3
'29 Aug 1983,3
'30 Nov 1984,3
'04 Feb 1985,3
'10 Feb 1984,3
'23 Jan 1984,3
'12 Jan 1992,3
'20 Mar 1992,3
'01 Mar 1982,3
'03 Jun 1977,3
'19 Jan 1992,3
'29 Dec 1984,3
'23 Mar 1992,3
'23 Jan 1985,3
'08 Mar 1983,3
'04 May 1980,3
'13 Jun 1992,3
'14 Aug 1992,3
'27 Jan 1986,3
'04 Jul 1981,3
'02 Feb 1983,3
'16 Jun 1992,3
'19 Jun 1982,3
'29 Dec 1992,3
'19 Jun 1984,3
'21 May 1982,3
'17 Jan 1982,3
'29 Feb 1992,3
'14 May 1983,3
'26 Apr 1992,3
'15 Aug 1983,3
'02 Dec 1983,3
'31 Jul 1982,3
'21 May 1983,3
'03 May 1981,3
'09 Sep 1991,3
'09 May 1992,3
'20 Jun 1982,3
'09 May 1993,3
'06 Apr 1983,3
'08 Dec 1983,3
'05 Jul 1992,3
'21 Sep 1991,3
'05 Aug 1992,3
'19 Nov 1981,3
'18 Jul 1992,3
'01 Aug 1992,3
'04 May 1983,3
'31 Oct 1984,3
'26 Dec 1991,3
'15 Sep 1980,3
'29 Jul 1992,3
'19 Oct 1984,3
'26 Feb 1994,2
'12 Jul 1983,2
'16 Sep 1983,2
'02 Feb 1978,2
'31 Mar 1992,2
'06 Apr 1982,2
'18 Oct 1984,2
'15 Oct 1981,2
'10 Apr 1993,2
'27 Jun 1993,2
'24 Nov 1983,2
'27 Mar 1982,2
'03 Dec 1991,2
'20 Nov 1993,2
'21 Nov 1983,2
'15 Oct 1984,2
'16 Nov 1993,2
'05 Mar 1981,2
'26 Oct 1982,2
'20 Jul 1981,2
'11 Apr 1983,2
'13 Mar 1993,2
'08 Aug 1983,2
'22 Dec 1980,2
'27 Jan 1992,2
'23 Feb 1993,2
'12 Mar 1994,2
'13 May 1982,2
'20 Jul 1993,2
'11 Feb 1984,2
'29 May 1993,2
'27 Mar 1992,2
'12 Aug 1983,2
'27 Mar 1993,2
'10 Oct 1979,2
'27 May 1976,2
'21 Oct 1984,2
'27 May 1980,2
'08 Jul 1984,2
'13 Feb 1992,2
'21 Sep 1982,2
'10 Feb 1993,2
'24 Jun 1992,2
'17 Jun 1981,2
'30 May 1993,2
'20 Mar 1983,2
'15 May 1981,2
'15 Oct 1991,2
'06 May 1980,2
'02 Jan 1992,2
'05 Jan 1993,2
'06 Jan 1981,2
'24 Nov 1992,2
'14 Dec 1981,2
'27 Jul 1992,2
'04 Oct 1992,2
'22 May 1994,2
'04 Sep 1982,2
'26 Dec 1992,2
'25 Apr 1993,2
'24 Dec 1982,2
'25 Aug 1982,2
'10 Nov 1982,2
'25 Aug 1984,2
'26 Jul 1981,2
'25 Aug 1985,2
'16 May 1993,2
'27 Nov 1983,2
'29 Sep 1983,2
'12 Nov 1981,2
'07 Aug 1981,2
'20 Apr 1981,2
'12 Dec 1982,2
'14 Sep 1980,2
'10 Oct 1982,2
'09 Dec 1985,2
'02 Feb 1992,2
'17 Mar 1982,2
'26 Nov 1984,2
'22 Feb 1979,2
'01 Jan 1982,2
'08 Jul 1982,2
'13 Feb 1984,2
'27 Nov 1991,2
'26 Sep 1983,2
'08 Oct 1983,2
'08 Apr 1983,2
'27 Oct 1983,2
'09 Aug 1983,2
'25 Dec 1983,2
'22 Apr 1982,2
'25 Dec 1984,2
'24 Mar 1992,2
'06 May 1993,2
'07 Feb 1984,2
'06 Nov 1982,2
'11 Aug 1981,2
'07 Jul 1983,2
'31 Aug 1983,2
'06 Nov 1983,2
'31 Dec 1980,2
'02 Nov 1984,2
'12 Jun 1983,2
'27 Oct 1992,2
'14 Aug 1984,2
'27 Sep 1979,2
'21 Jan 1981,2
'27 Sep 1982,2
'20 Nov 1992,2
'27 Sep 1983,2
'02 Mar 1984,2
'12 Sep 1982,2
'08 Dec 1991,2
'09 Mar 1993,2
'26 Dec 1984,2
'17 Mar 1992,2
'06 Jun 1965,2
'25 Dec 1991,2
'22 Nov 1982,2
'17 May 1979,2
'09 Oct 1992,2
'04 Aug 1980,2
'01 Aug 1983,2
'17 May 1982,2
'13 Sep 1978,2
'25 Feb 1984,2
'09 Jul 1972,2
'28 Apr 1982,2
'09 Jul 1979,2
'28 Apr 1983,2
'01 May 1993,2
'04 Aug 1983,2
'13 Sep 1982,2
'03 Aug 1993,2
'24 Feb 1983,2
'03 Dec 1978,2
'12 Apr 1992,2
'04 Aug 1984,2
'29 Oct 1991,2
'23 Jun 1979,2
'13 Sep 1984,2
'10 Jul 1983,2
'02 Nov 1981,2
'23 Jun 1981,2
'10 Nov 1991,2
'11 Jan 1993,2
'18 Sep 1983,2
'23 Jun 1983,2
'30 Apr 1992,2
'14 Dec 1991,2
'08 May 1993,2
'25 Jan 1982,2
'03 Mar 1983,2
'25 Jan 1983,2
'03 Oct 1984,2
'09 May 1983,2
'16 Oct 1991,2
'02 Jul 1981,2
'30 Dec 1991,2
'15 Apr 1980,2
'16 Sep 1985,2
'17 May 1993,2
'30 Jul 1979,2
'22 Feb 1993,2
'12 Dec 1991,2
'15 Apr 1983,2
'19 Aug 1984,2
'03 Dec 1983,2
'30 Jul 1992,2
'13 Aug 1994,2
'24 Jun 1984,2
'22 Jan 1985,2
'19 Aug 1992,2
'03 Sep 1993,2
'23 Apr 1980,2
'13 Dec 1981,2
'20 Nov 1980,2
'25 Jan 1993,2
'24 Mar 1983,2
'21 Jun 1984,2
'30 May 1983,2
'03 Jul 1981,2
'21 Dec 1991,2
'14 Feb 1985,2
'19 Feb 1992,2
'07 Jun 1977,2
'23 Aug 1980,2
'25 Jul 1983,2
'17 Dec 1983,2
'28 Feb 1983,2
'27 Dec 1982,2
'08 Mar 1993,2
'19 Jul 1982,2
'09 Dec 1992,2
'04 Oct 1982,2
'22 Jan 1994,2
'21 Feb 1983,2
'05 Oct 1981,2
'02 Jun 1993,2
'22 Jul 1984,2
'05 Jan 1992,2
'13 May 1992,2
'02 Oct 1992,2
'07 Jun 1982,2
'31 Dec 1983,2
'04 Feb 1992,2
'14 Nov 1982,2
'28 Feb 1992,2
'31 Jan 1985,2
'28 Jan 1983,2
'19 Jun 1992,2
'09 Feb 1984,2
'17 Jan 1984,2
'13 Nov 1983,2
'03 Mar 1992,2
'25 Jun 1980,2
'22 Aug 1983,2
'02 May 1981,2
'19 May 1983,2
'11 Jun 1982,2
'12 Mar 1984,2
'23 May 1984,2
'31 May 1982,2
'15 Apr 1993,2
'23 Feb 1982,2
'10 Jun 1977,2
'01 Jul 1982,2
'28 Jan 1992,2
'23 Feb 1985,2
'10 Jun 1978,2
'17 Jul 1981,2
'15 Aug 1982,2
'21 Aug 1983,2
'14 Feb 1992,2
'07 Nov 1983,2
'14 Feb 1993,2
'04 May 1984,2
'19 Oct 1981,2
'03 Dec 1992,2
'17 Sep 1984,2
'29 Mar 1980,2
'04 Feb 1993,2
'26 Feb 1983,2
'05 Apr 1981,2
'16 Mar 1992,2
'25 Mar 1981,2
'16 May 1982,2
'28 Jul 1992,2
'24 Aug 1992,2
'14 Jan 1984,2
'29 May 1981,2
'08 May 1981,2
'26 Feb 1992,2
'28 Jun 1982,2
'18 May 1980,2
'28 Jun 1983,2
'09 Sep 1984,2
'16 Feb 1984,2
'10 Nov 1983,2
'22 Jul 1993,2
'15 Jul 1980,2
'03 Jul 1982,2
'03 Feb 1983,2
'23 May 1993,2
'15 Jul 1982,2
'22 Jun 1980,2
'05 Dec 1992,2
'23 Nov 1983,2
'18 May 1994,2
'18 Apr 1983,2
'24 Dec 1994,2
'23 Nov 1984,2
'03 Sep 1984,2
'28 Jun 1992,2
'05 Feb 1984,2
'08 Sep 1982,2
'16 Nov 1980,2
'11 Jun 1993,2
'12 Oct 1983,2
'25 Mar 1992,2
'03 Nov 1991,2
'02 Jul 1983,2
'26 Jul 1994,2
'09 Nov 1983,2
'26 Jun 1984,2
'22 Jun 1984,2
'09 Apr 1984,2
'21 Jun 1992,2
'03 Nov 1992,2
'07 Jun 1993,2
'04 Jul 1983,2
'04 Jan 1983,2
'07 Sep 1978,2
'15 Dec 1979,2
'26 Jun 1993,2
'16 Feb 1992,2
'24 Feb 1992,2
'16 Feb 1993,2
'24 Jan 1984,2
'04 Aug 1985,2
'30 Aug 1978,2
'21 Jun 1993,2
'16 Oct 1982,2
'07 Mar 1984,2
'04 Aug 1993,2
'01 May 1982,2
'26 Mar 1992,2
'06 Apr 1992,2
'21 Nov 1993,2
'01 Jun 1979,2
'22 Oct 1992,2
'08 May 1982,2
'03 Mar 1984,2
'01 Oct 1982,2
'20 Apr 1993,2
'02 May 1982,2
'24 Jan 1992,2
'13 Jul 1981,2
'24 Jan 1993,2
'02 May 1983,2
'24 Jul 1981,2
'09 Nov 1992,2
'24 Jul 1983,2
'10 Jun 1993,2
'02 Aug 1985,2
'18 Dec 1982,2
'01 Jan 1980,2
'18 Dec 1984,2
'30 Jul 1980,2
'16 Jul 1982,2
'13 Feb 1978,2
'28 Nov 1991,2
'12 Feb 1980,2
'28 Nov 1992,2
'26 Oct 1983,2
'28 Nov 1993,2
'06 Jun 1993,2
'28 Oct 1984,2
'10 Sep 1983,2
'16 Jul 1983,2
'21 Oct 1991,2
'05 Apr 1993,2
'21 Sep 1983,2
'13 Nov 1991,2
'02 Nov 1982,2
'23 Sep 1979,2
'26 Sep 1984,2
'25 Nov 1993,2
'19 Dec 1982,2
'07 May 1983,2
'15 Mar 1979,2
'23 Sep 1982,2
'08 Apr 1981,2
'28 Oct 1992,2
'13 Apr 1993,2
'28 Sep 1983,2
'20 Nov 1982,2
'28 Sep 1984,2
'24 Mar 1981,2
'20 Sep 1992,2
'30 Mar 1993,2
'13 Oct 1983,2
'30 May 1982,2
'18 Feb 1981,2
'09 Aug 1984,2
'10 Mar 1984,2
'02 Aug 1992,2
'06 Sep 1982,2
'13 Aug 1983,2
'06 Sep 1983,2
'27 Aug 1982,2
'14 Jul 1984,2
'03 Jan 1983,2
'29 Apr 1976,2
'30 Nov 1981,2
'01 Jun 1980,2
'15 May 1980,2
'20 Dec 1991,2
'17 Dec 1981,2
'25 Sep 1983,2
'24 Mar 1993,2
'15 Feb 1984,2
'07 Dec 1991,2
'11 Nov 1982,2
'23 Aug 1982,2
'11 Nov 1983,2
'01 Jan 1993,2
'18 Feb 1992,2
'19 Jul 1983,2
'18 Feb 1994,2
'15 May 1982,2
'29 Aug 1982,2
'23 Aug 1983,2
'13 Jul 1982,2
'17 Feb 1982,2
'18 Jan 1984,2
'04 Jun 1980,2
'16 Jul 1994,2
'08 Aug 1984,2
'16 Jun 1983,2
'11 Aug 1982,2
'21 May 1981,2
'03 Nov 1983,2
'03 Jul 1993,2
'20 Aug 1983,2
'22 Mar 1993,2
'27 Feb 1992,2
'03 Jun 1979,2
'08 Jun 1981,2
'29 Aug 1992,2
'31 Dec 1981,2
'24 Apr 1982,2
'31 Dec 1985,2
'22 May 1981,2
'12 Jul 1993,2
'26 Apr 1983,2
'12 Jun 1982,2
'18 Jul 1982,2
'14 Nov 1983,2
'18 Jul 1983,2
'01 Dec 1980,2
'22 May 1983,2
'05 Jul 1982,2
'13 Jul 1984,2
'12 Nov 1982,2
'08 May 1984,2
'31 Jan 1994,2
'03 Apr 1985,2
'31 Jul 1983,2
'01 Apr 1983,2
'05 Jul 1983,2
'06 Jul 1993,2
'01 Sep 1993,2
'08 Jul 1992,2
'08 Dec 1982,2
'20 Jan 1983,2
'19 May 1981,2
'20 Dec 1992,2
'05 May 1981,2
'11 Nov 1992,2
'09 Jun 1993,2
'24 Apr 1993,2
'12 Jun 1994,2
'29 Jul 1981,2
'02 Jun 1994,2
'16 Mar 1981,2
'31 May 1981,2
'16 Mar 1982,2
'05 Sep 1992,2
'16 Mar 1983,2
'23 Dec 1991,2
'16 Mar 1984,2
'19 May 1992,2
'21 Apr 1993,2
'27 Jun 1983,2
'18 Jul 1993,2
'04 Jun 1983,2
'07 Apr 1981,2
'23 Feb 1984,2
'04 Aug 1992,2
'17 Jan 1993,2
'26 Aug 1992,2
'08 Dec 1992,2
'29 Jun 1982,2
'17 Jul 1983,2
'26 Dec 1983,2
'16 Feb 1982,2
'16 Feb 1983,2
'16 Apr 1980,2
'23 Dec 1992,1
'30 Mar 1978,1
'19 Jan 1982,1
'05 Sep 1983,1
'31 Mar 1993,1
'10 Sep 1980,1
'29 Dec 1980,1
'20 Jun 1978,1
'24 Feb 1960,1
'20 Jun 1980,1
'05 Oct 1976,1
'25 Feb 1993,1
'23 Apr 1993,1
'25 Jan 1975,1
'03 Sep 1982,1
'02 May 1973,1
'19 Dec 1983,1
'10 Sep 1984,1
'01 Jul 1974,1
'07 Dec 1993,1
'30 Jan 1993,1
'07 Feb 1977,1
'16 Aug 1982,1
'07 Feb 1979,1
'25 Apr 1982,1
'13 Jul 1992,1
'28 Jul 1980,1
'13 Jul 1993,1
'23 Aug 1992,1
'13 Jun 1978,1
'28 Oct 1969,1
'16 Mar 1974,1
'29 Apr 1993,1
'13 Jun 1981,1
'29 Jan 1986,1
'13 Jun 1982,1
'23 Oct 1979,1
'08 Sep 1983,1
'23 Sep 1994,1
'20 Jun 1993,1
'30 Apr 1980,1
'25 Jul 1977,1
'24 Feb 1993,1
'25 Jul 1979,1
'30 Jun 1973,1
'20 Mar 1981,1
'19 Oct 1992,1
'07 Feb 1981,1
'13 Aug 1993,1
'07 Feb 1982,1
'24 Sep 1983,1
'07 Feb 1983,1
'08 Nov 1992,1
'10 Sep 1992,1
'25 Feb 1977,1
'01 Jan 1981,1
'12 Feb 1983,1
'05 Apr 1969,1
'12 Jan 1981,1
'05 Apr 1976,1
'28 May 1981,1
'05 Apr 1977,1
'08 Dec 1980,1
'13 Jun 1994,1
'02 Oct 1984,1
'16 May 1972,1
'02 Feb 1979,1
'16 May 1978,1
'19 Apr 1973,1
'25 Jul 1993,1
'19 Aug 1982,1
'25 Jun 1979,1
'29 Jul 1980,1
'20 May 1978,1
'15 Jun 1993,1
'25 Jun 1981,1
'10 Jan 1979,1
'25 Jun 1982,1
'15 May 1964,1
'16 May 1979,1
'29 Nov 1992,1
'13 Mar 1983,1
'19 Jun 1980,1
'16 May 1981,1
'06 Sep 1980,1
'01 Dec 1982,1
'30 Dec 1980,1
'08 Sep 1992,1
'02 Mar 1983,1
'08 Sep 1994,1
'12 Sep 1994,1
'09 Apr 1978,1
'24 Jun 1980,1
'09 Apr 1980,1
'01 Apr 1979,1
'09 Apr 1983,1
'16 Apr 1993,1
'11 Apr 1994,1
'10 May 1981,1
'25 Jun 1993,1
'20 Aug 1981,1
'05 Apr 1982,1
'16 Dec 1992,1
'01 Dec 1983,1
'31 Dec 1992,1
'13 May 1981,1
'16 Jan 1983,1
'20 May 1994,1
'08 Nov 1993,1
'20 Nov 1976,1
'13 Jan 1993,1
'20 Nov 1978,1
'16 Jun 1981,1
'03 Jun 1993,1
'18 Jun 1984,1
'20 Nov 1981,1
'28 Jun 1975,1
'06 Apr 1980,1
'10 Apr 1980,1
'07 Jan 1979,1
'28 Mar 1979,1
'07 Jan 1981,1
'23 Dec 1982,1
'25 May 1966,1
'04 Mar 1981,1
'06 Apr 1981,1
'28 Nov 1982,1
'03 Apr 1993,1
'03 Jan 1980,1
'03 Aug 1983,1
'18 Oct 1982,1
'09 Apr 1993,1
'23 Jul 1981,1
'09 Aug 1969,1
'01 Jan 1970,1
'09 Aug 1979,1
'10 Dec 1967,1
'11 Dec 1981,1
'10 Dec 1981,1
'13 May 1993,1
'04 Mar 1994,1
'20 Oct 1976,1
'12 Jun 1993,1
'20 Oct 1981,1
'10 Feb 1982,1
'20 Oct 1982,1
'01 Nov 1992,1
'11 Dec 1982,1
'08 Jan 1983,1
'13 Nov 1984,1
'12 May 1979,1
'16 Oct 1977,1
'19 Feb 1978,1
'25 May 1994,1
'29 Mar 1982,1
'25 Nov 1980,1
'19 Jan 1981,1
'04 Dec 1992,1
'04 Apr 1982,1
'04 Dec 1993,1
'23 Sep 1992,1
'04 Feb 1983,1
'02 Sep 1982,1
'01 Sep 1982,1
'05 May 1977,1
'01 Aug 1994,1
'24 Aug 1981,1
'01 Mar 1978,1
'15 Nov 1981,1
'20 Oct 1992,1
'24 Dec 1978,1
'20 Oct 1993,1
'19 Jun 1994,1
'25 Nov 1992,1
'15 Oct 1977,1
'20 Sep 1977,1
'02 Mar 1979,1
'25 Oct 1981,1
'30 Dec 1992,1
'20 Sep 1982,1
'08 Mar 1975,1
'02 Jul 1979,1
'15 Sep 1979,1
'20 Sep 1984,1
'19 Nov 1982,1
'13 Nov 1992,1
'08 Mar 1987,1
'07 Jul 1968,1
'07 Apr 1982,1
'13 Oct 1982,1
'15 Sep 1992,1
'11 Feb 1979,1
'16 Apr 1984,1
'16 Sep 1974,1
'03 Apr 1963,1
'16 Sep 1980,1
'30 May 1994,1
'25 Sep 1980,1
'20 Apr 1983,1
'25 Sep 1982,1
'30 Oct 1984,1
'11 Feb 1983,1
'16 Dec 1982,1
'07 Jul 1979,1
'07 Aug 1979,1
'20 Sep 1993,1
'07 Aug 1982,1
'21 Apr 1978,1
'31 Aug 1992,1
'21 Apr 1979,1
'10 Nov 1979,1
'21 Apr 1981,1
'01 Jul 1981,1
'21 Apr 1982,1
'31 Jan 1993,1
'09 Dec 1976,1
'13 Jan 1983,1
'21 Apr 1984,1
'31 Mar 1978,1
'25 Sep 1992,1
'16 Jul 1981,1
'26 Apr 1979,1
'01 Jan 1979,1
'09 Dec 1978,1
'05 Oct 1993,1
'09 Dec 1979,1
'16 Jul 1992,1
'07 Jul 1980,1
'18 Jun 1982,1
'09 Dec 1984,1
'22 Sep 1994,1
'05 Apr 1994,1
'23 Apr 1983,1
'13 Oct 1992,1
'02 Oct 1981,1
'17 Apr 1982,1
'18 Jun 1992,1
'21 Apr 1992,1
'06 Mar 1984,1
'13 Oct 1993,1
'15 Aug 1992,1
'21 Apr 1994,1
'28 Jun 1994,1
'26 Aug 1978,1
'15 Dec 1982,1
'26 Aug 1983,1
'23 Aug 1994,1
'21 Aug 1970,1
'04 Mar 1970,1
'21 Aug 1982,1
'05 Jun 1976,1
'05 Aug 1970,1
'15 Feb 1982,1
'13 Sep 1979,1
'23 Feb 1983,1
'13 Sep 1981,1
'08 Aug 1993,1
'06 Aug 1980,1
'10 Aug 1979,1
'11 Jan 1978,1
'18 Nov 1992,1
'11 Jan 1980,1
'28 Oct 1982,1
'11 Jan 1983,1
'15 Feb 1994,1
'26 Aug 1993,1
'23 Jul 1975,1
'26 Dec 1982,1
'03 Oct 1994,1
'17 Apr 1992,1
'18 Sep 1977,1
'17 Aug 1964,1
'29 Apr 1982,1
'21 Aug 1992,1
'23 Jul 1994,1
'21 Dec 1981,1
'15 Jan 1993,1
'06 Aug 1981,1
'29 Aug 1974,1
'05 Aug 1977,1
'29 Aug 1984,1
'17 Aug 1985,1
'08 Feb 1981,1
'05 Aug 1980,1
'23 Mar 1980,1
'01 Mar 1981,1
'23 Mar 1982,1
'02 Aug 1993,1
'12 Mar 1971,1
'26 Feb 1978,1
'15 Jun 1979,1
'02 Dec 1981,1
'29 Jan 1978,1
'13 Sep 1992,1
'05 Mar 1980,1
'14 Apr 1979,1
'29 Jan 1994,1
'14 Apr 1980,1
'29 Jul 1982,1
'21 Feb 1982,1
'19 Dec 1981,1
'17 Aug 1994,1
'23 May 1994,1
'21 Feb 1985,1
'29 Jun 1978,1
'17 Dec 1975,1
'15 Mar 1976,1
'14 Apr 1982,1
'15 Mar 1981,1
'01 Apr 1980,1
'29 Mar 1977,1
'26 Jan 1983,1
'03 Jul 1980,1
'07 Jul 1993,1
'10 Jan 1984,1
'07 Jul 1994,1
'23 Sep 1974,1
'03 Mar 1993,1
'19 Jan 1983,1
'21 Feb 1992,1
'12 Nov 1974,1
'21 Feb 1994,1
'15 May 1971,1
'11 Jan 1994,1
'29 Nov 1982,1
'21 Jan 1982,1
'08 Jul 1981,1
'21 Jan 1983,1
'05 Mar 1994,1
'11 Jul 1980,1
'29 Oct 1979,1
'26 Jan 1994,1
'05 May 1982,1
'26 Jul 1971,1
'24 Aug 1976,1
'26 Jul 1978,1
'24 Aug 1982,1
'26 Jul 1979,1
'01 May 1976,1
'11 Jul 1981,1
'08 Jun 1982,1
'07 Jun 1979,1
'24 Aug 1993,1
'17 Dec 1991,1
'24 Dec 1983,1
'17 Dec 1993,1
'10 Jun 1979,1
'04 Feb 1994,1
'19 Mar 1983,1
'04 Jan 1970,1
'10 Jun 1980,1
'04 Jan 1978,1
'12 Sep 1980,1
'21 Jan 1993,1
'30 Dec 1982,1
'14 Aug 1980,1
'19 May 1974,1
'14 Aug 1982,1
'24 Jan 1980,1
'26 Jul 1992,1
'30 Jan 1983,1
'07 Jun 1984,1
'02 Sep 1991,1
'26 Jun 1975,1
'04 Aug 1982,1
'26 Jun 1979,1
'30 Jul 1978,1
'26 Jun 1982,1
'24 Jul 1976,1
'09 Jan 1984,1
'19 May 1993,1
'06 Dec 1980,1
'13 Apr 1982,1
'06 Dec 1982,1
'05 Nov 1979,1
'04 Jan 1982,1
'24 Jul 1993,1
'03 Mar 1994,1
'10 Mar 1982,1
'17 Jan 1983,1
'30 Jun 1994,1
'05 Dec 1975,1
'30 Mar 1982,1
'21 Jul 1993,1
'16 Apr 1975,1
'21 Jun 1977,1
'24 Jun 1994,1
'26 Jun 1992,1
'30 May 1980,1
'11 Jun 1981,1
'13 Aug 1977,1
'26 Mar 1976,1
'03 Jun 1980,1
'26 Mar 1981,1
'24 May 1980,1
'26 Mar 1982,1
'30 Nov 1979,1
'26 Mar 1983,1
'08 May 1983,1
'26 Mar 1984,1
'10 May 1978,1
'05 Dec 1978,1
'30 Oct 1981,1
'14 Aug 1993,1
'24 Nov 1980,1
'11 Jun 1983,1
'13 Dec 1976,1
'14 Dec 1982,1
'30 Sep 1975,1
'05 Dec 1979,1
'05 Nov 1993,1
'05 Dec 1982,1
'24 Oct 1978,1
'09 Jan 1993,1
'31 Aug 1978,1
'09 Jan 1994,1
'05 Oct 1977,1
'26 May 1977,1
'08 May 1994,1
'26 May 1979,1
'24 Oct 1993,1
'26 May 1981,1
'13 Feb 1982,1
'03 May 1966,1
'05 Oct 1984,1
'21 Mar 1980,1
'31 Jan 1982,1
'21 Mar 1982,1
'24 Sep 1992,1
'21 Mar 1983,1
'20 Feb 1979,1
'17 Jul 1982,1
'31 Jul 1978,1
'09 Jul 1978,1
'04 Dec 1980,1
'07 Jun 1994,1
'04 Dec 1981,1
'09 Jul 1980,1
'10 Nov 1992,1
'09 Jul 1982,1
'31 Mar 1981,1
'14 Dec 1992,1
'16 Jan 1993,1
'26 May 1994,1
'08 Oct 1981,1
'26 Nov 1978,1
'25 Dec 1978,1
'14 Dec 1993,1
'20 Jan 1993,1
'14 Feb 1979,1
'13 Jul 1976,1
'01 Apr 1994,1
'31 May 1993,1
'21 May 1977,1
'25 Feb 1980,1
'21 May 1979,1
'16 Jun 1972,1
'11 Mar 1975,1
'16 Jun 1982,1
'17 Jul 1993,1
'18 Jun 1983,1
'17 Jun 1965,1
'28 Jul 1983,1
'11 Mar 1976,1
'23 Apr 1970,1
'26 Nov 1992,1
'06 Mar 1979,1
'26 Oct 1977,1
'15 Apr 1994,1
'17 Jun 1982,1
'06 Mar 1981,1
'11 Mar 1979,1
'08 Apr 1994,1
'11 Mar 1982,1
'08 Aug 1980,1
'06 Feb 1979,1
'18 Mar 1984,1
'06 Feb 1983,1
'02 Oct 1982,1
'03 Dec 1980,1
'10 Apr 1977,1
'03 Dec 1981,1
'10 Apr 1981,1
'03 Dec 1982,1
'15 Aug 1993,1
'21 May 1993,1
'28 Jun 1993,1
'21 Nov 1975,1
'28 Mar 1978,1
'26 Oct 1993,1
'18 May 1979,1
'26 Sep 1981,1
'12 Jan 1983,1
'21 Nov 1981,1
'03 Jan 1978,1
'02 Nov 1977,1
'23 Dec 1980,1
'14 Jan 1982,1
'04 Jun 1994,1
'14 Jan 1983,1
'28 Mar 1993,1
'02 Nov 1980,1
'05 Jun 1975,1
'17 Mar 1980,1
'05 Jun 1977,1
'01 Nov 1982,1
'15 Feb 1981,1
'17 Mar 1983,1
'15 Feb 1983,1
'05 Feb 1978,1
'18 Nov 1979,1
'26 Sep 1993,1
'28 Nov 1980,1
'09 Jul 1993,1
'05 Jun 1981,1
'21 Nov 1992,1
'12 Jul 1982,1
'11 Mar 1993,1
'06 Mar 1994,1
'21 Oct 1979,1
'10 Aug 1980,1
'21 Oct 1983,1
'08 Dec 1984,1
'11 May 1980,1
'18 Nov 1993,1
'09 Jun 1973,1
'28 Oct 1981,1
'09 Jun 1976,1
'18 Oct 1980,1
'09 Jun 1979,1
'02 Feb 1976,1
'27 Aug 1981,1
'15 Jan 1979,1
'14 Jan 1993,1
'15 Jan 1984,1
'07 May 1980,1
'23 Jul 1979,1
'17 Mar 1993,1
'23 Jul 1983,1
'17 May 1965,1
'03 Sep 1981,1
'21 Oct 1992,1
'18 Oct 1992,1
'21 Sep 1981,1
'18 Sep 1982,1
'14 Jul 1982,1
'12 Jun 1981,1
'07 May 1982,1
'29 Apr 1983,1
'05 Feb 1981,1
'23 Jul 1993,1
'27 Aug 1992,1
'23 Jun 1976,1
'27 Aug 1993,1
'10 Dec 1977,1
'27 Dec 1977,1
'15 Jul 1978,1
'27 Dec 1981,1
'29 Apr 1994,1
'05 Feb 1982,1
'29 Aug 1981,1
'06 Feb 1993,1
'15 Jul 1981,1
'06 Jan 1977,1
'02 Feb 1980,1
'06 Jan 1980,1
'08 Feb 1980,1
'11 May 1994,1
'02 Feb 1982,1
'11 Nov 1976,1
'01 Jan 1976,1
'05 Feb 1983,1
'29 Dec 1979,1
'21 Sep 1992,1
'29 Dec 1981,1
'27 Dec 1991,1
'05 Jun 1994,1
'27 Dec 1993,1
'05 Mar 1971,1
'27 Feb 1984,1
'12 Mar 1982,1
'06 Jan 1982,1
'10 Dec 1994,1
'14 Jul 1994,1
'29 Feb 1976,1
'17 May 1992,1
'15 Jun 1981,1
'14 Jun 1980,1
'29 Jan 1984,1
'06 Jan 1983,1
'23 Mar 1994,1
'06 Jan 1984,1
'01 Jan 1978,1
'01 Dec 1993,1
'08 Jan 1981,1
'09 Jun 1994,1
'29 Jul 1979,1
'27 Feb 1993,1
'08 Jan 1982,1
'09 Mar 1982,1
'29 Jul 1983,1
'09 Mar 1983,1
'19 Aug 1993,1
'22 Aug 1978,1
'08 Jan 1984,1
'07 May 1993,1
'01 Oct 1981,1
'04 Jul 1974,1
'12 May 1978,1
'07 Nov 1979,1
'29 Jul 1993,1
'17 Nov 1993,1
'12 May 1982,1
'17 Oct 1974,1
'15 Jun 1994,1
'17 Oct 1975,1
'12 May 1983,1
'17 Oct 1977,1
'19 Feb 1982,1
'27 Jan 1993,1
'23 Oct 1976,1
'27 Jan 2007,1
'03 Jul 1979,1
'17 Oct 1979,1
'15 Mar 1983,1
'17 Oct 1982,1
'29 Mar 1983,1
'22 Aug 1992,1
'04 Apr 1975,1
'22 Aug 1993,1
'04 Apr 1979,1
'22 Dec 1947,1
'04 Apr 1980,1
'22 Dec 1965,1
'23 Oct 1992,1
'22 Dec 1979,1
'29 May 1979,1
'11 Nov 1993,1
'29 May 1982,1
'22 Dec 1983,1
'23 Sep 1983,1
'14 Jun 1993,1
'02 Oct 1993,1
'14 Jun 1994,1
'12 Nov 1977,1
'27 Jun 1980,1
'15 May 1966,1
'27 Jun 1982,1
'15 May 1973,1
'14 Mar 1981,1
'29 Nov 1981,1
'14 Mar 1982,1
'23 Sep 1993,1
'11 Oct 1980,1
'24 Apr 1980,1
'11 Oct 1983,1
'06 Oct 1979,1
'07 Nov 1980,1
'05 Mar 1992,1
'22 Dec 1991,1
'10 Jul 1974,1
'04 Jul 1980,1
'29 Oct 1978,1
'01 Feb 1978,1
'05 May 1975,1
'17 Sep 1981,1
'03 Jul 1983,1
'17 Sep 1982,1
'02 Sep 1983,1
'04 Jul 1982,1
'24 Apr 1994,1
'27 Jun 1994,1
'24 Aug 1978,1
'27 Mar 1978,1
'29 Oct 1993,1
'27 Mar 1979,1
'19 Jul 1992,1
'01 Feb 1980,1
'19 Jun 1981,1
'03 May 1992,1
'06 Sep 1975,1
'01 Sep 1992,1
'15 Nov 1982,1
'06 Jan 1993,1
'29 Sep 1992,1
'22 Feb 1992,1
'08 Jun 1983,1
'14 Mar 1993,1
'30 Apr 1984,1
'22 Jan 1978,1
'06 Sep 1978,1
'22 Jan 1981,1
'10 Jul 1993,1
'22 Jan 1983,1
'02 Mar 1976,1
'14 May 1976,1
'19 Jun 1993,1
'14 May 1981,1
'19 Mar 1982,1
'14 May 1982,1
'19 Mar 1984,1
'27 Mar 1994,1
'24 Feb 1977,1
'18 Apr 1980,1
'12 Sep 1977,1
'18 Apr 1981,1
'15 Oct 1980,1
'18 Apr 1982,1
'30 Dec 1976,1
'11 Oct 1992,1
'30 Dec 1981,1
'27 May 1983,1
'15 Oct 1982,1
'11 Oct 1993,1
'12 Sep 1983,1
'22 Jan 1992,1
'02 Mar 1982,1
'11 Sep 1981,1
'24 Jan 1975,1
'22 Jul 1973,1
'24 Jan 1983,1
'22 Jul 1978,1
'30 Jan 1982,1
'22 Jul 1979,1
'30 Jan 1984,1
'22 Jul 1982,1
'01 Jul 1977,1
'06 Jul 1982,1
'04 Aug 1981,1
'03 Nov 1980,1
'08 Mar 1981,1
'03 Nov 1981,1
'30 Jan 1992,1
'07 Nov 1993,1
'30 Jul 1968,1
'05 Jan 1978,1
'15 Sep 1978,1
'05 Jan 1980,1
'12 Sep 1993,1
'05 Jan 1982,1
'24 Jul 1979,1
'18 Aug 1979,1
'24 Jul 1982,1
'18 Aug 1983,1
'15 Sep 1982,1
'14 May 1993,1
'19 Nov 1983,1
'14 Nov 1981,1
'05 May 1994,1
'22 Jun 1979,1
'30 Jun 1977,1
'01 Jul 1993,1
'06 Sep 1993,1
'22 Jun 1982,1
'05 Nov 1983,1
'12 Apr 1981,1
'24 Jun 1974,1
'27 Oct 1971,1
'10 Mar 1980,1
'05 Jan 1984,1
'19 Nov 1993,1
'02 Apr 1979,1
'30 Jun 1993,1
'02 Jun 1973,1
'30 Jun 1996,1
'03 Feb 1980,1
'30 Mar 1981,1
'09 Nov 1978,1
'19 Oct 1983,1
'18 Dec 1965,1
'16 Apr 1972,1
'09 Nov 1982,1
'16 Apr 1979,1
'01 Jul 1994,1
'24 Jun 1993,1
'27 Oct 1991,1
'01 May 1978,1
'07 Sep 1983,1
'30 May 1973,1
'22 Mar 1981,1
'03 Jul 1994,1
'22 Mar 1982,1
'01 Jul 1980,1
'22 Mar 1983,1
'13 Aug 1978,1
'14 Nov 1993,1
'08 May 1976,1
'14 Oct 1981,1
'03 Jun 1981,1
'14 Oct 1982,1
'24 May 1977,1
'04 Jun 1979,1
'24 May 1982,1
'06 Jun 1979,1
'30 Nov 1957,1
'06 Jun 1981,1
'16 Aug 1977,1
'12 Apr 1993,1
'19 Sep 1993,1
'18 Dec 1993,1
'20 Apr 1982,1
'27 Sep 1992,1
'10 Mar 1994,1
'27 Sep 1993,1
'10 May 1980,1
'28 Apr 1968,1
'30 Oct 1969,1
'22 Mar 1992,1
'30 Oct 1982,1
'18 Feb 1977,1
'03 Apr 1982,1
'18 Feb 1980,1
'24 Nov 1982,1
'22 May 1982,1
'04 Sep 1978,1
'12 Aug 1979,1
'16 Dec 1981,1
'18 Feb 1983,1
'30 Oct 1993,1
'18 Feb 1984,1
'30 Sep 1981,1
'06 Jun 1982,1
'13 Dec 1980,1
'01 Feb 1993,1
'07 Apr 1993,1
'02 Feb 1969,1
'24 Nov 1993,1
'14 Oct 1991,1
'24 Oct 1982,1
'28 Aug 1980,1
'30 Sep 1992,1
'28 Aug 1982,1
'31 Aug 1982,1
'09 Nov 1991,1
'07 Aug 1984,1
'14 Sep 1981,1
'02 Aug 1979,1
'02 Oct 1974,1
'20 Dec 1979,1
'22 May 1993,1
'08 Nov 1980,1
'14 Sep 1983,1
'24 Oct 1992,1
'18 Feb 1993,1
'31 Dec 1982,1
'09 Oct 1977,1
'05 Oct 1982,1
'18 Jan 1982,1
'13 Feb 1983,1
'09 Oct 1982,1
'02 Jan 1980,1
'02 Oct 1976,1
'02 Jan 1982,1
'28 Aug 1993,1
'31 Jan 1975,1
'08 Apr 1979,1
'31 Jan 1984,1
'08 Apr 1980,1
'31 Jan 1986,1
'12 Dec 1973,1
'25 Apr 1981,1
'12 Dec 1981,1
'07 Aug 1993,1
'14 Sep 1991,1
'07 Dec 1982,1
'22 Nov 1992,1
'16 Jan 1978,1
'22 Oct 1978,1
'31 Jul 1981,1
'22 Oct 1981,1
'04 Dec 1977,1
'22 Oct 1983,1
'13 Feb 1993,1
'14 Sep 1993,1
'25 Apr 1992,1
'28 Dec 1993,1
'25 Aug 1976,1
'28 Feb 1979,1
'25 Aug 1983,1
'28 Feb 1980,1
'31 Mar 1975,1
'18 Jan 1992,1
'31 Mar 1980,1
'18 Jul 1981,1
'31 Mar 1983,1
'05 Jul 1976,1
'20 Jan 1984,1
'08 Apr 1982,1
'16 Jul 1980,1
'02 Oct 1977,1
'08 Oct 1974,1
'08 Apr 1984,1
'25 Aug 1992,1
'03 Oct 1979,1
'31 May 1967,1
'03 Oct 1981,1
'08 Oct 1982,1
'22 Sep 1978,1
'08 Oct 1984,1
'22 Sep 1980,1
'20 Jul 1979,1
'28 Jan 1980,1
'13 Jan 1994,1
'28 Jan 1982,1
'01 Feb 1983,1
'22 Sep 1981,1
'25 Dec 1993,1
'03 Oct 1983,1
'31 Oct 1981,1
'09 Sep 1981,1
'25 Feb 1979,1
'02 Oct 1979,1
'25 Feb 1981,1
'09 Sep 1983,1
'05 Sep 1955,1
'12 Feb 1976,1
'16 Jun 1979,1
'02 Oct 1980,1
'31 Oct 1992,1
'18 Jun 1980,1
'18 Jun 1981,1
(blank),
Grand Total,40908
